id,label,name,name_en,kind,kind_zh,description,source,source_url,count,weight,trapped_people,rescue_minutes,color,size
action:adjust_door,action:adjust_door,调整厅轿门/门机,,action,处置动作,,领域种子图,,,,,,#16a34a,9
action:clean_sill,action:clean_sill,清理地坎/门导轨,,action,处置动作,,领域种子图,,,,,,#16a34a,9
action:drain_and_dry,action:drain_and_dry,排水干燥,,action,处置动作,,领域种子图,,,,,,#16a34a,9
action:inspect_brake,action:inspect_brake,检查制动器/抱闸,,action,处置动作,,领域种子图,,,,,,#16a34a,9
action:inspect_door_lock,action:inspect_door_lock,检查门锁触点/门锁回路,,action,处置动作,,领域种子图,,,,,,#16a34a,9
action:inspect_leveling,action:inspect_leveling,检查平层/位置检测,,action,处置动作,,领域种子图,,,,,,#16a34a,9
action:inspect_safety_circuit,action:inspect_safety_circuit,检查安全回路,,action,处置动作,,领域种子图,,,,,,#16a34a,9
action:periodic_maintenance,action:periodic_maintenance,周期性维护保养,,action,处置动作,,领域种子图,,,,,,#16a34a,9
action:replace_button_switch,action:replace_button_switch,更换按钮/开关,,action,处置动作,,领域种子图,,,,,,#16a34a,9
action:replace_light_curtain,action:replace_light_curtain,更换或调整光幕,,action,处置动作,,领域种子图,,,,,,#16a34a,9
action:rescue_release_passenger,action:rescue_release_passenger,救援开门放人,,action,处置动作,,领域种子图,,,,,,#16a34a,9
action:reset_controller,action:reset_controller,复位/重启控制系统,,action,处置动作,,领域种子图,,,,,,#16a34a,9
action:restore_power,action:restore_power,恢复供电/检查电压相序,,action,处置动作,,领域种子图,,,,,,#16a34a,9
action:user_education,action:user_education,使用行为提示,,action,处置动作,,领域种子图,,,,,,#16a34a,9
asset:elevator,asset:elevator,电梯,,asset,资产,面向异常可解释性追溯的电梯整机知识图谱根节点。,领域种子图,,,,,,#334155,14
category:brake_traction,category:brake_traction,制动/曳引异常,,fault_category,故障类别,,领域种子图,,,,,,#dc2626,11
category:control_system_fault,category:control_system_fault,控制系统故障/死机,,fault_category,故障类别,,领域种子图,,,,,,#dc2626,11
category:door_system_fault,category:door_system_fault,门系统故障,,fault_category,故障类别,,领域种子图,,,,,,#dc2626,11
category:false_duplicate_normal,category:false_duplicate_normal,误报/重复/到场正常,,fault_category,故障类别,,领域种子图,,,,,,#dc2626,11
category:human_obstruction,category:human_obstruction,人为阻挡/垃圾卡阻,,fault_category,故障类别,,领域种子图,,,,,,#dc2626,11
category:leveling_position,category:leveling_position,平层/位置检测异常,,fault_category,故障类别,,领域种子图,,,,,,#dc2626,11
category:maintenance_operation,category:maintenance_operation,维保/检修操作,,fault_category,故障类别,,领域种子图,,,,,,#dc2626,11
category:power_supply,category:power_supply,外部供电异常,,fault_category,故障类别,,领域种子图,,,,,,#dc2626,11
category:safety_chain_open,category:safety_chain_open,安全保护回路断开,,fault_category,故障类别,,领域种子图,,,,,,#dc2626,11
category:unknown,category:unknown,未归类故障,,fault_category,故障类别,,领域种子图,,,,,,#dc2626,11
category:water_environment,category:water_environment,进水/环境影响,,fault_category,故障类别,,领域种子图,,,,,,#dc2626,11
component:brake,component:brake,制动器/抱闸,,component,部件,,领域种子图,,,,,,#0891b2,9
component:buffer,component:buffer,缓冲器,,component,部件,,领域种子图,,,,,,#0891b2,9
component:call_button,component:call_button,外呼/内选按钮,,component,部件,,领域种子图,,,,,,#0891b2,9
component:car,component:car,轿厢,,component,部件,,领域种子图,,,,,,#0891b2,9
component:car_door,component:car_door,轿门,,component,部件,,领域种子图,,,,,,#0891b2,9
component:car_door_lock,component:car_door_lock,轿门锁,,component,部件,,领域种子图,,,,,,#0891b2,9
component:car_operating_panel,component:car_operating_panel,轿内操纵箱,,component,部件,,领域种子图,,,,,,#0891b2,9
component:contactor,component:contactor,接触器,,component,部件,,领域种子图,,,,,,#0891b2,9
component:controller,component:controller,控制柜/主板,,component,部件,,领域种子图,,,,,,#0891b2,9
component:counterweight,component:counterweight,对重,,component,部件,,领域种子图,,,,,,#0891b2,9
component:door_lock_circuit,component:door_lock_circuit,门锁回路,,component,部件,,领域种子图,,,,,,#0891b2,9
component:door_machine,component:door_machine,门机,,component,部件,,领域种子图,,,,,,#0891b2,9
component:door_sill,component:door_sill,地坎/门导轨,,component,部件,,领域种子图,,,,,,#0891b2,9
component:door_slider,component:door_slider,门滑块,,component,部件,,领域种子图,,,,,,#0891b2,9
component:emergency_stop,component:emergency_stop,急停开关,,component,部件,,领域种子图,,,,,,#0891b2,9
component:encoder,component:encoder,编码器,,component,部件,,领域种子图,,,,,,#0891b2,9
component:governor,component:governor,限速器,,component,部件,,领域种子图,,,,,,#0891b2,9
component:guide_rail,component:guide_rail,导轨,,component,部件,,领域种子图,,,,,,#0891b2,9
component:inverter,component:inverter,变频器,,component,部件,,领域种子图,,,,,,#0891b2,9
component:landing_door,component:landing_door,厅门,,component,部件,,领域种子图,,,,,,#0891b2,9
component:landing_door_lock,component:landing_door_lock,厅门锁/门锁触点,,component,部件,,领域种子图,,,,,,#0891b2,9
component:leveling_sensor,component:leveling_sensor,平层传感器,,component,部件,,领域种子图,,,,,,#0891b2,9
component:light_curtain,component:light_curtain,光幕/防夹装置,,component,部件,,领域种子图,,,,,,#0891b2,9
component:limit_switch,component:limit_switch,限位/减速开关,,component,部件,,领域种子图,,,,,,#0891b2,9
component:pit_water,component:pit_water,底坑积水/进水,,component,部件,,领域种子图,,,,,,#0891b2,9
component:power_supply,component:power_supply,供电电源,,component,部件,,领域种子图,,,,,,#0891b2,9
component:safety_circuit,component:safety_circuit,安全回路,,component,部件,,领域种子图,,,,,,#0891b2,9
component:safety_gear,component:safety_gear,安全钳,,component,部件,,领域种子图,,,,,,#0891b2,9
component:sheave,component:sheave,曳引轮,,component,部件,,领域种子图,,,,,,#0891b2,9
component:traction_machine,component:traction_machine,曳引机,,component,部件,,领域种子图,,,,,,#0891b2,9
component:traction_rope,component:traction_rope,曳引钢丝绳,,component,部件,,领域种子图,,,,,,#0891b2,9
dataset:fau_rep,dataset:fau_rep,电梯故障报修数据 fau_rep,,dataset,数据集,本地故障报修数据和故障原因计数表。,local:fau_rep.xls,,,,,,#475569,9
dataset:rescue_orders_2025,dataset:rescue_orders_2025,2025年200台电梯困人工单数据,,dataset,数据集,本地困人工单数据，导出时仅使用非个人隐私字段。,local:2025年200台电梯困人工单数据.xlsx,,,,,,#475569,9
elevator:30103201142006019943,elevator:30103201142006019943,电梯 30103201142006019943,,elevator,电梯,,local:xlsx,,,,,,#0f766e,8
elevator:30103202012002010400,elevator:30103202012002010400,电梯 30103202012002010400,,elevator,电梯,,local:xlsx,,,,,,#0f766e,8
elevator:30103202012002120008,elevator:30103202012002120008,电梯 30103202012002120008,,elevator,电梯,,local:xlsx,,,,,,#0f766e,8
elevator:30103202012006100014,elevator:30103202012006100014,电梯 30103202012006100014,,elevator,电梯,,local:xlsx,,,,,,#0f766e,8
elevator:30103202022005060019,elevator:30103202022005060019,电梯 30103202022005060019,,elevator,电梯,,local:xlsx,,,,,,#0f766e,8
elevator:30103202042005100059,elevator:30103202042005100059,电梯 30103202042005100059,,elevator,电梯,,local:xlsx,,,,,,#0f766e,8
elevator:30103202052001111024,elevator:30103202052001111024,电梯 30103202052001111024,,elevator,电梯,,local:xlsx,,,,,,#0f766e,8
elevator:30103205032005040034,elevator:30103205032005040034,电梯 30103205032005040034,,elevator,电梯,,local:xlsx,,,,,,#0f766e,8
elevator:30103205032006010005,elevator:30103205032006010005,电梯 30103205032006010005,,elevator,电梯,,local:xlsx,,,,,,#0f766e,8
elevator:30103205042013010035,elevator:30103205042013010035,电梯 30103205042013010035,,elevator,电梯,,local:xlsx,,,,,,#0f766e,8
elevator:30103205062007060040,elevator:30103205062007060040,电梯 30103205062007060040,,elevator,电梯,,local:xlsx,,,,,,#0f766e,8
elevator:30103205062007090029,elevator:30103205062007090029,电梯 30103205062007090029,,elevator,电梯,,local:xlsx,,,,,,#0f766e,8
elevator:30103205062007114002,elevator:30103205062007114002,电梯 30103205062007114002,,elevator,电梯,,local:xlsx,,,,,,#0f766e,8
elevator:30103205062010030002,elevator:30103205062010030002,电梯 30103205062010030002,,elevator,电梯,,local:xlsx,,,,,,#0f766e,8
elevator:30103205062010060014,elevator:30103205062010060014,电梯 30103205062010060014,,elevator,电梯,,local:xlsx,,,,,,#0f766e,8
elevator:30103205062012070047,elevator:30103205062012070047,电梯 30103205062012070047,,elevator,电梯,,local:xlsx,,,,,,#0f766e,8
elevator:30103205062013120070,elevator:30103205062013120070,电梯 30103205062013120070,,elevator,电梯,,local:xlsx,,,,,,#0f766e,8
elevator:30103205072016040006,elevator:30103205072016040006,电梯 30103205072016040006,,elevator,电梯,,local:xlsx,,,,,,#0f766e,8
elevator:30103205072016070054,elevator:30103205072016070054,电梯 30103205072016070054,,elevator,电梯,,local:xlsx,,,,,,#0f766e,8
elevator:30103205812008012787,elevator:30103205812008012787,电梯 30103205812008012787,,elevator,电梯,,local:xlsx,,,,,,#0f766e,8
elevator:30103205812009013401,elevator:30103205812009013401,电梯 30103205812009013401,,elevator,电梯,,local:xlsx,,,,,,#0f766e,8
elevator:30103205812009063576,elevator:30103205812009063576,电梯 30103205812009063576,,elevator,电梯,,local:xlsx,,,,,,#0f766e,8
elevator:30103205812009093783,elevator:30103205812009093783,电梯 30103205812009093783,,elevator,电梯,,local:xlsx,,,,,,#0f766e,8
elevator:30103205812011085380,elevator:30103205812011085380,电梯 30103205812011085380,,elevator,电梯,,local:xlsx,,,,,,#0f766e,8
elevator:30103205822014090091,elevator:30103205822014090091,电梯 30103205822014090091,,elevator,电梯,,local:xlsx,,,,,,#0f766e,8
elevator:30103205822015080146,elevator:30103205822015080146,电梯 30103205822015080146,,elevator,电梯,,local:xlsx,,,,,,#0f766e,8
elevator:30103205822015100027,elevator:30103205822015100027,电梯 30103205822015100027,,elevator,电梯,,local:xlsx,,,,,,#0f766e,8
elevator:30103205822018080015,elevator:30103205822018080015,电梯 30103205822018080015,,elevator,电梯,,local:xlsx,,,,,,#0f766e,8
elevator:30103205912010080010,elevator:30103205912010080010,电梯 30103205912010080010,,elevator,电梯,,local:xlsx,,,,,,#0f766e,8
elevator:30103205912018100047,elevator:30103205912018100047,电梯 30103205912018100047,,elevator,电梯,,local:xlsx,,,,,,#0f766e,8
elevator:30103205942010040104,elevator:30103205942010040104,电梯 30103205942010040104,,elevator,电梯,,local:xlsx,,,,,,#0f766e,8
elevator:30103205942011060030,elevator:30103205942011060030,电梯 30103205942011060030,,elevator,电梯,,local:xlsx,,,,,,#0f766e,8
elevator:30103205942011110051,elevator:30103205942011110051,电梯 30103205942011110051,,elevator,电梯,,local:xlsx,,,,,,#0f766e,8
elevator:30103205942011120022,elevator:30103205942011120022,电梯 30103205942011120022,,elevator,电梯,,local:xlsx,,,,,,#0f766e,8
elevator:30103205942018030022,elevator:30103205942018030022,电梯 30103205942018030022,,elevator,电梯,,local:xlsx,,,,,,#0f766e,8
elevator:30103206002009050040,elevator:30103206002009050040,电梯 30103206002009050040,,elevator,电梯,,local:xlsx,,,,,,#0f766e,8
elevator:30103206002010040229,elevator:30103206002010040229,电梯 30103206002010040229,,elevator,电梯,,local:xlsx,,,,,,#0f766e,8
elevator:30103206012014061459,elevator:30103206012014061459,电梯 30103206012014061459,,elevator,电梯,,local:xlsx,,,,,,#0f766e,8
elevator:30103206022015093033,elevator:30103206022015093033,电梯 30103206022015093033,,elevator,电梯,,local:xlsx,,,,,,#0f766e,8
elevator:30103210002006031367,elevator:30103210002006031367,电梯 30103210002006031367,,elevator,电梯,,local:xlsx,,,,,,#0f766e,8
elevator:30123202822004120001,elevator:30123202822004120001,电梯 30123202822004120001,,elevator,电梯,,local:xlsx,,,,,,#0f766e,8
elevator:30123210002003110040,elevator:30123210002003110040,电梯 30123210002003110040,,elevator,电梯,,local:xlsx,,,,,,#0f766e,8
elevator:30133205042008120007,elevator:30133205042008120007,电梯 30133205042008120007,,elevator,电梯,,local:xlsx,,,,,,#0f766e,8
elevator:30133205062014070002,elevator:30133205062014070002,电梯 30133205062014070002,,elevator,电梯,,local:xlsx,,,,,,#0f766e,8
elevator:30133205072007114015,elevator:30133205072007114015,电梯 30133205072007114015,,elevator,电梯,,local:xlsx,,,,,,#0f766e,8
elevator:30133205072012080020,elevator:30133205072012080020,电梯 30133205072012080020,,elevator,电梯,,local:xlsx,,,,,,#0f766e,8
elevator:30133205082015060001,elevator:30133205082015060001,电梯 30133205082015060001,,elevator,电梯,,local:xlsx,,,,,,#0f766e,8
elevator:30133205812004111017,elevator:30133205812004111017,电梯 30133205812004111017,,elevator,电梯,,local:xlsx,,,,,,#0f766e,8
elevator:30133205812005071309,elevator:30133205812005071309,电梯 30133205812005071309,,elevator,电梯,,local:xlsx,,,,,,#0f766e,8
elevator:30133205812006071773,elevator:30133205812006071773,电梯 30133205812006071773,,elevator,电梯,,local:xlsx,,,,,,#0f766e,8
elevator:30133205812008052938,elevator:30133205812008052938,电梯 30133205812008052938,,elevator,电梯,,local:xlsx,,,,,,#0f766e,8
elevator:30133205812009063609,elevator:30133205812009063609,电梯 30133205812009063609,,elevator,电梯,,local:xlsx,,,,,,#0f766e,8
elevator:30133205812011024862,elevator:30133205812011024862,电梯 30133205812011024862,,elevator,电梯,,local:xlsx,,,,,,#0f766e,8
elevator:30133205822013040003,elevator:30133205822013040003,电梯 30133205822013040003,,elevator,电梯,,local:xlsx,,,,,,#0f766e,8
elevator:30133205822015070005,elevator:30133205822015070005,电梯 30133205822015070005,,elevator,电梯,,local:xlsx,,,,,,#0f766e,8
elevator:30133205822015070009,elevator:30133205822015070009,电梯 30133205822015070009,,elevator,电梯,,local:xlsx,,,,,,#0f766e,8
elevator:30133205912006080006,elevator:30133205912006080006,电梯 30133205912006080006,,elevator,电梯,,local:xlsx,,,,,,#0f766e,8
elevator:30133205912017100005,elevator:30133205912017100005,电梯 30133205912017100005,,elevator,电梯,,local:xlsx,,,,,,#0f766e,8
elevator:30133206002007040006,elevator:30133206002007040006,电梯 30133206002007040006,,elevator,电梯,,local:xlsx,,,,,,#0f766e,8
elevator:30133211912011100020,elevator:30133211912011100020,电梯 30133211912011100020,,elevator,电梯,,local:xlsx,,,,,,#0f766e,8
elevator:30303202812004091262,elevator:30303202812004091262,电梯 30303202812004091262,,elevator,电梯,,local:xlsx,,,,,,#0f766e,8
elevator:30303202812005111701,elevator:30303202812005111701,电梯 30303202812005111701,,elevator,电梯,,local:xlsx,,,,,,#0f766e,8
elevator:31003201002009030062,elevator:31003201002009030062,电梯 31003201002009030062,,elevator,电梯,,local:xlsx,,,,,,#0f766e,8
elevator:31003201112016090028,elevator:31003201112016090028,电梯 31003201112016090028,,elevator,电梯,,local:xlsx,,,,,,#0f766e,8
elevator:31003201152016080124,elevator:31003201152016080124,电梯 31003201152016080124,,elevator,电梯,,local:xlsx,,,,,,#0f766e,8
elevator:311010082201821757,elevator:311010082201821757,电梯 311010082201821757,,elevator,电梯,,local:xlsx,,,,,,#0f766e,8
elevator:31103201032013120012,elevator:31103201032013120012,电梯 31103201032013120012,,elevator,电梯,,local:xlsx,,,,,,#0f766e,8
elevator:31103201042017100044,elevator:31103201042017100044,电梯 31103201042017100044,,elevator,电梯,,local:xlsx,,,,,,#0f766e,8
elevator:31103201052012110008,elevator:31103201052012110008,电梯 31103201052012110008,,elevator,电梯,,local:xlsx,,,,,,#0f766e,8
elevator:31103201062012070011,elevator:31103201062012070011,电梯 31103201062012070011,,elevator,电梯,,local:xlsx,,,,,,#0f766e,8
elevator:31103201062014090007,elevator:31103201062014090007,电梯 31103201062014090007,,elevator,电梯,,local:xlsx,,,,,,#0f766e,8
elevator:3110320107200709E722,elevator:3110320107200709E722,电梯 3110320107200709E722,,elevator,电梯,,local:xlsx,,,,,,#0f766e,8
elevator:3110320111200812J355,elevator:3110320111200812J355,电梯 3110320111200812J355,,elevator,电梯,,local:xlsx,,,,,,#0f766e,8
elevator:31103201132013100032,elevator:31103201132013100032,电梯 31103201132013100032,,elevator,电梯,,local:xlsx,,,,,,#0f766e,8
elevator:31103201152009050004,elevator:31103201152009050004,电梯 31103201152009050004,,elevator,电梯,,local:xlsx,,,,,,#0f766e,8
elevator:31103201152013010005,elevator:31103201152013010005,电梯 31103201152013010005,,elevator,电梯,,local:xlsx,,,,,,#0f766e,8
elevator:31103201152013010032,elevator:31103201152013010032,电梯 31103201152013010032,,elevator,电梯,,local:xlsx,,,,,,#0f766e,8
elevator:31103201152013010035,elevator:31103201152013010035,电梯 31103201152013010035,,elevator,电梯,,local:xlsx,,,,,,#0f766e,8
elevator:31103201152014050035,elevator:31103201152014050035,电梯 31103201152014050035,,elevator,电梯,,local:xlsx,,,,,,#0f766e,8
elevator:31103201152015080058,elevator:31103201152015080058,电梯 31103201152015080058,,elevator,电梯,,local:xlsx,,,,,,#0f766e,8
elevator:3110320116200802G324,elevator:3110320116200802G324,电梯 3110320116200802G324,,elevator,电梯,,local:xlsx,,,,,,#0f766e,8
elevator:31103201162011120038,elevator:31103201162011120038,电梯 31103201162011120038,,elevator,电梯,,local:xlsx,,,,,,#0f766e,8
elevator:311032011720181443,elevator:311032011720181443,电梯 311032011720181443,,elevator,电梯,,local:xlsx,,,,,,#0f766e,8
elevator:31103202022012120020,elevator:31103202022012120020,电梯 31103202022012120020,,elevator,电梯,,local:xlsx,,,,,,#0f766e,8
elevator:31103202022014060010,elevator:31103202022014060010,电梯 31103202022014060010,,elevator,电梯,,local:xlsx,,,,,,#0f766e,8
elevator:31103202032009030189,elevator:31103202032009030189,电梯 31103202032009030189,,elevator,电梯,,local:xlsx,,,,,,#0f766e,8
elevator:31103202042009040332,elevator:31103202042009040332,电梯 31103202042009040332,,elevator,电梯,,local:xlsx,,,,,,#0f766e,8
elevator:31103202042009040333,elevator:31103202042009040333,电梯 31103202042009040333,,elevator,电梯,,local:xlsx,,,,,,#0f766e,8
elevator:31103202042010010049,elevator:31103202042010010049,电梯 31103202042010010049,,elevator,电梯,,local:xlsx,,,,,,#0f766e,8
elevator:31103202042015020001,elevator:31103202042015020001,电梯 31103202042015020001,,elevator,电梯,,local:xlsx,,,,,,#0f766e,8
elevator:31103202042016010017,elevator:31103202042016010017,电梯 31103202042016010017,,elevator,电梯,,local:xlsx,,,,,,#0f766e,8
elevator:31103202052012040002,elevator:31103202052012040002,电梯 31103202052012040002,,elevator,电梯,,local:xlsx,,,,,,#0f766e,8
elevator:31103202052017120002,elevator:31103202052017120002,电梯 31103202052017120002,,elevator,电梯,,local:xlsx,,,,,,#0f766e,8
elevator:31103202052020040009,elevator:31103202052020040009,电梯 31103202052020040009,,elevator,电梯,,local:xlsx,,,,,,#0f766e,8
elevator:31103202062018030034,elevator:31103202062018030034,电梯 31103202062018030034,,elevator,电梯,,local:xlsx,,,,,,#0f766e,8
elevator:31103202062018110021,elevator:31103202062018110021,电梯 31103202062018110021,,elevator,电梯,,local:xlsx,,,,,,#0f766e,8
elevator:31103202062019030002,elevator:31103202062019030002,电梯 31103202062019030002,,elevator,电梯,,local:xlsx,,,,,,#0f766e,8
elevator:31103202112008120106,elevator:31103202112008120106,电梯 31103202112008120106,,elevator,电梯,,local:xlsx,,,,,,#0f766e,8
elevator:31103202112009080010,elevator:31103202112009080010,电梯 31103202112009080010,,elevator,电梯,,local:xlsx,,,,,,#0f766e,8
elevator:31103202112010050123,elevator:31103202112010050123,电梯 31103202112010050123,,elevator,电梯,,local:xlsx,,,,,,#0f766e,8
elevator:31103202112013030023,elevator:31103202112013030023,电梯 31103202112013030023,,elevator,电梯,,local:xlsx,,,,,,#0f766e,8
elevator:31103202132017020059,elevator:31103202132017020059,电梯 31103202132017020059,,elevator,电梯,,local:xlsx,,,,,,#0f766e,8
elevator:31103202132017110005,elevator:31103202132017110005,电梯 31103202132017110005,,elevator,电梯,,local:xlsx,,,,,,#0f766e,8
elevator:31103202132021020052,elevator:31103202132021020052,电梯 31103202132021020052,,elevator,电梯,,local:xlsx,,,,,,#0f766e,8
elevator:31103202812014030111,elevator:31103202812014030111,电梯 31103202812014030111,,elevator,电梯,,local:xlsx,,,,,,#0f766e,8
elevator:31103202922012110098,elevator:31103202922012110098,电梯 31103202922012110098,,elevator,电梯,,local:xlsx,,,,,,#0f766e,8
elevator:31103202922012120030,elevator:31103202922012120030,电梯 31103202922012120030,,elevator,电梯,,local:xlsx,,,,,,#0f766e,8
elevator:31103202922013060017,elevator:31103202922013060017,电梯 31103202922013060017,,elevator,电梯,,local:xlsx,,,,,,#0f766e,8
elevator:31103202922013070002,elevator:31103202922013070002,电梯 31103202922013070002,,elevator,电梯,,local:xlsx,,,,,,#0f766e,8
elevator:31103202922013070175,elevator:31103202922013070175,电梯 31103202922013070175,,elevator,电梯,,local:xlsx,,,,,,#0f766e,8
elevator:31103202922014010043,elevator:31103202922014010043,电梯 31103202922014010043,,elevator,电梯,,local:xlsx,,,,,,#0f766e,8
elevator:31103202922014010067,elevator:31103202922014010067,电梯 31103202922014010067,,elevator,电梯,,local:xlsx,,,,,,#0f766e,8
elevator:31103202922014010072,elevator:31103202922014010072,电梯 31103202922014010072,,elevator,电梯,,local:xlsx,,,,,,#0f766e,8
elevator:31103202922014080056,elevator:31103202922014080056,电梯 31103202922014080056,,elevator,电梯,,local:xlsx,,,,,,#0f766e,8
elevator:31103202922015070038,elevator:31103202922015070038,电梯 31103202922015070038,,elevator,电梯,,local:xlsx,,,,,,#0f766e,8
elevator:31103203002020122110,elevator:31103203002020122110,电梯 31103203002020122110,,elevator,电梯,,local:xlsx,,,,,,#0f766e,8
elevator:31103203022012010011,elevator:31103203022012010011,电梯 31103203022012010011,,elevator,电梯,,local:xlsx,,,,,,#0f766e,8
elevator:31103203022016010360,elevator:31103203022016010360,电梯 31103203022016010360,,elevator,电梯,,local:xlsx,,,,,,#0f766e,8
elevator:31103203032011121160,elevator:31103203032011121160,电梯 31103203032011121160,,elevator,电梯,,local:xlsx,,,,,,#0f766e,8
elevator:31103203032014060873,elevator:31103203032014060873,电梯 31103203032014060873,,elevator,电梯,,local:xlsx,,,,,,#0f766e,8
elevator:31103203032017100100,elevator:31103203032017100100,电梯 31103203032017100100,,elevator,电梯,,local:xlsx,,,,,,#0f766e,8
elevator:31103203062015111594,elevator:31103203062015111594,电梯 31103203062015111594,,elevator,电梯,,local:xlsx,,,,,,#0f766e,8
elevator:31103203062019030028,elevator:31103203062019030028,电梯 31103203062019030028,,elevator,电梯,,local:xlsx,,,,,,#0f766e,8
elevator:31103203062019070002,elevator:31103203062019070002,电梯 31103203062019070002,,elevator,电梯,,local:xlsx,,,,,,#0f766e,8
elevator:31103203112006022018,elevator:31103203112006022018,电梯 31103203112006022018,,elevator,电梯,,local:xlsx,,,,,,#0f766e,8
elevator:31103203112007120537,elevator:31103203112007120537,电梯 31103203112007120537,,elevator,电梯,,local:xlsx,,,,,,#0f766e,8
elevator:31103203112010090719,elevator:31103203112010090719,电梯 31103203112010090719,,elevator,电梯,,local:xlsx,,,,,,#0f766e,8
elevator:31103203112011010020,elevator:31103203112011010020,电梯 31103203112011010020,,elevator,电梯,,local:xlsx,,,,,,#0f766e,8
elevator:31103203112014111525,elevator:31103203112014111525,电梯 31103203112014111525,,elevator,电梯,,local:xlsx,,,,,,#0f766e,8
elevator:31103203112014111536,elevator:31103203112014111536,电梯 31103203112014111536,,elevator,电梯,,local:xlsx,,,,,,#0f766e,8
elevator:31103203112015040408,elevator:31103203112015040408,电梯 31103203112015040408,,elevator,电梯,,local:xlsx,,,,,,#0f766e,8
elevator:31103203112016081467,elevator:31103203112016081467,电梯 31103203112016081467,,elevator,电梯,,local:xlsx,,,,,,#0f766e,8
elevator:31103203212019020004,elevator:31103203212019020004,电梯 31103203212019020004,,elevator,电梯,,local:xlsx,,,,,,#0f766e,8
elevator:31103203222018010119,elevator:31103203222018010119,电梯 31103203222018010119,,elevator,电梯,,local:xlsx,,,,,,#0f766e,8
elevator:31103203232017060011,elevator:31103203232017060011,电梯 31103203232017060011,,elevator,电梯,,local:xlsx,,,,,,#0f766e,8
elevator:31103203242017060044,elevator:31103203242017060044,电梯 31103203242017060044,,elevator,电梯,,local:xlsx,,,,,,#0f766e,8
elevator:311032038120200400008,elevator:311032038120200400008,电梯 311032038120200400008,,elevator,电梯,,local:xlsx,,,,,,#0f766e,8
elevator:31103203822015073200,elevator:31103203822015073200,电梯 31103203822015073200,,elevator,电梯,,local:xlsx,,,,,,#0f766e,8
elevator:31103205082023102026,elevator:31103205082023102026,电梯 31103205082023102026,,elevator,电梯,,local:xlsx,,,,,,#0f766e,8
elevator:31103205812012120119,elevator:31103205812012120119,电梯 31103205812012120119,,elevator,电梯,,local:xlsx,,,,,,#0f766e,8
elevator:31103205812015110105,elevator:31103205812015110105,电梯 31103205812015110105,,elevator,电梯,,local:xlsx,,,,,,#0f766e,8
elevator:31103205812016120053,elevator:31103205812016120053,电梯 31103205812016120053,,elevator,电梯,,local:xlsx,,,,,,#0f766e,8
elevator:31103205812019100002,elevator:31103205812019100002,电梯 31103205812019100002,,elevator,电梯,,local:xlsx,,,,,,#0f766e,8
elevator:31103205822010053309,elevator:31103205822010053309,电梯 31103205822010053309,,elevator,电梯,,local:xlsx,,,,,,#0f766e,8
elevator:31103205832008100037,elevator:31103205832008100037,电梯 31103205832008100037,,elevator,电梯,,local:xlsx,,,,,,#0f766e,8
elevator:31103205832011080118,elevator:31103205832011080118,电梯 31103205832011080118,,elevator,电梯,,local:xlsx,,,,,,#0f766e,8
elevator:31103205832012060095,elevator:31103205832012060095,电梯 31103205832012060095,,elevator,电梯,,local:xlsx,,,,,,#0f766e,8
elevator:31103205832012060099,elevator:31103205832012060099,电梯 31103205832012060099,,elevator,电梯,,local:xlsx,,,,,,#0f766e,8
elevator:31103205832012060100,elevator:31103205832012060100,电梯 31103205832012060100,,elevator,电梯,,local:xlsx,,,,,,#0f766e,8
elevator:31103205832015010134,elevator:31103205832015010134,电梯 31103205832015010134,,elevator,电梯,,local:xlsx,,,,,,#0f766e,8
elevator:31103205832015030295,elevator:31103205832015030295,电梯 31103205832015030295,,elevator,电梯,,local:xlsx,,,,,,#0f766e,8
elevator:31103205832016030110,elevator:31103205832016030110,电梯 31103205832016030110,,elevator,电梯,,local:xlsx,,,,,,#0f766e,8
elevator:31103205832017090015,elevator:31103205832017090015,电梯 31103205832017090015,,elevator,电梯,,local:xlsx,,,,,,#0f766e,8
elevator:31103206812016061129,elevator:31103206812016061129,电梯 31103206812016061129,,elevator,电梯,,local:xlsx,,,,,,#0f766e,8
elevator:31103206812016064002,elevator:31103206812016064002,电梯 31103206812016064002,,elevator,电梯,,local:xlsx,,,,,,#0f766e,8
elevator:31103206812016064005,elevator:31103206812016064005,电梯 31103206812016064005,,elevator,电梯,,local:xlsx,,,,,,#0f766e,8
elevator:31103207032014110373,elevator:31103207032014110373,电梯 31103207032014110373,,elevator,电梯,,local:xlsx,,,,,,#0f766e,8
elevator:31103207052014060273,elevator:31103207052014060273,电梯 31103207052014060273,,elevator,电梯,,local:xlsx,,,,,,#0f766e,8
elevator:31103207222016070004,elevator:31103207222016070004,电梯 31103207222016070004,,elevator,电梯,,local:xlsx,,,,,,#0f766e,8
elevator:31103207222016070006,elevator:31103207222016070006,电梯 31103207222016070006,,elevator,电梯,,local:xlsx,,,,,,#0f766e,8
elevator:31103208002008080004,elevator:31103208002008080004,电梯 31103208002008080004,,elevator,电梯,,local:xlsx,,,,,,#0f766e,8
elevator:31103208002008120030,elevator:31103208002008120030,电梯 31103208002008120030,,elevator,电梯,,local:xlsx,,,,,,#0f766e,8
elevator:31103208002010010011,elevator:31103208002010010011,电梯 31103208002010010011,,elevator,电梯,,local:xlsx,,,,,,#0f766e,8
elevator:31103208002013070066,elevator:31103208002013070066,电梯 31103208002013070066,,elevator,电梯,,local:xlsx,,,,,,#0f766e,8
elevator:31103208032018110011,elevator:31103208032018110011,电梯 31103208032018110011,,elevator,电梯,,local:xlsx,,,,,,#0f766e,8
elevator:31103208032018110064,elevator:31103208032018110064,电梯 31103208032018110064,,elevator,电梯,,local:xlsx,,,,,,#0f766e,8
elevator:31103208032018110077,elevator:31103208032018110077,电梯 31103208032018110077,,elevator,电梯,,local:xlsx,,,,,,#0f766e,8
elevator:31103208042018120017,elevator:31103208042018120017,电梯 31103208042018120017,,elevator,电梯,,local:xlsx,,,,,,#0f766e,8
elevator:31103208302019030002,elevator:31103208302019030002,电梯 31103208302019030002,,elevator,电梯,,local:xlsx,,,,,,#0f766e,8
elevator:31103208302019030003,elevator:31103208302019030003,电梯 31103208302019030003,,elevator,电梯,,local:xlsx,,,,,,#0f766e,8
elevator:31103208302019090009,elevator:31103208302019090009,电梯 31103208302019090009,,elevator,电梯,,local:xlsx,,,,,,#0f766e,8
elevator:31103208912016030055,elevator:31103208912016030055,电梯 31103208912016030055,,elevator,电梯,,local:xlsx,,,,,,#0f766e,8
elevator:31103209022013080002,elevator:31103209022013080002,电梯 31103209022013080002,,elevator,电梯,,local:xlsx,,,,,,#0f766e,8
elevator:31103210882008010355,elevator:31103210882008010355,电梯 31103210882008010355,,elevator,电梯,,local:xlsx,,,,,,#0f766e,8
elevator:31103210882015070014,elevator:31103210882015070014,电梯 31103210882015070014,,elevator,电梯,,local:xlsx,,,,,,#0f766e,8
elevator:31103211812013060022,elevator:31103211812013060022,电梯 31103211812013060022,,elevator,电梯,,local:xlsx,,,,,,#0f766e,8
elevator:31103211812015120072,elevator:31103211812015120072,电梯 31103211812015120072,,elevator,电梯,,local:xlsx,,,,,,#0f766e,8
elevator:31103213002009070004,elevator:31103213002009070004,电梯 31103213002009070004,,elevator,电梯,,local:xlsx,,,,,,#0f766e,8
elevator:31103213212016110023,elevator:31103213212016110023,电梯 31103213212016110023,,elevator,电梯,,local:xlsx,,,,,,#0f766e,8
elevator:31103213222015040003,elevator:31103213222015040003,电梯 31103213222015040003,,elevator,电梯,,local:xlsx,,,,,,#0f766e,8
elevator:31203205062020122018,elevator:31203205062020122018,电梯 31203205062020122018,,elevator,电梯,,local:xlsx,,,,,,#0f766e,8
elevator:31203205812016040043,elevator:31203205812016040043,电梯 31203205812016040043,,elevator,电梯,,local:xlsx,,,,,,#0f766e,8
elevator:31303201132010070022,elevator:31303201132010070022,电梯 31303201132010070022,,elevator,电梯,,local:xlsx,,,,,,#0f766e,8
elevator:31303202022010050004,elevator:31303202022010050004,电梯 31303202022010050004,,elevator,电梯,,local:xlsx,,,,,,#0f766e,8
elevator:31303202062014010011,elevator:31303202062014010011,电梯 31303202062014010011,,elevator,电梯,,local:xlsx,,,,,,#0f766e,8
elevator:31303203022014081061,elevator:31303203022014081061,电梯 31303203022014081061,,elevator,电梯,,local:xlsx,,,,,,#0f766e,8
elevator:31303203822009090534,elevator:31303203822009090534,电梯 31303203822009090534,,elevator,电梯,,local:xlsx,,,,,,#0f766e,8
elevator:31303205832010120123,elevator:31303205832010120123,电梯 31303205832010120123,,elevator,电梯,,local:xlsx,,,,,,#0f766e,8
elevator:31303206812014060003,elevator:31303206812014060003,电梯 31303206812014060003,,elevator,电梯,,local:xlsx,,,,,,#0f766e,8
elevator:31503205832009090047,elevator:31503205832009090047,电梯 31503205832009090047,,elevator,电梯,,local:xlsx,,,,,,#0f766e,8
elevator:31503209012014100004,elevator:31503209012014100004,电梯 31503209012014100004,,elevator,电梯,,local:xlsx,,,,,,#0f766e,8
elevator:31503209012014100006,elevator:31503209012014100006,电梯 31503209012014100006,,elevator,电梯,,local:xlsx,,,,,,#0f766e,8
elevator:31703201032014060002,elevator:31703201032014060002,电梯 31703201032014060002,,elevator,电梯,,local:xlsx,,,,,,#0f766e,8
elevator:31703203822004041402,elevator:31703203822004041402,电梯 31703203822004041402,,elevator,电梯,,local:xlsx,,,,,,#0f766e,8
elevator:32003201152017040007,elevator:32003201152017040007,电梯 32003201152017040007,,elevator,电梯,,local:xlsx,,,,,,#0f766e,8
elevator:32103202042010090002,elevator:32103202042010090002,电梯 32103202042010090002,,elevator,电梯,,local:xlsx,,,,,,#0f766e,8
elevator:32103202822010040002,elevator:32103202822010040002,电梯 32103202822010040002,,elevator,电梯,,local:xlsx,,,,,,#0f766e,8
elevator:32103205832009110152,elevator:32103205832009110152,电梯 32103205832009110152,,elevator,电梯,,local:xlsx,,,,,,#0f766e,8
elevator:32103208002010080002,elevator:32103208002010080002,电梯 32103208002010080002,,elevator,电梯,,local:xlsx,,,,,,#0f766e,8
fault_location:主机、限速器,fault_location:主机、限速器,主机、限速器,,fault_location,故障位置,,local:fau_rep.xls,,375,,,,#0ea5e9,7
fault_location:井道部件,fault_location:井道部件,井道部件,,fault_location,故障位置,,local:fau_rep.xls,,336,,,,#0ea5e9,7
fault_location:其他,fault_location:其他,其他,,fault_location,故障位置,,local:fau_rep.xls,,4006,,,,#0ea5e9,7
fault_location:厅外部件,fault_location:厅外部件,厅外部件,,fault_location,故障位置,,local:fau_rep.xls,,755,,,,#0ea5e9,7
fault_location:厅轿门系统,fault_location:厅轿门系统,厅轿门系统,,fault_location,故障位置,,local:fau_rep.xls,,3405,,,,#0ea5e9,7
fault_location:底坑,fault_location:底坑,底坑,,fault_location,故障位置,,local:fau_rep.xls,,1228,,,,#0ea5e9,7
fault_location:控制柜,fault_location:控制柜,控制柜,,fault_location,故障位置,,local:fau_rep.xls,,638,,,,#0ea5e9,7
fault_location:轿厢系统,fault_location:轿厢系统,轿厢系统,,fault_location,故障位置,,local:fau_rep.xls,,2422,,,,#0ea5e9,7
fault_phenomenon:1楼门关不上,fault_phenomenon:1楼门关不上,1楼门关不上,,fault_phenomenon,故障现象,,local:fau_rep.xls,,39,,,,#ea580c,9
fault_phenomenon:1楼门打不开,fault_phenomenon:1楼门打不开,1楼门打不开,,fault_phenomenon,故障现象,,local:fau_rep.xls,,21,,,,#ea580c,9
fault_phenomenon:A类故障,fault_phenomenon:A类故障,A类故障,,fault_phenomenon,故障现象,,local:fau_rep.xls,,84,,,,#ea580c,9
fault_phenomenon:C类故障,fault_phenomenon:C类故障,C类故障,,fault_phenomenon,故障现象,,local:fau_rep.xls,,23,,,,#ea580c,9
fault_phenomenon:a类故障,fault_phenomenon:a类故障,a类故障,,fault_phenomenon,故障现象,,local:fau_rep.xls,,15,,,,#ea580c,9
fault_phenomenon:不能再启动,fault_phenomenon:不能再启动,不能再启动,,fault_phenomenon,故障现象,,local:fau_rep.xls,,137,,,,#ea580c,9
fault_phenomenon:五方通话不通,fault_phenomenon:五方通话不通,五方通话不通,,fault_phenomenon,故障现象,,local:fau_rep.xls,,18,,,,#ea580c,9
fault_phenomenon:催促,fault_phenomenon:催促,催促,,fault_phenomenon,故障现象,,local:fau_rep.xls,,55,,,,#ea580c,9
fault_phenomenon:其他现象,fault_phenomenon:其他现象,其他现象,,fault_phenomenon,故障现象,,local:fau_rep.xls,,13,,,,#ea580c,9
fault_phenomenon:冲项,fault_phenomenon:冲项,冲项,,fault_phenomenon,故障现象,,local:fau_rep.xls,,170,,,,#ea580c,9
fault_phenomenon:到现场正常,fault_phenomenon:到现场正常,到现场正常,,fault_phenomenon,故障现象,,local:fau_rep.xls,,75,,,,#ea580c,9
fault_phenomenon:又坏了,fault_phenomenon:又坏了,又坏了,,fault_phenomenon,故障现象,,local:fau_rep.xls,,20,,,,#ea580c,9
fault_phenomenon:坏了,fault_phenomenon:坏了,坏了,,fault_phenomenon,故障现象,,local:fau_rep.xls,,77,,,,#ea580c,9
fault_phenomenon:层站召唤不良,fault_phenomenon:层站召唤不良,层站召唤不良,,fault_phenomenon,故障现象,,local:fau_rep.xls,,44,,,,#ea580c,9
fault_phenomenon:市电断开,fault_phenomenon:市电断开,市电断开,,fault_phenomenon,故障现象,,local:fau_rep.xls,,39,,,,#ea580c,9
fault_phenomenon:开不起来,fault_phenomenon:开不起来,开不起来,,fault_phenomenon,故障现象,,local:fau_rep.xls,,52,,,,#ea580c,9
fault_phenomenon:开梯,fault_phenomenon:开梯,开梯,,fault_phenomenon,故障现象,,local:fau_rep.xls,,15,,,,#ea580c,9
fault_phenomenon:异响,fault_phenomenon:异响,异响,,fault_phenomenon,故障现象,,local:fau_rep.xls,,65,,,,#ea580c,9
fault_phenomenon:捡手机,fault_phenomenon:捡手机,捡手机,,fault_phenomenon,故障现象,,local:fau_rep.xls,,13,,,,#ea580c,9
fault_phenomenon:捡车钥匙,fault_phenomenon:捡车钥匙,捡车钥匙,,fault_phenomenon,故障现象,,local:fau_rep.xls,,14,,,,#ea580c,9
fault_phenomenon:捡钥匙,fault_phenomenon:捡钥匙,捡钥匙,,fault_phenomenon,故障现象,,local:fau_rep.xls,,59,,,,#ea580c,9
fault_phenomenon:显示作业中,fault_phenomenon:显示作业中,显示作业中,,fault_phenomenon,故障现象,,local:fau_rep.xls,,18,,,,#ea580c,9
fault_phenomenon:有异响,fault_phenomenon:有异响,有异响,,fault_phenomenon,故障现象,,local:fau_rep.xls,,15,,,,#ea580c,9
fault_phenomenon:沉底,fault_phenomenon:沉底,沉底,,fault_phenomenon,故障现象,,local:fau_rep.xls,,135,,,,#ea580c,9
fault_phenomenon:没电,fault_phenomenon:没电,没电,,fault_phenomenon,故障现象,,local:fau_rep.xls,,71,,,,#ea580c,9
fault_phenomenon:滑梯,fault_phenomenon:滑梯,滑梯,,fault_phenomenon,故障现象,,local:fau_rep.xls,,41,,,,#ea580c,9
fault_phenomenon:漏水,fault_phenomenon:漏水,漏水,,fault_phenomenon,故障现象,,local:fau_rep.xls,,24,,,,#ea580c,9
fault_phenomenon:灯不亮,fault_phenomenon:灯不亮,灯不亮,,fault_phenomenon,故障现象,,local:fau_rep.xls,,187,,,,#ea580c,9
fault_phenomenon:电梯异响,fault_phenomenon:电梯异响,电梯异响,,fault_phenomenon,故障现象,,local:fau_rep.xls,,26,,,,#ea580c,9
fault_phenomenon:电梯没电,fault_phenomenon:电梯没电,电梯没电,,fault_phenomenon,故障现象,,local:fau_rep.xls,,36,,,,#ea580c,9
fault_phenomenon:电梯漏水,fault_phenomenon:电梯漏水,电梯漏水,,fault_phenomenon,故障现象,,local:fau_rep.xls,,12,,,,#ea580c,9
fault_phenomenon:电梯门关不上,fault_phenomenon:电梯门关不上,电梯门关不上,,fault_phenomenon,故障现象,,local:fau_rep.xls,,28,,,,#ea580c,9
fault_phenomenon:试电断开,fault_phenomenon:试电断开,试电断开,,fault_phenomenon,故障现象,,local:fau_rep.xls,,20,,,,#ea580c,9
fault_phenomenon:负一楼门关不上,fault_phenomenon:负一楼门关不上,负一楼门关不上,,fault_phenomenon,故障现象,,local:fau_rep.xls,,13,,,,#ea580c,9
fault_phenomenon:轿内灯不亮,fault_phenomenon:轿内灯不亮,轿内灯不亮,,fault_phenomenon,故障现象,,local:fau_rep.xls,,89,,,,#ea580c,9
fault_phenomenon:轿厢意外移动,fault_phenomenon:轿厢意外移动,轿厢意外移动,,fault_phenomenon,故障现象,,local:fau_rep.xls,,79,,,,#ea580c,9
fault_phenomenon:轿厢灯不亮,fault_phenomenon:轿厢灯不亮,轿厢灯不亮,,fault_phenomenon,故障现象,,local:fau_rep.xls,,114,,,,#ea580c,9
fault_phenomenon:运行异响,fault_phenomenon:运行异响,运行异响,,fault_phenomenon,故障现象,,local:fau_rep.xls,,104,,,,#ea580c,9
fault_phenomenon:运行抖动,fault_phenomenon:运行抖动,运行抖动,,fault_phenomenon,故障现象,,local:fau_rep.xls,,17,,,,#ea580c,9
fault_phenomenon:运行晃动,fault_phenomenon:运行晃动,运行晃动,,fault_phenomenon,故障现象,,local:fau_rep.xls,,15,,,,#ea580c,9
fault_phenomenon:运行有异响,fault_phenomenon:运行有异响,运行有异响,,fault_phenomenon,故障现象,,local:fau_rep.xls,,37,,,,#ea580c,9
fault_phenomenon:门关不上,fault_phenomenon:门关不上,门关不上,,fault_phenomenon,故障现象,,local:fau_rep.xls,,40,,,,#ea580c,9
fault_phenomenon:黑屏,fault_phenomenon:黑屏,黑屏,,fault_phenomenon,故障现象,,local:fau_rep.xls,,21,,,,#ea580c,9
maintenance_unit:三星电梯有限公司,maintenance_unit:三星电梯有限公司,三星电梯有限公司,,maintenance_unit,维保单位,,local:xlsx,,,,,,#64748b,6
maintenance_unit:上海三菱电梯有限公司南通分公司,maintenance_unit:上海三菱电梯有限公司南通分公司,上海三菱电梯有限公司南通分公司,,maintenance_unit,维保单位,,local:xlsx,,,,,,#64748b,6
maintenance_unit:上海冠菱电梯有限公司,maintenance_unit:上海冠菱电梯有限公司,上海冠菱电梯有限公司,,maintenance_unit,维保单位,,local:xlsx,,,,,,#64748b,6
maintenance_unit:南京京电科技有限公司,maintenance_unit:南京京电科技有限公司,南京京电科技有限公司,,maintenance_unit,维保单位,,local:xlsx,,,,,,#64748b,6
maintenance_unit:南京勤杰工贸有限公司,maintenance_unit:南京勤杰工贸有限公司,南京勤杰工贸有限公司,,maintenance_unit,维保单位,,local:xlsx,,,,,,#64748b,6
maintenance_unit:南京宏和机电设备有限公司,maintenance_unit:南京宏和机电设备有限公司,南京宏和机电设备有限公司,,maintenance_unit,维保单位,,local:xlsx,,,,,,#64748b,6
maintenance_unit:南京春辉机电工程有限公司,maintenance_unit:南京春辉机电工程有限公司,南京春辉机电工程有限公司,,maintenance_unit,维保单位,,local:xlsx,,,,,,#64748b,6
maintenance_unit:南京晨航电梯有限公司,maintenance_unit:南京晨航电梯有限公司,南京晨航电梯有限公司,,maintenance_unit,维保单位,,local:xlsx,,,,,,#64748b,6
maintenance_unit:南京欣飞机电工程有限公司,maintenance_unit:南京欣飞机电工程有限公司,南京欣飞机电工程有限公司,,maintenance_unit,维保单位,,local:xlsx,,,,,,#64748b,6
maintenance_unit:南京设备安装有限公司,maintenance_unit:南京设备安装有限公司,南京设备安装有限公司,,maintenance_unit,维保单位,,local:xlsx,,,,,,#64748b,6
maintenance_unit:南通安川电梯有限公司,maintenance_unit:南通安川电梯有限公司,南通安川电梯有限公司,,maintenance_unit,维保单位,,local:xlsx,,,,,,#64748b,6
maintenance_unit:南通帝奥电梯有限公司,maintenance_unit:南通帝奥电梯有限公司,南通帝奥电梯有限公司,,maintenance_unit,维保单位,,local:xlsx,,,,,,#64748b,6
maintenance_unit:南通广瑞电梯有限公司,maintenance_unit:南通广瑞电梯有限公司,南通广瑞电梯有限公司,,maintenance_unit,维保单位,,local:xlsx,,,,,,#64748b,6
maintenance_unit:南通速奥电梯有限公司,maintenance_unit:南通速奥电梯有限公司,南通速奥电梯有限公司,,maintenance_unit,维保单位,,local:xlsx,,,,,,#64748b,6
maintenance_unit:博帝斯电梯（江苏）有限公司,maintenance_unit:博帝斯电梯（江苏）有限公司,博帝斯电梯（江苏）有限公司,,maintenance_unit,维保单位,,local:xlsx,,,,,,#64748b,6
maintenance_unit:奥的斯机电电梯有限公司徐州分公司,maintenance_unit:奥的斯机电电梯有限公司徐州分公司,奥的斯机电电梯有限公司徐州分公司,,maintenance_unit,维保单位,,local:xlsx,,,,,,#64748b,6
maintenance_unit:奥的斯机电电梯有限公司江苏分公司,maintenance_unit:奥的斯机电电梯有限公司江苏分公司,奥的斯机电电梯有限公司江苏分公司,,maintenance_unit,维保单位,,local:xlsx,,,,,,#64748b,6
maintenance_unit:奥的斯机电电梯有限公司苏州分公司,maintenance_unit:奥的斯机电电梯有限公司苏州分公司,奥的斯机电电梯有限公司苏州分公司,,maintenance_unit,维保单位,,local:xlsx,,,,,,#64748b,6
maintenance_unit:奥的斯电梯（中国）有限公司南京分公司,maintenance_unit:奥的斯电梯（中国）有限公司南京分公司,奥的斯电梯（中国）有限公司南京分公司,,maintenance_unit,维保单位,,local:xlsx,,,,,,#64748b,6
maintenance_unit:宜兴市超越电梯安装有限公司,maintenance_unit:宜兴市超越电梯安装有限公司,宜兴市超越电梯安装有限公司,,maintenance_unit,维保单位,,local:xlsx,,,,,,#64748b,6
maintenance_unit:宿迁致和机电设备有限公司,maintenance_unit:宿迁致和机电设备有限公司,宿迁致和机电设备有限公司,,maintenance_unit,维保单位,,local:xlsx,,,,,,#64748b,6
maintenance_unit:巨人通力电梯有限公司无锡分公司,maintenance_unit:巨人通力电梯有限公司无锡分公司,巨人通力电梯有限公司无锡分公司,,maintenance_unit,维保单位,,local:xlsx,,,,,,#64748b,6
maintenance_unit:常熟市芝友电梯安装工程有限公司,maintenance_unit:常熟市芝友电梯安装工程有限公司,常熟市芝友电梯安装工程有限公司,,maintenance_unit,维保单位,,local:xlsx,,,,,,#64748b,6
maintenance_unit:常熟市速达电梯工程有限公司,maintenance_unit:常熟市速达电梯工程有限公司,常熟市速达电梯工程有限公司,,maintenance_unit,维保单位,,local:xlsx,,,,,,#64748b,6
maintenance_unit:张家港宏宇电梯工程有限公司,maintenance_unit:张家港宏宇电梯工程有限公司,张家港宏宇电梯工程有限公司,,maintenance_unit,维保单位,,local:xlsx,,,,,,#64748b,6
maintenance_unit:徐州奥发机电工程有限公司,maintenance_unit:徐州奥发机电工程有限公司,徐州奥发机电工程有限公司,,maintenance_unit,维保单位,,local:xlsx,,,,,,#64748b,6
maintenance_unit:徐州安隆电梯有限公司,maintenance_unit:徐州安隆电梯有限公司,徐州安隆电梯有限公司,,maintenance_unit,维保单位,,local:xlsx,,,,,,#64748b,6
maintenance_unit:徐州富奥电梯工程有限公司,maintenance_unit:徐州富奥电梯工程有限公司,徐州富奥电梯工程有限公司,,maintenance_unit,维保单位,,local:xlsx,,,,,,#64748b,6
maintenance_unit:徐州市上菱电梯有限公司,maintenance_unit:徐州市上菱电梯有限公司,徐州市上菱电梯有限公司,,maintenance_unit,维保单位,,local:xlsx,,,,,,#64748b,6
maintenance_unit:徐州市科瑞电梯安装有限公司,maintenance_unit:徐州市科瑞电梯安装有限公司,徐州市科瑞电梯安装有限公司,,maintenance_unit,维保单位,,local:xlsx,,,,,,#64748b,6
maintenance_unit:徐州广捷电梯有限公司,maintenance_unit:徐州广捷电梯有限公司,徐州广捷电梯有限公司,,maintenance_unit,维保单位,,local:xlsx,,,,,,#64748b,6
maintenance_unit:徐州永顺电梯安装工程有限公司,maintenance_unit:徐州永顺电梯安装工程有限公司,徐州永顺电梯安装工程有限公司,,maintenance_unit,维保单位,,local:xlsx,,,,,,#64748b,6
maintenance_unit:徐州确达电梯安装有限公司,maintenance_unit:徐州确达电梯安装有限公司,徐州确达电梯安装有限公司,,maintenance_unit,维保单位,,local:xlsx,,,,,,#64748b,6
maintenance_unit:徐州西姆斯机电工程有限公司,maintenance_unit:徐州西姆斯机电工程有限公司,徐州西姆斯机电工程有限公司,,maintenance_unit,维保单位,,local:xlsx,,,,,,#64748b,6
maintenance_unit:徐州赛奥电梯工程有限公司,maintenance_unit:徐州赛奥电梯工程有限公司,徐州赛奥电梯工程有限公司,,maintenance_unit,维保单位,,local:xlsx,,,,,,#64748b,6
maintenance_unit:徐州鼎泰电梯有限公司,maintenance_unit:徐州鼎泰电梯有限公司,徐州鼎泰电梯有限公司,,maintenance_unit,维保单位,,local:xlsx,,,,,,#64748b,6
maintenance_unit:徐州龙华电梯有限公司,maintenance_unit:徐州龙华电梯有限公司,徐州龙华电梯有限公司,,maintenance_unit,维保单位,,local:xlsx,,,,,,#64748b,6
maintenance_unit:扬州奥立达机电设备有限公司,maintenance_unit:扬州奥立达机电设备有限公司,扬州奥立达机电设备有限公司,,maintenance_unit,维保单位,,local:xlsx,,,,,,#64748b,6
maintenance_unit:扬州市捷鑫电梯安装工程有限公司,maintenance_unit:扬州市捷鑫电梯安装工程有限公司,扬州市捷鑫电梯安装工程有限公司,,maintenance_unit,维保单位,,local:xlsx,,,,,,#64748b,6
maintenance_unit:扬州润楠电梯工程有限公司,maintenance_unit:扬州润楠电梯工程有限公司,扬州润楠电梯工程有限公司,,maintenance_unit,维保单位,,local:xlsx,,,,,,#64748b,6
maintenance_unit:无锡中奥电梯有限公司,maintenance_unit:无锡中奥电梯有限公司,无锡中奥电梯有限公司,,maintenance_unit,维保单位,,local:xlsx,,,,,,#64748b,6
maintenance_unit:无锡久升机电设备工程有限公司,maintenance_unit:无锡久升机电设备工程有限公司,无锡久升机电设备工程有限公司,,maintenance_unit,维保单位,,local:xlsx,,,,,,#64748b,6
maintenance_unit:无锡信达电梯有限公司,maintenance_unit:无锡信达电梯有限公司,无锡信达电梯有限公司,,maintenance_unit,维保单位,,local:xlsx,,,,,,#64748b,6
maintenance_unit:无锡凌鸣智慧机电工程有限公司,maintenance_unit:无锡凌鸣智慧机电工程有限公司,无锡凌鸣智慧机电工程有限公司,,maintenance_unit,维保单位,,local:xlsx,,,,,,#64748b,6
maintenance_unit:无锡华迅电梯智能科技有限公司,maintenance_unit:无锡华迅电梯智能科技有限公司,无锡华迅电梯智能科技有限公司,,maintenance_unit,维保单位,,local:xlsx,,,,,,#64748b,6
maintenance_unit:无锡富通达新能源科技有限公司,maintenance_unit:无锡富通达新能源科技有限公司,无锡富通达新能源科技有限公司,,maintenance_unit,维保单位,,local:xlsx,,,,,,#64748b,6
maintenance_unit:无锡市华升电梯工程有限责任公司宜兴分公司,maintenance_unit:无锡市华升电梯工程有限责任公司宜兴分公司,无锡市华升电梯工程有限责任公司宜兴分公司,,maintenance_unit,维保单位,,local:xlsx,,,,,,#64748b,6
maintenance_unit:无锡市威龙物业管理有限责任公司,maintenance_unit:无锡市威龙物业管理有限责任公司,无锡市威龙物业管理有限责任公司,,maintenance_unit,维保单位,,local:xlsx,,,,,,#64748b,6
maintenance_unit:无锡市安顺电梯维修有限公司,maintenance_unit:无锡市安顺电梯维修有限公司,无锡市安顺电梯维修有限公司,,maintenance_unit,维保单位,,local:xlsx,,,,,,#64748b,6
maintenance_unit:无锡市实达电梯工程有限公司,maintenance_unit:无锡市实达电梯工程有限公司,无锡市实达电梯工程有限公司,,maintenance_unit,维保单位,,local:xlsx,,,,,,#64748b,6
maintenance_unit:无锡市崇芝电梯有限公司,maintenance_unit:无锡市崇芝电梯有限公司,无锡市崇芝电梯有限公司,,maintenance_unit,维保单位,,local:xlsx,,,,,,#64748b,6
maintenance_unit:无锡市恒通电梯有限公司,maintenance_unit:无锡市恒通电梯有限公司,无锡市恒通电梯有限公司,,maintenance_unit,维保单位,,local:xlsx,,,,,,#64748b,6
maintenance_unit:无锡市骏图机电工程有限公司,maintenance_unit:无锡市骏图机电工程有限公司,无锡市骏图机电工程有限公司,,maintenance_unit,维保单位,,local:xlsx,,,,,,#64748b,6
maintenance_unit:无锡广奥电梯有限公司,maintenance_unit:无锡广奥电梯有限公司,无锡广奥电梯有限公司,,maintenance_unit,维保单位,,local:xlsx,,,,,,#64748b,6
maintenance_unit:无锡新捷电梯有限公司,maintenance_unit:无锡新捷电梯有限公司,无锡新捷电梯有限公司,,maintenance_unit,维保单位,,local:xlsx,,,,,,#64748b,6
maintenance_unit:无锡桥良物产科技发展有限公司,maintenance_unit:无锡桥良物产科技发展有限公司,无锡桥良物产科技发展有限公司,,maintenance_unit,维保单位,,local:xlsx,,,,,,#64748b,6
maintenance_unit:无锡森斯电梯有限公司,maintenance_unit:无锡森斯电梯有限公司,无锡森斯电梯有限公司,,maintenance_unit,维保单位,,local:xlsx,,,,,,#64748b,6
maintenance_unit:无锡融村科技有限公司,maintenance_unit:无锡融村科技有限公司,无锡融村科技有限公司,,maintenance_unit,维保单位,,local:xlsx,,,,,,#64748b,6
maintenance_unit:无锡西太电电梯科技有限公司,maintenance_unit:无锡西太电电梯科技有限公司,无锡西太电电梯科技有限公司,,maintenance_unit,维保单位,,local:xlsx,,,,,,#64748b,6
maintenance_unit:无锡西奥电梯有限公司,maintenance_unit:无锡西奥电梯有限公司,无锡西奥电梯有限公司,,maintenance_unit,维保单位,,local:xlsx,,,,,,#64748b,6
maintenance_unit:无锡顺安达机电工程有限公司,maintenance_unit:无锡顺安达机电工程有限公司,无锡顺安达机电工程有限公司,,maintenance_unit,维保单位,,local:xlsx,,,,,,#64748b,6
maintenance_unit:日立电梯（中国）有限公司苏州分公司,maintenance_unit:日立电梯（中国）有限公司苏州分公司,日立电梯（中国）有限公司苏州分公司,,maintenance_unit,维保单位,,local:xlsx,,,,,,#64748b,6
maintenance_unit:昆山中菱电梯工程有限公司,maintenance_unit:昆山中菱电梯工程有限公司,昆山中菱电梯工程有限公司,,maintenance_unit,维保单位,,local:xlsx,,,,,,#64748b,6
maintenance_unit:昆山同侨机电设备有限公司,maintenance_unit:昆山同侨机电设备有限公司,昆山同侨机电设备有限公司,,maintenance_unit,维保单位,,local:xlsx,,,,,,#64748b,6
maintenance_unit:普来特富（上海）智能系统有限公司,maintenance_unit:普来特富（上海）智能系统有限公司,普来特富（上海）智能系统有限公司,,maintenance_unit,维保单位,,local:xlsx,,,,,,#64748b,6
maintenance_unit:杭州西奥电梯有限公司江苏分公司,maintenance_unit:杭州西奥电梯有限公司江苏分公司,杭州西奥电梯有限公司江苏分公司,,maintenance_unit,维保单位,,local:xlsx,,,,,,#64748b,6
maintenance_unit:杭州西奥电梯有限公司淮安分公司,maintenance_unit:杭州西奥电梯有限公司淮安分公司,杭州西奥电梯有限公司淮安分公司,,maintenance_unit,维保单位,,local:xlsx,,,,,,#64748b,6
maintenance_unit:江苏中央新亚百货股份有限公司,maintenance_unit:江苏中央新亚百货股份有限公司,江苏中央新亚百货股份有限公司,,maintenance_unit,维保单位,,local:xlsx,,,,,,#64748b,6
maintenance_unit:江苏中胜安全设备检测服务有限公司,maintenance_unit:江苏中胜安全设备检测服务有限公司,江苏中胜安全设备检测服务有限公司,,maintenance_unit,维保单位,,local:xlsx,,,,,,#64748b,6
maintenance_unit:江苏信达电梯有限公司,maintenance_unit:江苏信达电梯有限公司,江苏信达电梯有限公司,,maintenance_unit,维保单位,,local:xlsx,,,,,,#64748b,6
maintenance_unit:江苏君安电梯工程有限公司,maintenance_unit:江苏君安电梯工程有限公司,江苏君安电梯工程有限公司,,maintenance_unit,维保单位,,local:xlsx,,,,,,#64748b,6
maintenance_unit:江苏奥的斯电梯销售服务有限公司,maintenance_unit:江苏奥的斯电梯销售服务有限公司,江苏奥的斯电梯销售服务有限公司,,maintenance_unit,维保单位,,local:xlsx,,,,,,#64748b,6
maintenance_unit:江苏安通机电工程有限公司,maintenance_unit:江苏安通机电工程有限公司,江苏安通机电工程有限公司,,maintenance_unit,维保单位,,local:xlsx,,,,,,#64748b,6
maintenance_unit:江苏富士达电梯安装有限公司,maintenance_unit:江苏富士达电梯安装有限公司,江苏富士达电梯安装有限公司,,maintenance_unit,维保单位,,local:xlsx,,,,,,#64748b,6
maintenance_unit:江苏常立电梯工程有限公司,maintenance_unit:江苏常立电梯工程有限公司,江苏常立电梯工程有限公司,,maintenance_unit,维保单位,,local:xlsx,,,,,,#64748b,6
maintenance_unit:江苏平安电梯有限公司,maintenance_unit:江苏平安电梯有限公司,江苏平安电梯有限公司,,maintenance_unit,维保单位,,local:xlsx,,,,,,#64748b,6
maintenance_unit:江苏幽嘉机电工程有限公司,maintenance_unit:江苏幽嘉机电工程有限公司,江苏幽嘉机电工程有限公司,,maintenance_unit,维保单位,,local:xlsx,,,,,,#64748b,6
maintenance_unit:江苏快奥机电设备工程有限公司,maintenance_unit:江苏快奥机电设备工程有限公司,江苏快奥机电设备工程有限公司,,maintenance_unit,维保单位,,local:xlsx,,,,,,#64748b,6
maintenance_unit:江苏施塔德电梯有限公司,maintenance_unit:江苏施塔德电梯有限公司,江苏施塔德电梯有限公司,,maintenance_unit,维保单位,,local:xlsx,,,,,,#64748b,6
maintenance_unit:江苏泽通电梯有限公司,maintenance_unit:江苏泽通电梯有限公司,江苏泽通电梯有限公司,,maintenance_unit,维保单位,,local:xlsx,,,,,,#64748b,6
maintenance_unit:江苏海菱机电设备工程有限公司,maintenance_unit:江苏海菱机电设备工程有限公司,江苏海菱机电设备工程有限公司,,maintenance_unit,维保单位,,local:xlsx,,,,,,#64748b,6
maintenance_unit:江苏润尔电梯工程有限公司,maintenance_unit:江苏润尔电梯工程有限公司,江苏润尔电梯工程有限公司,,maintenance_unit,维保单位,,local:xlsx,,,,,,#64748b,6
maintenance_unit:江苏爱立特设备工程有限公司,maintenance_unit:江苏爱立特设备工程有限公司,江苏爱立特设备工程有限公司,,maintenance_unit,维保单位,,local:xlsx,,,,,,#64748b,6
maintenance_unit:江苏盈泰电梯有限公司,maintenance_unit:江苏盈泰电梯有限公司,江苏盈泰电梯有限公司,,maintenance_unit,维保单位,,local:xlsx,,,,,,#64748b,6
maintenance_unit:江苏维阳机电工程科技有限公司,maintenance_unit:江苏维阳机电工程科技有限公司,江苏维阳机电工程科技有限公司,,maintenance_unit,维保单位,,local:xlsx,,,,,,#64748b,6
maintenance_unit:江苏苏杭电梯有限公司,maintenance_unit:江苏苏杭电梯有限公司,江苏苏杭电梯有限公司,,maintenance_unit,维保单位,,local:xlsx,,,,,,#64748b,6
maintenance_unit:江苏苏能电梯有限公司,maintenance_unit:江苏苏能电梯有限公司,江苏苏能电梯有限公司,,maintenance_unit,维保单位,,local:xlsx,,,,,,#64748b,6
maintenance_unit:江苏迅通机电设备安装工程有限公司,maintenance_unit:江苏迅通机电设备安装工程有限公司,江苏迅通机电设备安装工程有限公司,,maintenance_unit,维保单位,,local:xlsx,,,,,,#64748b,6
maintenance_unit:江苏通创机电设备有限公司,maintenance_unit:江苏通创机电设备有限公司,江苏通创机电设备有限公司,,maintenance_unit,维保单位,,local:xlsx,,,,,,#64748b,6
maintenance_unit:江苏通菱机电工程有限公司,maintenance_unit:江苏通菱机电工程有限公司,江苏通菱机电工程有限公司,,maintenance_unit,维保单位,,local:xlsx,,,,,,#64748b,6
maintenance_unit:江阴市佳菱电梯有限公司,maintenance_unit:江阴市佳菱电梯有限公司,江阴市佳菱电梯有限公司,,maintenance_unit,维保单位,,local:xlsx,,,,,,#64748b,6
maintenance_unit:江阴市瀚森电梯有限公司,maintenance_unit:江阴市瀚森电梯有限公司,江阴市瀚森电梯有限公司,,maintenance_unit,维保单位,,local:xlsx,,,,,,#64748b,6
maintenance_unit:沈阳远大智能工业集团股份有限公司江苏分公司,maintenance_unit:沈阳远大智能工业集团股份有限公司江苏分公司,沈阳远大智能工业集团股份有限公司江苏分公司,,maintenance_unit,维保单位,,local:xlsx,,,,,,#64748b,6
maintenance_unit:淮安华淮电梯服务有限公司,maintenance_unit:淮安华淮电梯服务有限公司,淮安华淮电梯服务有限公司,,maintenance_unit,维保单位,,local:xlsx,,,,,,#64748b,6
maintenance_unit:淮安衡运机电工程有限公司,maintenance_unit:淮安衡运机电工程有限公司,淮安衡运机电工程有限公司,,maintenance_unit,维保单位,,local:xlsx,,,,,,#64748b,6
maintenance_unit:溧阳市立达安装工程有限公司,maintenance_unit:溧阳市立达安装工程有限公司,溧阳市立达安装工程有限公司,,maintenance_unit,维保单位,,local:xlsx,,,,,,#64748b,6
maintenance_unit:溧阳市飞达电梯安装工程有限公司,maintenance_unit:溧阳市飞达电梯安装工程有限公司,溧阳市飞达电梯安装工程有限公司,,maintenance_unit,维保单位,,local:xlsx,,,,,,#64748b,6
maintenance_unit:盐城市誉通机电设备有限公司,maintenance_unit:盐城市誉通机电设备有限公司,盐城市誉通机电设备有限公司,,maintenance_unit,维保单位,,local:xlsx,,,,,,#64748b,6
maintenance_unit:苏州中菱电梯有限公司,maintenance_unit:苏州中菱电梯有限公司,苏州中菱电梯有限公司,,maintenance_unit,维保单位,,local:xlsx,,,,,,#64748b,6
maintenance_unit:苏州久亚电梯有限公司,maintenance_unit:苏州久亚电梯有限公司,苏州久亚电梯有限公司,,maintenance_unit,维保单位,,local:xlsx,,,,,,#64748b,6
maintenance_unit:苏州凌丰电梯有限公司,maintenance_unit:苏州凌丰电梯有限公司,苏州凌丰电梯有限公司,,maintenance_unit,维保单位,,local:xlsx,,,,,,#64748b,6
maintenance_unit:苏州创恒电梯有限公司,maintenance_unit:苏州创恒电梯有限公司,苏州创恒电梯有限公司,,maintenance_unit,维保单位,,local:xlsx,,,,,,#64748b,6
maintenance_unit:苏州友创工程设备有限公司,maintenance_unit:苏州友创工程设备有限公司,苏州友创工程设备有限公司,,maintenance_unit,维保单位,,local:xlsx,,,,,,#64748b,6
maintenance_unit:苏州启迅电梯有限公司,maintenance_unit:苏州启迅电梯有限公司,苏州启迅电梯有限公司,,maintenance_unit,维保单位,,local:xlsx,,,,,,#64748b,6
maintenance_unit:苏州安捷电梯工程有限公司,maintenance_unit:苏州安捷电梯工程有限公司,苏州安捷电梯工程有限公司,,maintenance_unit,维保单位,,local:xlsx,,,,,,#64748b,6
maintenance_unit:苏州安森电梯有限公司,maintenance_unit:苏州安森电梯有限公司,苏州安森电梯有限公司,,maintenance_unit,维保单位,,local:xlsx,,,,,,#64748b,6
maintenance_unit:苏州工业园区安丰电梯工程有限公司,maintenance_unit:苏州工业园区安丰电梯工程有限公司,苏州工业园区安丰电梯工程有限公司,,maintenance_unit,维保单位,,local:xlsx,,,,,,#64748b,6
maintenance_unit:苏州市奥赛威电梯工程有限公司,maintenance_unit:苏州市奥赛威电梯工程有限公司,苏州市奥赛威电梯工程有限公司,,maintenance_unit,维保单位,,local:xlsx,,,,,,#64748b,6
maintenance_unit:苏州帝威电梯工程技术有限公司,maintenance_unit:苏州帝威电梯工程技术有限公司,苏州帝威电梯工程技术有限公司,,maintenance_unit,维保单位,,local:xlsx,,,,,,#64748b,6
maintenance_unit:苏州恒耀电梯有限公司,maintenance_unit:苏州恒耀电梯有限公司,苏州恒耀电梯有限公司,,maintenance_unit,维保单位,,local:xlsx,,,,,,#64748b,6
maintenance_unit:苏州捷尔达电梯有限公司,maintenance_unit:苏州捷尔达电梯有限公司,苏州捷尔达电梯有限公司,,maintenance_unit,维保单位,,local:xlsx,,,,,,#64748b,6
maintenance_unit:苏州新基业机电工程有限公司,maintenance_unit:苏州新基业机电工程有限公司,苏州新基业机电工程有限公司,,maintenance_unit,维保单位,,local:xlsx,,,,,,#64748b,6
maintenance_unit:苏州步升电梯有限公司,maintenance_unit:苏州步升电梯有限公司,苏州步升电梯有限公司,,maintenance_unit,维保单位,,local:xlsx,,,,,,#64748b,6
maintenance_unit:苏州江南嘉捷电梯有限公司南京分公司,maintenance_unit:苏州江南嘉捷电梯有限公司南京分公司,苏州江南嘉捷电梯有限公司南京分公司,,maintenance_unit,维保单位,,local:xlsx,,,,,,#64748b,6
maintenance_unit:苏州江南嘉捷电梯有限公司吴中分公司,maintenance_unit:苏州江南嘉捷电梯有限公司吴中分公司,苏州江南嘉捷电梯有限公司吴中分公司,,maintenance_unit,维保单位,,local:xlsx,,,,,,#64748b,6
maintenance_unit:苏州熠菱电梯有限公司,maintenance_unit:苏州熠菱电梯有限公司,苏州熠菱电梯有限公司,,maintenance_unit,维保单位,,local:xlsx,,,,,,#64748b,6
maintenance_unit:苏州申龙电梯工程有限公司,maintenance_unit:苏州申龙电梯工程有限公司,苏州申龙电梯工程有限公司,,maintenance_unit,维保单位,,local:xlsx,,,,,,#64748b,6
maintenance_unit:苏州电梯工程有限责任公司,maintenance_unit:苏州电梯工程有限责任公司,苏州电梯工程有限责任公司,,maintenance_unit,维保单位,,local:xlsx,,,,,,#64748b,6
maintenance_unit:苏州电菱机电有限公司,maintenance_unit:苏州电菱机电有限公司,苏州电菱机电有限公司,,maintenance_unit,维保单位,,local:xlsx,,,,,,#64748b,6
maintenance_unit:苏州苏菱电梯工程有限公司,maintenance_unit:苏州苏菱电梯工程有限公司,苏州苏菱电梯工程有限公司,,maintenance_unit,维保单位,,local:xlsx,,,,,,#64748b,6
maintenance_unit:苏州贝雷特电梯工程有限公司,maintenance_unit:苏州贝雷特电梯工程有限公司,苏州贝雷特电梯工程有限公司,,maintenance_unit,维保单位,,local:xlsx,,,,,,#64748b,6
maintenance_unit:苏州迅腾机电设备有限公司,maintenance_unit:苏州迅腾机电设备有限公司,苏州迅腾机电设备有限公司,,maintenance_unit,维保单位,,local:xlsx,,,,,,#64748b,6
maintenance_unit:苏州通惠电梯工程有限公司,maintenance_unit:苏州通惠电梯工程有限公司,苏州通惠电梯工程有限公司,,maintenance_unit,维保单位,,local:xlsx,,,,,,#64748b,6
maintenance_unit:苏州金利电梯工程有限公司,maintenance_unit:苏州金利电梯工程有限公司,苏州金利电梯工程有限公司,,maintenance_unit,维保单位,,local:xlsx,,,,,,#64748b,6
maintenance_unit:英沃电梯有限公司,maintenance_unit:英沃电梯有限公司,英沃电梯有限公司,,maintenance_unit,维保单位,,local:xlsx,,,,,,#64748b,6
maintenance_unit:蒂升电梯（中国）有限公司南京分公司,maintenance_unit:蒂升电梯（中国）有限公司南京分公司,蒂升电梯（中国）有限公司南京分公司,,maintenance_unit,维保单位,,local:xlsx,,,,,,#64748b,6
maintenance_unit:蒂升电梯（中国）有限公司南通分公司,maintenance_unit:蒂升电梯（中国）有限公司南通分公司,蒂升电梯（中国）有限公司南通分公司,,maintenance_unit,维保单位,,local:xlsx,,,,,,#64748b,6
maintenance_unit:蒂升电梯（中国）有限公司无锡分公司,maintenance_unit:蒂升电梯（中国）有限公司无锡分公司,蒂升电梯（中国）有限公司无锡分公司,,maintenance_unit,维保单位,,local:xlsx,,,,,,#64748b,6
maintenance_unit:蒂升电梯（中国）有限公司苏州分公司,maintenance_unit:蒂升电梯（中国）有限公司苏州分公司,蒂升电梯（中国）有限公司苏州分公司,,maintenance_unit,维保单位,,local:xlsx,,,,,,#64748b,6
maintenance_unit:迅达（中国）电梯有限公司南京分公司,maintenance_unit:迅达（中国）电梯有限公司南京分公司,迅达（中国）电梯有限公司南京分公司,,maintenance_unit,维保单位,,local:xlsx,,,,,,#64748b,6
maintenance_unit:迅达（中国）电梯有限公司苏州分公司,maintenance_unit:迅达（中国）电梯有限公司苏州分公司,迅达（中国）电梯有限公司苏州分公司,,maintenance_unit,维保单位,,local:xlsx,,,,,,#64748b,6
maintenance_unit:连云港广日电梯有限公司,maintenance_unit:连云港广日电梯有限公司,连云港广日电梯有限公司,,maintenance_unit,维保单位,,local:xlsx,,,,,,#64748b,6
maintenance_unit:通力电梯有限公司南京分公司,maintenance_unit:通力电梯有限公司南京分公司,通力电梯有限公司南京分公司,,maintenance_unit,维保单位,,local:xlsx,,,,,,#64748b,6
maintenance_unit:通力电梯有限公司徐州分公司,maintenance_unit:通力电梯有限公司徐州分公司,通力电梯有限公司徐州分公司,,maintenance_unit,维保单位,,local:xlsx,,,,,,#64748b,6
maintenance_unit:通力电梯有限公司昆山分公司,maintenance_unit:通力电梯有限公司昆山分公司,通力电梯有限公司昆山分公司,,maintenance_unit,维保单位,,local:xlsx,,,,,,#64748b,6
maintenance_unit:通力电梯有限公司苏州分公司,maintenance_unit:通力电梯有限公司苏州分公司,通力电梯有限公司苏州分公司,,maintenance_unit,维保单位,,local:xlsx,,,,,,#64748b,6
maintenance_unit:镇江富士电梯有限公司,maintenance_unit:镇江富士电梯有限公司,镇江富士电梯有限公司,,maintenance_unit,维保单位,,local:xlsx,,,,,,#64748b,6
manufacturer:三星电梯有限公司,manufacturer:三星电梯有限公司,三星电梯有限公司,,manufacturer,制造单位,,local:xlsx,,,,,,#64748b,6
manufacturer:上海三菱电梯有限公司,manufacturer:上海三菱电梯有限公司,上海三菱电梯有限公司,,manufacturer,制造单位,,local:xlsx,,,,,,#64748b,6
manufacturer:上海富士电梯有限公司,manufacturer:上海富士电梯有限公司,上海富士电梯有限公司,,manufacturer,制造单位,,local:xlsx,,,,,,#64748b,6
manufacturer:上海崇友电梯有限公司,manufacturer:上海崇友电梯有限公司,上海崇友电梯有限公司,,manufacturer,制造单位,,local:xlsx,,,,,,#64748b,6
manufacturer:上海永大机电工业有限公司,manufacturer:上海永大机电工业有限公司,上海永大机电工业有限公司,,manufacturer,制造单位,,local:xlsx,,,,,,#64748b,6
manufacturer:上海永大电梯有限公司,manufacturer:上海永大电梯有限公司,上海永大电梯有限公司,,manufacturer,制造单位,,local:xlsx,,,,,,#64748b,6
manufacturer:上海永大电梯设备有限公司,manufacturer:上海永大电梯设备有限公司,上海永大电梯设备有限公司,,manufacturer,制造单位,,local:xlsx,,,,,,#64748b,6
manufacturer:上海爱登堡电梯集团股份有限公司,manufacturer:上海爱登堡电梯集团股份有限公司,上海爱登堡电梯集团股份有限公司,,manufacturer,制造单位,,local:xlsx,,,,,,#64748b,6
manufacturer:上海现代电梯制造有限公司,manufacturer:上海现代电梯制造有限公司,上海现代电梯制造有限公司,,manufacturer,制造单位,,local:xlsx,,,,,,#64748b,6
manufacturer:上海登梯斯电梯有限公司,manufacturer:上海登梯斯电梯有限公司,上海登梯斯电梯有限公司,,manufacturer,制造单位,,local:xlsx,,,,,,#64748b,6
manufacturer:东芝电梯（中国）有限公司,manufacturer:东芝电梯（中国）有限公司,东芝电梯（中国）有限公司,,manufacturer,制造单位,,local:xlsx,,,,,,#64748b,6
manufacturer:中国天津奥的斯电梯有限公司,manufacturer:中国天津奥的斯电梯有限公司,中国天津奥的斯电梯有限公司,,manufacturer,制造单位,,local:xlsx,,,,,,#64748b,6
manufacturer:南通西奥电梯有限公司,manufacturer:南通西奥电梯有限公司,南通西奥电梯有限公司,,manufacturer,制造单位,,local:xlsx,,,,,,#64748b,6
manufacturer:四川快速电梯有限公司,manufacturer:四川快速电梯有限公司,四川快速电梯有限公司,,manufacturer,制造单位,,local:xlsx,,,,,,#64748b,6
manufacturer:大连星玛电梯有限公司,manufacturer:大连星玛电梯有限公司,大连星玛电梯有限公司,,manufacturer,制造单位,,local:xlsx,,,,,,#64748b,6
manufacturer:天津OTIS电梯有限公司,manufacturer:天津OTIS电梯有限公司,天津OTIS电梯有限公司,,manufacturer,制造单位,,local:xlsx,,,,,,#64748b,6
manufacturer:奥的斯机电电梯有限公司,manufacturer:奥的斯机电电梯有限公司,奥的斯机电电梯有限公司,,manufacturer,制造单位,,local:xlsx,,,,,,#64748b,6
manufacturer:奥的斯电梯（中国）有限公司,manufacturer:奥的斯电梯（中国）有限公司,奥的斯电梯（中国）有限公司,,manufacturer,制造单位,,local:xlsx,,,,,,#64748b,6
manufacturer:巨人通力电梯有限公司,manufacturer:巨人通力电梯有限公司,巨人通力电梯有限公司,,manufacturer,制造单位,,local:xlsx,,,,,,#64748b,6
manufacturer:希姆斯电梯（中国）有限公司,manufacturer:希姆斯电梯（中国）有限公司,希姆斯电梯（中国）有限公司,,manufacturer,制造单位,,local:xlsx,,,,,,#64748b,6
manufacturer:帝莱森电梯（苏州）有限公司,manufacturer:帝莱森电梯（苏州）有限公司,帝莱森电梯（苏州）有限公司,,manufacturer,制造单位,,local:xlsx,,,,,,#64748b,6
manufacturer:常熟市电梯有限公司（原常熟市电梯厂）,manufacturer:常熟市电梯有限公司（原常熟市电梯厂）,常熟市电梯有限公司（原常熟市电梯厂）,,manufacturer,制造单位,,local:xlsx,,,,,,#64748b,6
manufacturer:常熟市通润电梯厂有限公司,manufacturer:常熟市通润电梯厂有限公司,常熟市通润电梯厂有限公司,,manufacturer,制造单位,,local:xlsx,,,,,,#64748b,6
manufacturer:广州广日电梯工业有限公司,manufacturer:广州广日电梯工业有限公司,广州广日电梯工业有限公司,,manufacturer,制造单位,,local:xlsx,,,,,,#64748b,6
manufacturer:广州日立电梯有限公司,manufacturer:广州日立电梯有限公司,广州日立电梯有限公司,,manufacturer,制造单位,,local:xlsx,,,,,,#64748b,6
manufacturer:康力电梯股份有限公司,manufacturer:康力电梯股份有限公司,康力电梯股份有限公司,,manufacturer,制造单位,,local:xlsx,,,,,,#64748b,6
manufacturer:快速电梯有限公司,manufacturer:快速电梯有限公司,快速电梯有限公司,,manufacturer,制造单位,,local:xlsx,,,,,,#64748b,6
manufacturer:怡达快速电梯有限公司,manufacturer:怡达快速电梯有限公司,怡达快速电梯有限公司,,manufacturer,制造单位,,local:xlsx,,,,,,#64748b,6
manufacturer:扬州三星电梯有限公司,manufacturer:扬州三星电梯有限公司,扬州三星电梯有限公司,,manufacturer,制造单位,,local:xlsx,,,,,,#64748b,6
manufacturer:无锡新纺欧迪诺电梯有限公司,manufacturer:无锡新纺欧迪诺电梯有限公司,无锡新纺欧迪诺电梯有限公司,,manufacturer,制造单位,,local:xlsx,,,,,,#64748b,6
manufacturer:日立电梯（中国）有限公司,manufacturer:日立电梯（中国）有限公司,日立电梯（中国）有限公司,,manufacturer,制造单位,,local:xlsx,,,,,,#64748b,6
manufacturer:星玛电梯有限公司,manufacturer:星玛电梯有限公司,星玛电梯有限公司,,manufacturer,制造单位,,local:xlsx,,,,,,#64748b,6
manufacturer:曼隆电梯有限公司,manufacturer:曼隆电梯有限公司,曼隆电梯有限公司,,manufacturer,制造单位,,local:xlsx,,,,,,#64748b,6
manufacturer:杭州奥利达电梯有限公司,manufacturer:杭州奥利达电梯有限公司,杭州奥利达电梯有限公司,,manufacturer,制造单位,,local:xlsx,,,,,,#64748b,6
manufacturer:杭州西奥有限公司,manufacturer:杭州西奥有限公司,杭州西奥有限公司,,manufacturer,制造单位,,local:xlsx,,,,,,#64748b,6
manufacturer:杭州西奥电梯有限公司,manufacturer:杭州西奥电梯有限公司,杭州西奥电梯有限公司,,manufacturer,制造单位,,local:xlsx,,,,,,#64748b,6
manufacturer:杭州西子奥的斯电梯有限公司,manufacturer:杭州西子奥的斯电梯有限公司,杭州西子奥的斯电梯有限公司,,manufacturer,制造单位,,local:xlsx,,,,,,#64748b,6
manufacturer:杭州霍普曼电梯有限公司,manufacturer:杭州霍普曼电梯有限公司,杭州霍普曼电梯有限公司,,manufacturer,制造单位,,local:xlsx,,,,,,#64748b,6
manufacturer:永大电梯设备（中国）有限公司,manufacturer:永大电梯设备（中国）有限公司,永大电梯设备（中国）有限公司,,manufacturer,制造单位,,local:xlsx,,,,,,#64748b,6
manufacturer:江南嘉捷电梯股份有限公司,manufacturer:江南嘉捷电梯股份有限公司,江南嘉捷电梯股份有限公司,,manufacturer,制造单位,,local:xlsx,,,,,,#64748b,6
manufacturer:江苏华蒂电梯制造有限公司,manufacturer:江苏华蒂电梯制造有限公司,江苏华蒂电梯制造有限公司,,manufacturer,制造单位,,local:xlsx,,,,,,#64748b,6
manufacturer:江苏天奥电梯有限公司,manufacturer:江苏天奥电梯有限公司,江苏天奥电梯有限公司,,manufacturer,制造单位,,local:xlsx,,,,,,#64748b,6
manufacturer:江苏施塔德电梯有限公司,manufacturer:江苏施塔德电梯有限公司,江苏施塔德电梯有限公司,,manufacturer,制造单位,,local:xlsx,,,,,,#64748b,6
manufacturer:江苏蒙哥马利电梯有限公司,manufacturer:江苏蒙哥马利电梯有限公司,江苏蒙哥马利电梯有限公司,,manufacturer,制造单位,,local:xlsx,,,,,,#64748b,6
manufacturer:沈阳三洋电梯有限公司,manufacturer:沈阳三洋电梯有限公司,沈阳三洋电梯有限公司,,manufacturer,制造单位,,local:xlsx,,,,,,#64748b,6
manufacturer:沈阳博林特电梯有限公司,manufacturer:沈阳博林特电梯有限公司,沈阳博林特电梯有限公司,,manufacturer,制造单位,,local:xlsx,,,,,,#64748b,6
manufacturer:沈阳博林特电梯股份有限公司,manufacturer:沈阳博林特电梯股份有限公司,沈阳博林特电梯股份有限公司,,manufacturer,制造单位,,local:xlsx,,,,,,#64748b,6
manufacturer:沈阳博林特电梯集团股份有限公司,manufacturer:沈阳博林特电梯集团股份有限公司,沈阳博林特电梯集团股份有限公司,,manufacturer,制造单位,,local:xlsx,,,,,,#64748b,6
manufacturer:浙江奥特电梯有限公司,manufacturer:浙江奥特电梯有限公司,浙江奥特电梯有限公司,,manufacturer,制造单位,,local:xlsx,,,,,,#64748b,6
manufacturer:浙江奥菱达电梯公司,manufacturer:浙江奥菱达电梯公司,浙江奥菱达电梯公司,,manufacturer,制造单位,,local:xlsx,,,,,,#64748b,6
manufacturer:浙江富士通电梯有限公司,manufacturer:浙江富士通电梯有限公司,浙江富士通电梯有限公司,,manufacturer,制造单位,,local:xlsx,,,,,,#64748b,6
manufacturer:浙江快速电梯有限公司,manufacturer:浙江快速电梯有限公司,浙江快速电梯有限公司,,manufacturer,制造单位,,local:xlsx,,,,,,#64748b,6
manufacturer:浙江恒达富士电梯有限公司,manufacturer:浙江恒达富士电梯有限公司,浙江恒达富士电梯有限公司,,manufacturer,制造单位,,local:xlsx,,,,,,#64748b,6
manufacturer:港日电梯有限公司,manufacturer:港日电梯有限公司,港日电梯有限公司,,manufacturer,制造单位,,local:xlsx,,,,,,#64748b,6
manufacturer:爱默生电梯有限公司,manufacturer:爱默生电梯有限公司,爱默生电梯有限公司,,manufacturer,制造单位,,local:xlsx,,,,,,#64748b,6
manufacturer:现代（中国）电梯有限公司,manufacturer:现代（中国）电梯有限公司,现代（中国）电梯有限公司,,manufacturer,制造单位,,local:xlsx,,,,,,#64748b,6
manufacturer:珠江富士电梯（中国）有限公司,manufacturer:珠江富士电梯（中国）有限公司,珠江富士电梯（中国）有限公司,,manufacturer,制造单位,,local:xlsx,,,,,,#64748b,6
manufacturer:苏州富士电梯有限公司,manufacturer:苏州富士电梯有限公司,苏州富士电梯有限公司,,manufacturer,制造单位,,local:xlsx,,,,,,#64748b,6
manufacturer:苏州巨立电梯有限公司,manufacturer:苏州巨立电梯有限公司,苏州巨立电梯有限公司,,manufacturer,制造单位,,local:xlsx,,,,,,#64748b,6
manufacturer:苏州市申龙电梯有限公司,manufacturer:苏州市申龙电梯有限公司,苏州市申龙电梯有限公司,,manufacturer,制造单位,,local:xlsx,,,,,,#64748b,6
manufacturer:苏州帝奥电梯有限公司,manufacturer:苏州帝奥电梯有限公司,苏州帝奥电梯有限公司,,manufacturer,制造单位,,local:xlsx,,,,,,#64748b,6
manufacturer:苏州江南嘉捷电梯有限公司,manufacturer:苏州江南嘉捷电梯有限公司,苏州江南嘉捷电梯有限公司,,manufacturer,制造单位,,local:xlsx,,,,,,#64748b,6
manufacturer:苏州江南快速电梯有限公司,manufacturer:苏州江南快速电梯有限公司,苏州江南快速电梯有限公司,,manufacturer,制造单位,,local:xlsx,,,,,,#64748b,6
manufacturer:苏州法奥电梯有限公司,manufacturer:苏州法奥电梯有限公司,苏州法奥电梯有限公司,,manufacturer,制造单位,,local:xlsx,,,,,,#64748b,6
manufacturer:苏州迅达电梯有限公司,manufacturer:苏州迅达电梯有限公司,苏州迅达电梯有限公司,,manufacturer,制造单位,,local:xlsx,,,,,,#64748b,6
manufacturer:蒂升电梯（中国）有限公司,manufacturer:蒂升电梯（中国）有限公司,蒂升电梯（中国）有限公司,,manufacturer,制造单位,,local:xlsx,,,,,,#64748b,6
manufacturer:蒂升电梯（中国）有限公司南京分公司,manufacturer:蒂升电梯（中国）有限公司南京分公司,蒂升电梯（中国）有限公司南京分公司,,manufacturer,制造单位,,local:xlsx,,,,,,#64748b,6
manufacturer:蒂升电梯（中国）有限公司苏州分公司,manufacturer:蒂升电梯（中国）有限公司苏州分公司,蒂升电梯（中国）有限公司苏州分公司,,manufacturer,制造单位,,local:xlsx,,,,,,#64748b,6
manufacturer:蒂森克虏伯电梯（上海）有限公司,manufacturer:蒂森克虏伯电梯（上海）有限公司,蒂森克虏伯电梯（上海）有限公司,,manufacturer,制造单位,,local:xlsx,,,,,,#64748b,6
manufacturer:蒂森克虏伯电梯（中国）有限公司,manufacturer:蒂森克虏伯电梯（中国）有限公司,蒂森克虏伯电梯（中国）有限公司,,manufacturer,制造单位,,local:xlsx,,,,,,#64748b,6
manufacturer:蒂森电梯有限公司,manufacturer:蒂森电梯有限公司,蒂森电梯有限公司,,manufacturer,制造单位,,local:xlsx,,,,,,#64748b,6
manufacturer:西威电梯江苏有限公司,manufacturer:西威电梯江苏有限公司,西威电梯江苏有限公司,,manufacturer,制造单位,,local:xlsx,,,,,,#64748b,6
manufacturer:西子奥的斯电梯有限公司,manufacturer:西子奥的斯电梯有限公司,西子奥的斯电梯有限公司,,manufacturer,制造单位,,local:xlsx,,,,,,#64748b,6
manufacturer:西尼（机电）杭州有限公司,manufacturer:西尼（机电）杭州有限公司,西尼（机电）杭州有限公司,,manufacturer,制造单位,,local:xlsx,,,,,,#64748b,6
manufacturer:西继迅达（许昌）电梯有限公司,manufacturer:西继迅达（许昌）电梯有限公司,西继迅达（许昌）电梯有限公司,,manufacturer,制造单位,,local:xlsx,,,,,,#64748b,6
manufacturer:许昌西继电梯有限公司,manufacturer:许昌西继电梯有限公司,许昌西继电梯有限公司,,manufacturer,制造单位,,local:xlsx,,,,,,#64748b,6
manufacturer:迅达（中国）电梯有限公司,manufacturer:迅达（中国）电梯有限公司,迅达（中国）电梯有限公司,,manufacturer,制造单位,,local:xlsx,,,,,,#64748b,6
manufacturer:通力电梯有限公司,manufacturer:通力电梯有限公司,通力电梯有限公司,,manufacturer,制造单位,,local:xlsx,,,,,,#64748b,6
manufacturer:韩国LuckyGoldstay,manufacturer:韩国LuckyGoldstay,韩国LuckyGoldstay,,manufacturer,制造单位,,local:xlsx,,,,,,#64748b,6
part_type:7幢电梯对换CCB板,part_type:7幢电梯对换CCB板,7幢电梯对换CCB板,,part_type,更换部件类型,,local:fau_rep.xls,,2,,,,#14b8a6,7
part_type:AVR,part_type:AVR,AVR,,part_type,更换部件类型,,local:fau_rep.xls,,1,,,,#14b8a6,7
part_type:B3板,part_type:B3板,B3板,,part_type,更换部件类型,,local:fau_rep.xls,,2,,,,#14b8a6,7
part_type:CAIO板,part_type:CAIO板,CAIO板,,part_type,更换部件类型,,local:fau_rep.xls,,1,,,,#14b8a6,7
part_type:CCB板,part_type:CCB板,CCB板,,part_type,更换部件类型,,local:fau_rep.xls,,4,,,,#14b8a6,7
part_type:LED灯已更换,part_type:LED灯已更换,LED灯已更换,,part_type,更换部件类型,,local:fau_rep.xls,,1,,,,#14b8a6,7
part_type:LED灯电源,part_type:LED灯电源,LED灯电源,,part_type,更换部件类型,,local:fau_rep.xls,,2,,,,#14b8a6,7
part_type:下限位,part_type:下限位,下限位,,part_type,更换部件类型,,local:fau_rep.xls,,2,,,,#14b8a6,7
part_type:主板,part_type:主板,主板,,part_type,更换部件类型,,local:fau_rep.xls,,2,,,,#14b8a6,7
part_type:互感器,part_type:互感器,互感器,,part_type,更换部件类型,,local:fau_rep.xls,,1,,,,#14b8a6,7
part_type:传感器,part_type:传感器,传感器,,part_type,更换部件类型,,local:fau_rep.xls,,2,,,,#14b8a6,7
part_type:保险丝,part_type:保险丝,保险丝,,part_type,更换部件类型,,local:fau_rep.xls,,8,,,,#14b8a6,7
part_type:信号线,part_type:信号线,信号线,,part_type,更换部件类型,,local:fau_rep.xls,,2,,,,#14b8a6,7
part_type:储存卡,part_type:储存卡,储存卡,,part_type,更换部件类型,,local:fau_rep.xls,,2,,,,#14b8a6,7
part_type:光幕,part_type:光幕,光幕,,part_type,更换部件类型,,local:fau_rep.xls,,21,,,,#14b8a6,7
part_type:关门按键,part_type:关门按键,关门按键,,part_type,更换部件类型,,local:fau_rep.xls,,1,,,,#14b8a6,7
part_type:内存卡,part_type:内存卡,内存卡,,part_type,更换部件类型,,local:fau_rep.xls,,4,,,,#14b8a6,7
part_type:减速开关,part_type:减速开关,减速开关,,part_type,更换部件类型,,local:fau_rep.xls,,14,,,,#14b8a6,7
part_type:到站灯板子,part_type:到站灯板子,到站灯板子,,part_type,更换部件类型,,local:fau_rep.xls,,1,,,,#14b8a6,7
part_type:副微机50故障。对调变频器主板,part_type:副微机50故障。对调变频器主板,副微机50故障。对调变频器主板,,part_type,更换部件类型,,local:fau_rep.xls,,2,,,,#14b8a6,7
part_type:厅门挂板,part_type:厅门挂板,厅门挂板,,part_type,更换部件类型,,local:fau_rep.xls,,1,,,,#14b8a6,7
part_type:厅门滑块,part_type:厅门滑块,厅门滑块,,part_type,更换部件类型,,local:fau_rep.xls,,7,,,,#14b8a6,7
part_type:厅门滑快,part_type:厅门滑快,厅门滑快,,part_type,更换部件类型,,local:fau_rep.xls,,3,,,,#14b8a6,7
part_type:厅门滑轮组件,part_type:厅门滑轮组件,厅门滑轮组件,,part_type,更换部件类型,,local:fau_rep.xls,,3,,,,#14b8a6,7
part_type:变压器,part_type:变压器,变压器,,part_type,更换部件类型,,local:fau_rep.xls,,3,,,,#14b8a6,7
part_type:变频器,part_type:变频器,变频器,,part_type,更换部件类型,,local:fau_rep.xls,,2,,,,#14b8a6,7
part_type:变频器风扇,part_type:变频器风扇,变频器风扇,,part_type,更换部件类型,,local:fau_rep.xls,,2,,,,#14b8a6,7
part_type:地坑爬梯开关动作,part_type:地坑爬梯开关动作,地坑爬梯开关动作,,part_type,更换部件类型,,local:fau_rep.xls,,2,,,,#14b8a6,7
part_type:外呼按钮,part_type:外呼按钮,外呼按钮,,part_type,更换部件类型,,local:fau_rep.xls,,9,,,,#14b8a6,7
part_type:外呼按钮线,part_type:外呼按钮线,外呼按钮线,,part_type,更换部件类型,,local:fau_rep.xls,,1,,,,#14b8a6,7
part_type:外呼按钮，用户自备,part_type:外呼按钮，用户自备,外呼按钮，用户自备,,part_type,更换部件类型,,local:fau_rep.xls,,1,,,,#14b8a6,7
part_type:外呼按键,part_type:外呼按键,外呼按键,,part_type,更换部件类型,,local:fau_rep.xls,,6,,,,#14b8a6,7
part_type:外呼显示板,part_type:外呼显示板,外呼显示板,,part_type,更换部件类型,,local:fau_rep.xls,,4,,,,#14b8a6,7
part_type:外呼显示链接线,part_type:外呼显示链接线,外呼显示链接线,,part_type,更换部件类型,,local:fau_rep.xls,,1,,,,#14b8a6,7
part_type:外呼板,part_type:外呼板,外呼板,,part_type,更换部件类型,,local:fau_rep.xls,,21,,,,#14b8a6,7
part_type:外呼电子板,part_type:外呼电子板,外呼电子板,,part_type,更换部件类型,,local:fau_rep.xls,,3,,,,#14b8a6,7
part_type:外呼面板,part_type:外呼面板,外呼面板,,part_type,更换部件类型,,local:fau_rep.xls,,7,,,,#14b8a6,7
part_type:外护板,part_type:外护板,外护板,,part_type,更换部件类型,,local:fau_rep.xls,,3,,,,#14b8a6,7
part_type:外招板,part_type:外招板,外招板,,part_type,更换部件类型,,local:fau_rep.xls,,2,,,,#14b8a6,7
part_type:对调驱动板,part_type:对调驱动板,对调驱动板,,part_type,更换部件类型,,local:fau_rep.xls,,2,,,,#14b8a6,7
part_type:对重块,part_type:对重块,对重块,,part_type,更换部件类型,,local:fau_rep.xls,,1,,,,#14b8a6,7
part_type:对重开关,part_type:对重开关,对重开关,,part_type,更换部件类型,,local:fau_rep.xls,,2,,,,#14b8a6,7
part_type:对重缓冲器开关螺丝,part_type:对重缓冲器开关螺丝,对重缓冲器开关螺丝,,part_type,更换部件类型,,local:fau_rep.xls,,1,,,,#14b8a6,7
part_type:平层感应器,part_type:平层感应器,平层感应器,,part_type,更换部件类型,,local:fau_rep.xls,,2,,,,#14b8a6,7
part_type:底坑开关,part_type:底坑开关,底坑开关,,part_type,更换部件类型,,local:fau_rep.xls,,13,,,,#14b8a6,7
part_type:底坑检修箱1个，防水限位开关2个，缓冲器凸轮开关2个，涨紧轮开关1个，涡流传感器1个。,part_type:底坑检修箱1个，防水限位开关2个，缓冲器凸轮开关2个，涨紧轮开关1个，涡流传感器1个。,底坑检修箱1个，防水限位开关2个，缓冲器凸轮开关2个，涨紧轮开关1个，涡流传感器1个。,,part_type,更换部件类型,,local:fau_rep.xls,,2,,,,#14b8a6,7
part_type:底坑缓冲器开关,part_type:底坑缓冲器开关,底坑缓冲器开关,,part_type,更换部件类型,,local:fau_rep.xls,,3,,,,#14b8a6,7
part_type:底坑限位开关,part_type:底坑限位开关,底坑限位开关,,part_type,更换部件类型,,local:fau_rep.xls,,6,,,,#14b8a6,7
part_type:开关,part_type:开关,开关,,part_type,更换部件类型,,local:fau_rep.xls,,14,,,,#14b8a6,7
part_type:恒压电源,part_type:恒压电源,恒压电源,,part_type,更换部件类型,,local:fau_rep.xls,,2,,,,#14b8a6,7
part_type:恒温电源,part_type:恒温电源,恒温电源,,part_type,更换部件类型,,local:fau_rep.xls,,1,,,,#14b8a6,7
part_type:感应器,part_type:感应器,感应器,,part_type,更换部件类型,,local:fau_rep.xls,,2,,,,#14b8a6,7
part_type:报警按钮,part_type:报警按钮,报警按钮,,part_type,更换部件类型,,local:fau_rep.xls,,1,,,,#14b8a6,7
part_type:按钮,part_type:按钮,按钮,,part_type,更换部件类型,,local:fau_rep.xls,,102,,,,#14b8a6,7
part_type:按键,part_type:按键,按键,,part_type,更换部件类型,,local:fau_rep.xls,,23,,,,#14b8a6,7
part_type:接触器,part_type:接触器,接触器,,part_type,更换部件类型,,local:fau_rep.xls,,2,,,,#14b8a6,7
part_type:控制器,part_type:控制器,控制器,,part_type,更换部件类型,,local:fau_rep.xls,,2,,,,#14b8a6,7
part_type:控制柜,part_type:控制柜,控制柜,,part_type,更换部件类型,,local:fau_rep.xls,,1,,,,#14b8a6,7
part_type:整流桥,part_type:整流桥,整流桥,,part_type,更换部件类型,,local:fau_rep.xls,,3,,,,#14b8a6,7
part_type:旋编,part_type:旋编,旋编,,part_type,更换部件类型,,local:fau_rep.xls,,2,,,,#14b8a6,7
part_type:无相序断相继电器,part_type:无相序断相继电器,无相序断相继电器,,part_type,更换部件类型,,local:fau_rep.xls,,1,,,,#14b8a6,7
part_type:显示屏,part_type:显示屏,显示屏,,part_type,更换部件类型,,local:fau_rep.xls,,3,,,,#14b8a6,7
part_type:显示继电器板,part_type:显示继电器板,显示继电器板,,part_type,更换部件类型,,local:fau_rep.xls,,1,,,,#14b8a6,7
part_type:更换光幕,part_type:更换光幕,更换光幕,,part_type,更换部件类型,,local:fau_rep.xls,,2,,,,#14b8a6,7
part_type:更换底坑检修箱1个，防水限位开关2个，缓冲器凸轮开关2个，涨紧轮开关1个，涡流传感器1个，UL-Q2门锁开关2个，厅门副触点双凸轮开关2个，外显电子板2块，按钮,part_type:更换底坑检修箱1个，防水限位开关2个，缓冲器凸轮开关2个，涨紧轮开关1个，涡流传感器1个，UL-Q2门锁开关2个，厅门副触点双凸轮开关2个，外显电子板2块，按钮,更换底坑检修箱1个，防水限位开关2个，缓冲器凸轮开关2个，涨紧轮开关1个，涡流传感器1个，UL-Q2门锁开关2个，厅门副触点双凸轮开关2个，外显电子板2块，按钮3个，按钮字片3个，按钮连接线3根,,part_type,更换部件类型,,local:fau_rep.xls,,5,,,,#14b8a6,7
part_type:更换底坑爬梯开关,part_type:更换底坑爬梯开关,更换底坑爬梯开关,,part_type,更换部件类型,,local:fau_rep.xls,,1,,,,#14b8a6,7
part_type:更换按钮,part_type:更换按钮,更换按钮,,part_type,更换部件类型,,local:fau_rep.xls,,2,,,,#14b8a6,7
part_type:更换油杯,part_type:更换油杯,更换油杯,,part_type,更换部件类型,,local:fau_rep.xls,,1,,,,#14b8a6,7
part_type:更换滑块,part_type:更换滑块,更换滑块,,part_type,更换部件类型,,local:fau_rep.xls,,2,,,,#14b8a6,7
part_type:更换灯泡,part_type:更换灯泡,更换灯泡,,part_type,更换部件类型,,local:fau_rep.xls,,1,,,,#14b8a6,7
part_type:更换继电器板,part_type:更换继电器板,更换继电器板,,part_type,更换部件类型,,local:fau_rep.xls,,1,,,,#14b8a6,7
part_type:更换限位开关,part_type:更换限位开关,更换限位开关,,part_type,更换部件类型,,local:fau_rep.xls,,2,,,,#14b8a6,7
part_type:极限开关,part_type:极限开关,极限开关,,part_type,更换部件类型,,local:fau_rep.xls,,2,,,,#14b8a6,7
part_type:桥堆,part_type:桥堆,桥堆,,part_type,更换部件类型,,local:fau_rep.xls,,3,,,,#14b8a6,7
part_type:桥堆和10 t接触器辅助触点,part_type:桥堆和10 t接触器辅助触点,桥堆和10 t接触器辅助触点,,part_type,更换部件类型,,local:fau_rep.xls,,2,,,,#14b8a6,7
part_type:检修箱,part_type:检修箱,检修箱,,part_type,更换部件类型,,local:fau_rep.xls,,2,,,,#14b8a6,7
part_type:油封,part_type:油封,油封,,part_type,更换部件类型,,local:fau_rep.xls,,2,,,,#14b8a6,7
part_type:涡流传感器,part_type:涡流传感器,涡流传感器,,part_type,更换部件类型,,local:fau_rep.xls,,3,,,,#14b8a6,7
part_type:涨紧轮开关,part_type:涨紧轮开关,涨紧轮开关,,part_type,更换部件类型,,local:fau_rep.xls,,3,,,,#14b8a6,7
part_type:涨紧轮轴承,part_type:涨紧轮轴承,涨紧轮轴承,,part_type,更换部件类型,,local:fau_rep.xls,,2,,,,#14b8a6,7
part_type:滑块,part_type:滑块,滑块,,part_type,更换部件类型,,local:fau_rep.xls,,16,,,,#14b8a6,7
part_type:滚轮导靴,part_type:滚轮导靴,滚轮导靴,,part_type,更换部件类型,,local:fau_rep.xls,,2,,,,#14b8a6,7
part_type:灯,part_type:灯,灯,,part_type,更换部件类型,,local:fau_rep.xls,,22,,,,#14b8a6,7
part_type:灯泡,part_type:灯泡,灯泡,,part_type,更换部件类型,,local:fau_rep.xls,,8,,,,#14b8a6,7
part_type:灯管,part_type:灯管,灯管,,part_type,更换部件类型,,local:fau_rep.xls,,23,,,,#14b8a6,7
part_type:照明,part_type:照明,照明,,part_type,更换部件类型,,local:fau_rep.xls,,3,,,,#14b8a6,7
part_type:照明恒压电源,part_type:照明恒压电源,照明恒压电源,,part_type,更换部件类型,,local:fau_rep.xls,,2,,,,#14b8a6,7
"part_type:照明恒压电源,用户提供","part_type:照明恒压电源,用户提供","照明恒压电源,用户提供",,part_type,更换部件类型,,local:fau_rep.xls,,1,,,,#14b8a6,7
part_type:照明电源,part_type:照明电源,照明电源,,part_type,更换部件类型,,local:fau_rep.xls,,3,,,,#14b8a6,7
part_type:用户备件,part_type:用户备件,用户备件,,part_type,更换部件类型,,local:fau_rep.xls,,3,,,,#14b8a6,7
part_type:用户自备灯,part_type:用户自备灯,用户自备灯,,part_type,更换部件类型,,local:fau_rep.xls,,1,,,,#14b8a6,7
part_type:电源,part_type:电源,电源,,part_type,更换部件类型,,local:fau_rep.xls,,4,,,,#14b8a6,7
part_type:电源盒,part_type:电源盒,电源盒,,part_type,更换部件类型,,local:fau_rep.xls,,5,,,,#14b8a6,7
part_type:皮带,part_type:皮带,皮带,,part_type,更换部件类型,,local:fau_rep.xls,,2,,,,#14b8a6,7
part_type:空开,part_type:空开,空开,,part_type,更换部件类型,,local:fau_rep.xls,,2,,,,#14b8a6,7
part_type:线,part_type:线,线,,part_type,更换部件类型,,local:fau_rep.xls,,2,,,,#14b8a6,7
part_type:线路,part_type:线路,线路,,part_type,更换部件类型,,local:fau_rep.xls,,2,,,,#14b8a6,7
part_type:继电器板,part_type:继电器板,继电器板,,part_type,更换部件类型,,local:fau_rep.xls,,3,,,,#14b8a6,7
part_type:继电板,part_type:继电板,继电板,,part_type,更换部件类型,,local:fau_rep.xls,,2,,,,#14b8a6,7
part_type:缓冲器开关,part_type:缓冲器开关,缓冲器开关,,part_type,更换部件类型,,local:fau_rep.xls,,7,,,,#14b8a6,7
part_type:缓冲器开关，涨紧轮开关生锈,part_type:缓冲器开关，涨紧轮开关生锈,缓冲器开关，涨紧轮开关生锈,,part_type,更换部件类型,,local:fau_rep.xls,,2,,,,#14b8a6,7
part_type:螺丝,part_type:螺丝,螺丝,,part_type,更换部件类型,,local:fau_rep.xls,,1,,,,#14b8a6,7
part_type:话机,part_type:话机,话机,,part_type,更换部件类型,,local:fau_rep.xls,,2,,,,#14b8a6,7
part_type:轿内面板,part_type:轿内面板,轿内面板,,part_type,更换部件类型,,local:fau_rep.xls,,2,,,,#14b8a6,7
part_type:轿厢照明电源已更换好,part_type:轿厢照明电源已更换好,轿厢照明电源已更换好,,part_type,更换部件类型,,local:fau_rep.xls,,1,,,,#14b8a6,7
part_type:轿门到底开关,part_type:轿门到底开关,轿门到底开关,,part_type,更换部件类型,,local:fau_rep.xls,,2,,,,#14b8a6,7
part_type:轿门开关,part_type:轿门开关,轿门开关,,part_type,更换部件类型,,local:fau_rep.xls,,4,,,,#14b8a6,7
part_type:轿门滑块,part_type:轿门滑块,轿门滑块,,part_type,更换部件类型,,local:fau_rep.xls,,2,,,,#14b8a6,7
part_type:门机,part_type:门机,门机,,part_type,更换部件类型,,local:fau_rep.xls,,3,,,,#14b8a6,7
part_type:门机板,part_type:门机板,门机板,,part_type,更换部件类型,,local:fau_rep.xls,,5,,,,#14b8a6,7
part_type:门机皮带,part_type:门机皮带,门机皮带,,part_type,更换部件类型,,local:fau_rep.xls,,6,,,,#14b8a6,7
part_type:门机马达,part_type:门机马达,门机马达,,part_type,更换部件类型,,local:fau_rep.xls,,3,,,,#14b8a6,7
part_type:门桂轮,part_type:门桂轮,门桂轮,,part_type,更换部件类型,,local:fau_rep.xls,,1,,,,#14b8a6,7
part_type:门电机轴承,part_type:门电机轴承,门电机轴承,,part_type,更换部件类型,,local:fau_rep.xls,,2,,,,#14b8a6,7
"part_type:门锁,物业备货","part_type:门锁,物业备货","门锁,物业备货",,part_type,更换部件类型,,local:fau_rep.xls,,1,,,,#14b8a6,7
part_type:限位开关,part_type:限位开关,限位开关,,part_type,更换部件类型,,local:fau_rep.xls,,17,,,,#14b8a6,7
part_type:限速器,part_type:限速器,限速器,,part_type,更换部件类型,,local:fau_rep.xls,,1,,,,#14b8a6,7
part_type:面板,part_type:面板,面板,,part_type,更换部件类型,,local:fau_rep.xls,,3,,,,#14b8a6,7
part_type:靴衬,part_type:靴衬,靴衬,,part_type,更换部件类型,,local:fau_rep.xls,,5,,,,#14b8a6,7
part_type:风扇,part_type:风扇,风扇,,part_type,更换部件类型,,local:fau_rep.xls,,10,,,,#14b8a6,7
phenomenon:abnormal_noise,phenomenon:abnormal_noise,异响/抖动,,fault_phenomenon,故障现象,,领域种子图,,,,,,#ea580c,9
phenomenon:brake_fault,phenomenon:brake_fault,制动器故障,,fault_phenomenon,故障现象,,领域种子图,,3378,,,,#ea580c,9
phenomenon:close_door_bad,phenomenon:close_door_bad,关门不良,,fault_phenomenon,故障现象,,领域种子图,,7358,,,,#ea580c,9
phenomenon:controller_crash,phenomenon:controller_crash,控制系统死机,,fault_phenomenon,故障现象,,领域种子图,,42,,,,#ea580c,9
phenomenon:door_blocked,phenomenon:door_blocked,开关门受阻,,fault_phenomenon,故障现象,,领域种子图,,,,,,#ea580c,9
phenomenon:emergency_stop,phenomenon:emergency_stop,急停,,fault_phenomenon,故障现象,,领域种子图,,5086,,,,#ea580c,9
phenomenon:leveling_bad,phenomenon:leveling_bad,平层不良,,fault_phenomenon,故障现象,,领域种子图,,2900,,,,#ea580c,9
phenomenon:not_running,phenomenon:not_running,不运行/停梯,,fault_phenomenon,故障现象,,领域种子图,,9373,,,,#ea580c,9
phenomenon:open_door_bad,phenomenon:open_door_bad,开门不良,,fault_phenomenon,故障现象,,领域种子图,,26212,,,,#ea580c,9
phenomenon:power_loss,phenomenon:power_loss,停电/电源异常,,fault_phenomenon,故障现象,,领域种子图,,77,,,,#ea580c,9
phenomenon:safety_chain_open,phenomenon:safety_chain_open,安全回路断开,,fault_phenomenon,故障现象,,领域种子图,,1396,,,,#ea580c,9
phenomenon:trap,phenomenon:trap,困人,,fault_phenomenon,故障现象,,领域种子图,,3943,,,,#ea580c,9
phenomenon:water_shutdown,phenomenon:water_shutdown,进水停梯,,fault_phenomenon,故障现象,,领域种子图,,121,,,,#ea580c,9
place:1号楼大厅西侧北,place:1号楼大厅西侧北,1号楼大厅西侧北,,place,地点,,local:xlsx,,,,,,#64748b,6
place:2-10东梯,place:2-10东梯,2-10东梯,,place,地点,,local:xlsx,,,,,,#64748b,6
place:20号厅东北角南台,place:20号厅东北角南台,20号厅东北角南台,,place,地点,,local:xlsx,,,,,,#64748b,6
place:20号厅东北角客梯东台5#客梯,place:20号厅东北角客梯东台5#客梯,20号厅东北角客梯东台5#客梯,,place,地点,,local:xlsx,,,,,,#64748b,6
place:20号厅东南角南台,place:20号厅东南角南台,20号厅东南角南台,,place,地点,,local:xlsx,,,,,,#64748b,6
place:2号楼南,place:2号楼南,2号楼南,,place,地点,,local:xlsx,,,,,,#64748b,6
place:2号楼西台消防楼,place:2号楼西台消防楼,2号楼西台消防楼,,place,地点,,local:xlsx,,,,,,#64748b,6
place:2号车间西,place:2号车间西,2号车间西,,place,地点,,local:xlsx,,,,,,#64748b,6
place:6幢1单元南,place:6幢1单元南,6幢1单元南,,place,地点,,local:xlsx,,,,,,#64748b,6
place:8#烧结,place:8#烧结,8#烧结,,place,地点,,local:xlsx,,,,,,#64748b,6
place:A区1号楼西单元北梯,place:A区1号楼西单元北梯,A区1号楼西单元北梯,,place,地点,,local:xlsx,,,,,,#64748b,6
place:D5厂房,place:D5厂房,D5厂房,,place,地点,,local:xlsx,,,,,,#64748b,6
place:F楼西南角（南梯）,place:F楼西南角（南梯）,F楼西南角（南梯）,,place,地点,,local:xlsx,,,,,,#64748b,6
place:万达广场南侧中台,place:万达广场南侧中台,万达广场南侧中台,,place,地点,,local:xlsx,,,,,,#64748b,6
place:上品花园 231#右,place:上品花园 231#右,上品花园 231#右,,place,地点,,local:xlsx,,,,,,#64748b,6
place:上高路66号东麒佳苑17幢3单元右梯,place:上高路66号东麒佳苑17幢3单元右梯,上高路66号东麒佳苑17幢3单元右梯,,place,地点,,local:xlsx,,,,,,#64748b,6
place:上高路66号东麒佳苑17幢3单元左梯,place:上高路66号东麒佳苑17幢3单元左梯,上高路66号东麒佳苑17幢3单元左梯,,place,地点,,local:xlsx,,,,,,#64748b,6
place:上高路66号东麒佳苑8幢1单元,place:上高路66号东麒佳苑8幢1单元,上高路66号东麒佳苑8幢1单元,,place,地点,,local:xlsx,,,,,,#64748b,6
place:上高路69号东麒雅苑2号楼2单元左梯,place:上高路69号东麒雅苑2号楼2单元左梯,上高路69号东麒雅苑2号楼2单元左梯,,place,地点,,local:xlsx,,,,,,#64748b,6
place:世茂广场公寓楼1号楼中梯,place:世茂广场公寓楼1号楼中梯,世茂广场公寓楼1号楼中梯,,place,地点,,local:xlsx,,,,,,#64748b,6
place:东区医院 7#楼南,place:东区医院 7#楼南,东区医院 7#楼南,,place,地点,,local:xlsx,,,,,,#64748b,6
place:东南街道东南大道111号东湖京华京昌苑3号楼1单元东梯,place:东南街道东南大道111号东湖京华京昌苑3号楼1单元东梯,东南街道东南大道111号东湖京华京昌苑3号楼1单元东梯,,place,地点,,local:xlsx,,,,,,#64748b,6
place:东大街114号城中花苑1号楼四单元,place:东大街114号城中花苑1号楼四单元,东大街114号城中花苑1号楼四单元,,place,地点,,local:xlsx,,,,,,#64748b,6
place:东璟家园42#右,place:东璟家园42#右,东璟家园42#右,,place,地点,,local:xlsx,,,,,,#64748b,6
place:东风家园98#左,place:东风家园98#左,东风家园98#左,,place,地点,,local:xlsx,,,,,,#64748b,6
place:中和路99号金穗花园5幢2单元右梯,place:中和路99号金穗花园5幢2单元右梯,中和路99号金穗花园5幢2单元右梯,,place,地点,,local:xlsx,,,,,,#64748b,6
place:中天虹桥花园A楼西单元北,place:中天虹桥花园A楼西单元北,中天虹桥花园A楼西单元北,,place,地点,,local:xlsx,,,,,,#64748b,6
place:中山路215号恒通大厦1#,place:中山路215号恒通大厦1#,中山路215号恒通大厦1#,,place,地点,,local:xlsx,,,,,,#64748b,6
place:中山路88号 明珠大厦4#,place:中山路88号 明珠大厦4#,中山路88号 明珠大厦4#,,place,地点,,local:xlsx,,,,,,#64748b,6
place:中盛艾美广场裙楼,place:中盛艾美广场裙楼,中盛艾美广场裙楼,,place,地点,,local:xlsx,,,,,,#64748b,6
place:中科路6号斯贝尔大楼4号梯,place:中科路6号斯贝尔大楼4号梯,中科路6号斯贝尔大楼4号梯,,place,地点,,local:xlsx,,,,,,#64748b,6
place:丰县财富城南楼东单元北梯,place:丰县财富城南楼东单元北梯,丰县财富城南楼东单元北梯,,place,地点,,local:xlsx,,,,,,#64748b,6
place:丹霞街18号麒麟紫荆城晨光苑5幢1单元右梯,place:丹霞街18号麒麟紫荆城晨光苑5幢1单元右梯,丹霞街18号麒麟紫荆城晨光苑5幢1单元右梯,,place,地点,,local:xlsx,,,,,,#64748b,6
place:二号馆中厅北,place:二号馆中厅北,二号馆中厅北,,place,地点,,local:xlsx,,,,,,#64748b,6
place:二期病房楼大厅东侧北梯B3,place:二期病房楼大厅东侧北梯B3,二期病房楼大厅东侧北梯B3,,place,地点,,local:xlsx,,,,,,#64748b,6
place:云龙万达广场SOHO B座南梯,place:云龙万达广场SOHO B座南梯,云龙万达广场SOHO B座南梯,,place,地点,,local:xlsx,,,,,,#64748b,6
place:云龙华府A区5#中间东侧右南梯,place:云龙华府A区5#中间东侧右南梯,云龙华府A区5#中间东侧右南梯,,place,地点,,local:xlsx,,,,,,#64748b,6
place:五米阳光121-2#右,place:五米阳光121-2#右,五米阳光121-2#右,,place,地点,,local:xlsx,,,,,,#64748b,6
place:人民中路88号 优族联盟 左,place:人民中路88号 优族联盟 左,人民中路88号 优族联盟 左,,place,地点,,local:xlsx,,,,,,#64748b,6
place:人民南路40号卖场南（左）,place:人民南路40号卖场南（左）,人民南路40号卖场南（左）,,place,地点,,local:xlsx,,,,,,#64748b,6
place:亿都家居建材城精品22幢(东),place:亿都家居建材城精品22幢(东),亿都家居建材城精品22幢(东),,place,地点,,local:xlsx,,,,,,#64748b,6
place:仙林大道168号南大和园42幢4单元,place:仙林大道168号南大和园42幢4单元,仙林大道168号南大和园42幢4单元,,place,地点,,local:xlsx,,,,,,#64748b,6
place:企业科技园区红枫路1号东创科技中心3#楼东侧北台,place:企业科技园区红枫路1号东创科技中心3#楼东侧北台,企业科技园区红枫路1号东创科技中心3#楼东侧北台,,place,地点,,local:xlsx,,,,,,#64748b,6
place:光大花园12幢1单元,place:光大花园12幢1单元,光大花园12幢1单元,,place,地点,,local:xlsx,,,,,,#64748b,6
place:全昌路126# 右,place:全昌路126# 右,全昌路126# 右,,place,地点,,local:xlsx,,,,,,#64748b,6
place:全昌路尚城126# 南,place:全昌路尚城126# 南,全昌路尚城126# 南,,place,地点,,local:xlsx,,,,,,#64748b,6
place:兴源北路650号钱龙尊邸 旧货仓库梯,place:兴源北路650号钱龙尊邸 旧货仓库梯,兴源北路650号钱龙尊邸 旧货仓库梯,,place,地点,,local:xlsx,,,,,,#64748b,6
place:凤滨路18号凤滨嘉园13幢1单元,place:凤滨路18号凤滨嘉园13幢1单元,凤滨路18号凤滨嘉园13幢1单元,,place,地点,,local:xlsx,,,,,,#64748b,6
place:北门路738号都市汇商苑 1#楼西单元北台,place:北门路738号都市汇商苑 1#楼西单元北台,北门路738号都市汇商苑 1#楼西单元北台,,place,地点,,local:xlsx,,,,,,#64748b,6
place:千灯镇景泾路28号华美达假日公园5#楼南,place:千灯镇景泾路28号华美达假日公园5#楼南,千灯镇景泾路28号华美达假日公园5#楼南,,place,地点,,local:xlsx,,,,,,#64748b,6
place:千灯镇景泾路28号华美达假日公园6#楼南,place:千灯镇景泾路28号华美达假日公园6#楼南,千灯镇景泾路28号华美达假日公园6#楼南,,place,地点,,local:xlsx,,,,,,#64748b,6
place:千灯镇景泾路28号华美达假日公园7#楼北,place:千灯镇景泾路28号华美达假日公园7#楼北,千灯镇景泾路28号华美达假日公园7#楼北,,place,地点,,local:xlsx,,,,,,#64748b,6
place:华银路20号燕升园（II园）12幢3号梯,place:华银路20号燕升园（II园）12幢3号梯,华银路20号燕升园（II园）12幢3号梯,,place,地点,,local:xlsx,,,,,,#64748b,6
place:南京市鼓楼区丁家桥87号大楼内,place:南京市鼓楼区丁家桥87号大楼内,南京市鼓楼区丁家桥87号大楼内,,place,地点,,local:xlsx,,,,,,#64748b,6
place:南京市鼓楼区幕府西路28号幕府佳园二期27幢,place:南京市鼓楼区幕府西路28号幕府佳园二期27幢,南京市鼓楼区幕府西路28号幕府佳园二期27幢,,place,地点,,local:xlsx,,,,,,#64748b,6
place:南京市鼓楼区江东软件城ITO园区,place:南京市鼓楼区江东软件城ITO园区,南京市鼓楼区江东软件城ITO园区,,place,地点,,local:xlsx,,,,,,#64748b,6
place:南通中南世纪广场,place:南通中南世纪广场,南通中南世纪广场,,place,地点,,local:xlsx,,,,,,#64748b,6
place:双塘南路68号秦淮源筑北区21幢3单元,place:双塘南路68号秦淮源筑北区21幢3单元,双塘南路68号秦淮源筑北区21幢3单元,,place,地点,,local:xlsx,,,,,,#64748b,6
place:双龙大道1355号同曦新贵之都7号梯,place:双龙大道1355号同曦新贵之都7号梯,双龙大道1355号同曦新贵之都7号梯,,place,地点,,local:xlsx,,,,,,#64748b,6
place:启东江海路客运站站务楼,place:启东江海路客运站站务楼,启东江海路客运站站务楼,,place,地点,,local:xlsx,,,,,,#64748b,6
place:吴中区甪直镇鸣市路6号吴风·甫里街楼东南(北),place:吴中区甪直镇鸣市路6号吴风·甫里街楼东南(北),吴中区甪直镇鸣市路6号吴风·甫里街楼东南(北),,place,地点,,local:xlsx,,,,,,#64748b,6
place:吴中区郭巷街道通达路2699号（光华集团）办公楼北侧,place:吴中区郭巷街道通达路2699号（光华集团）办公楼北侧,吴中区郭巷街道通达路2699号（光华集团）办公楼北侧,,place,地点,,local:xlsx,,,,,,#64748b,6
place:吾悦华府7#楼西单元北梯,place:吾悦华府7#楼西单元北梯,吾悦华府7#楼西单元北梯,,place,地点,,local:xlsx,,,,,,#64748b,6
place:周新苑东三期360#右,place:周新苑东三期360#右,周新苑东三期360#右,,place,地点,,local:xlsx,,,,,,#64748b,6
place:周新苑东三期382#右,place:周新苑东三期382#右,周新苑东三期382#右,,place,地点,,local:xlsx,,,,,,#64748b,6
place:和信广场北门中梯,place:和信广场北门中梯,和信广场北门中梯,,place,地点,,local:xlsx,,,,,,#64748b,6
place:嘉禾广场21号门,place:嘉禾广场21号门,嘉禾广场21号门,,place,地点,,local:xlsx,,,,,,#64748b,6
place:国际商务中心 东单元南,place:国际商务中心 东单元南,国际商务中心 东单元南,,place,地点,,local:xlsx,,,,,,#64748b,6
place:圆融广场办公楼东,place:圆融广场办公楼东,圆融广场办公楼东,,place,地点,,local:xlsx,,,,,,#64748b,6
place:堰新家园120#,place:堰新家园120#,堰新家园120#,,place,地点,,local:xlsx,,,,,,#64748b,6
place:塔影苑B区12#左,place:塔影苑B区12#左,塔影苑B区12#左,,place,地点,,local:xlsx,,,,,,#64748b,6
place:大明路157号住院部A楼12号梯,place:大明路157号住院部A楼12号梯,大明路157号住院部A楼12号梯,,place,地点,,local:xlsx,,,,,,#64748b,6
place:大桥北路37号金都汇广场2栋左梯,place:大桥北路37号金都汇广场2栋左梯,大桥北路37号金都汇广场2栋左梯,,place,地点,,local:xlsx,,,,,,#64748b,6
place:天妃巷123号妇科病房楼L1梯,place:天妃巷123号妇科病房楼L1梯,天妃巷123号妇科病房楼L1梯,,place,地点,,local:xlsx,,,,,,#64748b,6
place:天山绿洲二期2号楼1单元西梯,place:天山绿洲二期2号楼1单元西梯,天山绿洲二期2号楼1单元西梯,,place,地点,,local:xlsx,,,,,,#64748b,6
place:天渝骄园33#西,place:天渝骄园33#西,天渝骄园33#西,,place,地点,,local:xlsx,,,,,,#64748b,6
place:天竺花苑58-5号 养老院 左,place:天竺花苑58-5号 养老院 左,天竺花苑58-5号 养老院 左,,place,地点,,local:xlsx,,,,,,#64748b,6
place:学府一号17#东单元东梯,place:学府一号17#东单元东梯,学府一号17#东单元东梯,,place,地点,,local:xlsx,,,,,,#64748b,6
place:学府一号19#东单元西梯,place:学府一号19#东单元西梯,学府一号19#东单元西梯,,place,地点,,local:xlsx,,,,,,#64748b,6
place:宏基物业A楼南,place:宏基物业A楼南,宏基物业A楼南,,place,地点,,local:xlsx,,,,,,#64748b,6
place:宜城街道通贞观路75号B楼大厅中,place:宜城街道通贞观路75号B楼大厅中,宜城街道通贞观路75号B楼大厅中,,place,地点,,local:xlsx,,,,,,#64748b,6
place:宜家宾馆,place:宜家宾馆,宜家宾馆,,place,地点,,local:xlsx,,,,,,#64748b,6
place:宫巷78号吴商会馆楼东,place:宫巷78号吴商会馆楼东,宫巷78号吴商会馆楼东,,place,地点,,local:xlsx,,,,,,#64748b,6
place:宾馆,place:宾馆,宾馆,,place,地点,,local:xlsx,,,,,,#64748b,6
place:宿迁市宿城区西湖路328号城宇大厦西单元（南）,place:宿迁市宿城区西湖路328号城宇大厦西单元（南）,宿迁市宿城区西湖路328号城宇大厦西单元（南）,,place,地点,,local:xlsx,,,,,,#64748b,6
place:崇川区观音山街道观音山工业园B区(5号楼),place:崇川区观音山街道观音山工业园B区(5号楼),崇川区观音山街道观音山工业园B区(5号楼),,place,地点,,local:xlsx,,,,,,#64748b,6
place:广场3#楼地下室观光西梯,place:广场3#楼地下室观光西梯,广场3#楼地下室观光西梯,,place,地点,,local:xlsx,,,,,,#64748b,6
place:广益路305号 五洲国际银河城北楼东侧右梯,place:广益路305号 五洲国际银河城北楼东侧右梯,广益路305号 五洲国际银河城北楼东侧右梯,,place,地点,,local:xlsx,,,,,,#64748b,6
place:广石家园214#左,place:广石家园214#左,广石家园214#左,,place,地点,,local:xlsx,,,,,,#64748b,6
place:建乐佳苑15栋1单元北,place:建乐佳苑15栋1单元北,建乐佳苑15栋1单元北,,place,地点,,local:xlsx,,,,,,#64748b,6
place:开发区前进东路205号世茂广场商场中庭南侧东台,place:开发区前进东路205号世茂广场商场中庭南侧东台,开发区前进东路205号世茂广场商场中庭南侧东台,,place,地点,,local:xlsx,,,,,,#64748b,6
place:开发区前进东路205号世茂广场商场西北侧东台,place:开发区前进东路205号世茂广场商场西北侧东台,开发区前进东路205号世茂广场商场西北侧东台,,place,地点,,local:xlsx,,,,,,#64748b,6
place:徐医附院新大楼13号大厅南侧中梯,place:徐医附院新大楼13号大厅南侧中梯,徐医附院新大楼13号大厅南侧中梯,,place,地点,,local:xlsx,,,,,,#64748b,6
place:徐州民祥大厦大厅,place:徐州民祥大厦大厅,徐州民祥大厦大厅,,place,地点,,local:xlsx,,,,,,#64748b,6
place:徐海路10号万锦城18号楼西梯,place:徐海路10号万锦城18号楼西梯,徐海路10号万锦城18号楼西梯,,place,地点,,local:xlsx,,,,,,#64748b,6
place:徐海路欧蓓莎商城D13号厅西梯,place:徐海路欧蓓莎商城D13号厅西梯,徐海路欧蓓莎商城D13号厅西梯,,place,地点,,local:xlsx,,,,,,#64748b,6
place:御景花园1号楼B区西,place:御景花园1号楼B区西,御景花园1号楼B区西,,place,地点,,local:xlsx,,,,,,#64748b,6
place:惠山大道9号 赛格公馆1#,place:惠山大道9号 赛格公馆1#,惠山大道9号 赛格公馆1#,,place,地点,,local:xlsx,,,,,,#64748b,6
place:惠山大道9号 赛格公馆4#梯,place:惠山大道9号 赛格公馆4#梯,惠山大道9号 赛格公馆4#梯,,place,地点,,local:xlsx,,,,,,#64748b,6
place:文峰街道天一学士府38幢中单元南梯,place:文峰街道天一学士府38幢中单元南梯,文峰街道天一学士府38幢中单元南梯,,place,地点,,local:xlsx,,,,,,#64748b,6
place:新世纪豪园1#楼北1,place:新世纪豪园1#楼北1,新世纪豪园1#楼北1,,place,地点,,local:xlsx,,,,,,#64748b,6
place:新光嘉园2#左,place:新光嘉园2#左,新光嘉园2#左,,place,地点,,local:xlsx,,,,,,#64748b,6
place:新区枫桥街道嵩山路89号3号厂房东北,place:新区枫桥街道嵩山路89号3号厂房东北,新区枫桥街道嵩山路89号3号厂房东北,,place,地点,,local:xlsx,,,,,,#64748b,6
place:新区横塘街道宝带西路1566号1号楼南,place:新区横塘街道宝带西路1566号1号楼南,新区横塘街道宝带西路1566号1号楼南,,place,地点,,local:xlsx,,,,,,#64748b,6
place:新区狮山街道滨河路588号赛格楼东南(西),place:新区狮山街道滨河路588号赛格楼东南(西),新区狮山街道滨河路588号赛格楼东南(西),,place,地点,,local:xlsx,,,,,,#64748b,6
place:新区科技城开发区科普路16号青山绿庭33幢（南）,place:新区科技城开发区科普路16号青山绿庭33幢（南）,新区科技城开发区科普路16号青山绿庭33幢（南）,,place,地点,,local:xlsx,,,,,,#64748b,6
place:新庄街道震泽路520号新车间北,place:新庄街道震泽路520号新车间北,新庄街道震泽路520号新车间北,,place,地点,,local:xlsx,,,,,,#64748b,6
place:新惠园21#右,place:新惠园21#右,新惠园21#右,,place,地点,,local:xlsx,,,,,,#64748b,6
place:新沂钟吾一号15#楼西单元东梯,place:新沂钟吾一号15#楼西单元东梯,新沂钟吾一号15#楼西单元东梯,,place,地点,,local:xlsx,,,,,,#64748b,6
place:新综合大楼大厅东南梯,place:新综合大楼大厅东南梯,新综合大楼大厅东南梯,,place,地点,,local:xlsx,,,,,,#64748b,6
place:新综合大楼大厅西南梯,place:新综合大楼大厅西南梯,新综合大楼大厅西南梯,,place,地点,,local:xlsx,,,,,,#64748b,6
place:星云汇生活广场1号楼北侧(西),place:星云汇生活广场1号楼北侧(西),星云汇生活广场1号楼北侧(西),,place,地点,,local:xlsx,,,,,,#64748b,6
place:星港街199号东方之门北楼裙楼西侧（北）,place:星港街199号东方之门北楼裙楼西侧（北）,星港街199号东方之门北楼裙楼西侧（北）,,place,地点,,local:xlsx,,,,,,#64748b,6
place:星港街与高和路交叉口水云居二期86幢（东）,place:星港街与高和路交叉口水云居二期86幢（东）,星港街与高和路交叉口水云居二期86幢（东）,,place,地点,,local:xlsx,,,,,,#64748b,6
place:星湖街999号建屋乐活城D区东北（北）,place:星湖街999号建屋乐活城D区东北（北）,星湖街999号建屋乐活城D区东北（北）,,place,地点,,local:xlsx,,,,,,#64748b,6
place:星湖街999号水墨江南二期D区东北（南）,place:星湖街999号水墨江南二期D区东北（南）,星湖街999号水墨江南二期D区东北（南）,,place,地点,,local:xlsx,,,,,,#64748b,6
place:星雨华府2号楼东单元北梯,place:星雨华府2号楼东单元北梯,星雨华府2号楼东单元北梯,,place,地点,,local:xlsx,,,,,,#64748b,6
place:春城家园B区8#右,place:春城家园B区8#右,春城家园B区8#右,,place,地点,,local:xlsx,,,,,,#64748b,6
place:桃源居110幢东,place:桃源居110幢东,桃源居110幢东,,place,地点,,local:xlsx,,,,,,#64748b,6
place:梅苑小区16号楼东梯,place:梅苑小区16号楼东梯,梅苑小区16号楼东梯,,place,地点,,local:xlsx,,,,,,#64748b,6
place:楼南,place:楼南,楼南,,place,地点,,local:xlsx,,,,,,#64748b,6
place:橘子国花园23幢楼中单元,place:橘子国花园23幢楼中单元,橘子国花园23幢楼中单元,,place,地点,,local:xlsx,,,,,,#64748b,6
place:民丰西苑19号门,place:民丰西苑19号门,民丰西苑19号门,,place,地点,,local:xlsx,,,,,,#64748b,6
place:永宁路1号金宁广场7号楼左梯,place:永宁路1号金宁广场7号楼左梯,永宁路1号金宁广场7号楼左梯,,place,地点,,local:xlsx,,,,,,#64748b,6
place:江海东路12号 联运大厦东左,place:江海东路12号 联运大厦东左,江海东路12号 联运大厦东左,,place,地点,,local:xlsx,,,,,,#64748b,6
place:江苏欢乐买商贸股份有限公司宏大店大厅西梯,place:江苏欢乐买商贸股份有限公司宏大店大厅西梯,江苏欢乐买商贸股份有限公司宏大店大厅西梯,,place,地点,,local:xlsx,,,,,,#64748b,6
place:沙家浜镇沙蠡路133号制衣车间,place:沙家浜镇沙蠡路133号制衣车间,沙家浜镇沙蠡路133号制衣车间,,place,地点,,local:xlsx,,,,,,#64748b,6
place:沛县汉城国际商业D座东北,place:沛县汉城国际商业D座东北,沛县汉城国际商业D座东北,,place,地点,,local:xlsx,,,,,,#64748b,6
place:润泽雅居12#左,place:润泽雅居12#左,润泽雅居12#左,,place,地点,,local:xlsx,,,,,,#64748b,6
place:润泽雅居13#右,place:润泽雅居13#右,润泽雅居13#右,,place,地点,,local:xlsx,,,,,,#64748b,6
place:润泽雅居8#右,place:润泽雅居8#右,润泽雅居8#右,,place,地点,,local:xlsx,,,,,,#64748b,6
place:淮海北路43号金马广场南楼中梯,place:淮海北路43号金马广场南楼中梯,淮海北路43号金马广场南楼中梯,,place,地点,,local:xlsx,,,,,,#64748b,6
place:淮海西路万科4#楼南梯,place:淮海西路万科4#楼南梯,淮海西路万科4#楼南梯,,place,地点,,local:xlsx,,,,,,#64748b,6
place:淮海路68号苏宁电器广场1号梯,place:淮海路68号苏宁电器广场1号梯,淮海路68号苏宁电器广场1号梯,,place,地点,,local:xlsx,,,,,,#64748b,6
place:清扬路123号 金阳大厦 1#左,place:清扬路123号 金阳大厦 1#左,清扬路123号 金阳大厦 1#左,,place,地点,,local:xlsx,,,,,,#64748b,6
place:湖东路368号泥塘新苑2幢2单元,place:湖东路368号泥塘新苑2幢2单元,湖东路368号泥塘新苑2幢2单元,,place,地点,,local:xlsx,,,,,,#64748b,6
place:煌庭棕榈湾10号楼东梯,place:煌庭棕榈湾10号楼东梯,煌庭棕榈湾10号楼东梯,,place,地点,,local:xlsx,,,,,,#64748b,6
place:环湖苑 14#右,place:环湖苑 14#右,环湖苑 14#右,,place,地点,,local:xlsx,,,,,,#64748b,6
place:琴川街道富阳路21号富兴雅园（派公馆）4幢北侧东13,place:琴川街道富阳路21号富兴雅园（派公馆）4幢北侧东13,琴川街道富阳路21号富兴雅园（派公馆）4幢北侧东13,,place,地点,,local:xlsx,,,,,,#64748b,6
place:琴川街道方塔东街11号楼云之味餐饮店北梯,place:琴川街道方塔东街11号楼云之味餐饮店北梯,琴川街道方塔东街11号楼云之味餐饮店北梯,,place,地点,,local:xlsx,,,,,,#64748b,6
place:琴川街道海虞南路55号常客隆城市广场北侧,place:琴川街道海虞南路55号常客隆城市广场北侧,琴川街道海虞南路55号常客隆城市广场北侧,,place,地点,,local:xlsx,,,,,,#64748b,6
place:琴川街道琴湖路15号佳和水岸10号楼北,place:琴川街道琴湖路15号佳和水岸10号楼北,琴川街道琴湖路15号佳和水岸10号楼北,,place,地点,,local:xlsx,,,,,,#64748b,6
place:琴川街道黄河路6号母子保健大楼西侧,place:琴川街道黄河路6号母子保健大楼西侧,琴川街道黄河路6号母子保健大楼西侧,,place,地点,,local:xlsx,,,,,,#64748b,6
place:瑞银中心大厅西区南梯,place:瑞银中心大厅西区南梯,瑞银中心大厅西区南梯,,place,地点,,local:xlsx,,,,,,#64748b,6
place:盛世家园35#楼1单元（北）,place:盛世家园35#楼1单元（北）,盛世家园35#楼1单元（北）,,place,地点,,local:xlsx,,,,,,#64748b,6
place:盱眙中央商场小区5#综合楼西北角中梯,place:盱眙中央商场小区5#综合楼西北角中梯,盱眙中央商场小区5#综合楼西北角中梯,,place,地点,,local:xlsx,,,,,,#64748b,6
place:盱眙中央商场小区5#综合楼西北角南梯,place:盱眙中央商场小区5#综合楼西北角南梯,盱眙中央商场小区5#综合楼西北角南梯,,place,地点,,local:xlsx,,,,,,#64748b,6
place:石鼓路42号建华大厦2号梯,place:石鼓路42号建华大厦2号梯,石鼓路42号建华大厦2号梯,,place,地点,,local:xlsx,,,,,,#64748b,6
place:秀逸苏杭西苑43#-1-南,place:秀逸苏杭西苑43#-1-南,秀逸苏杭西苑43#-1-南,,place,地点,,local:xlsx,,,,,,#64748b,6
place:练湖新城C8栋2单元北梯,place:练湖新城C8栋2单元北梯,练湖新城C8栋2单元北梯,,place,地点,,local:xlsx,,,,,,#64748b,6
place:综合楼大厅南,place:综合楼大厅南,综合楼大厅南,,place,地点,,local:xlsx,,,,,,#64748b,6
place:花桥镇光明路505号建滔广场裙楼西北侧,place:花桥镇光明路505号建滔广场裙楼西北侧,花桥镇光明路505号建滔广场裙楼西北侧,,place,地点,,local:xlsx,,,,,,#64748b,6
place:花桥镇绿地大道231弄绿地家世界三期17#楼东,place:花桥镇绿地大道231弄绿地家世界三期17#楼东,花桥镇绿地大道231弄绿地家世界三期17#楼东,,place,地点,,local:xlsx,,,,,,#64748b,6
place:苏州机电五金城E1栋,place:苏州机电五金城E1栋,苏州机电五金城E1栋,,place,地点,,local:xlsx,,,,,,#64748b,6
place:荷韵新村92幢北,place:荷韵新村92幢北,荷韵新村92幢北,,place,地点,,local:xlsx,,,,,,#64748b,6
place:莫城街道招商城商城中路77号国服大酒店大楼南,place:莫城街道招商城商城中路77号国服大酒店大楼南,莫城街道招商城商城中路77号国服大酒店大楼南,,place,地点,,local:xlsx,,,,,,#64748b,6
place:莫城街道服装城招商东路168号男装中心北侧,place:莫城街道服装城招商东路168号男装中心北侧,莫城街道服装城招商东路168号男装中心北侧,,place,地点,,local:xlsx,,,,,,#64748b,6
place:莫城街道服装城招商东路169号白马市场B栋南门口,place:莫城街道服装城招商东路169号白马市场B栋南门口,莫城街道服装城招商东路169号白马市场B栋南门口,,place,地点,,local:xlsx,,,,,,#64748b,6
place:莫城街道服装城招商南路88号新丰鞋城西侧北梯1#,place:莫城街道服装城招商南路88号新丰鞋城西侧北梯1#,莫城街道服装城招商南路88号新丰鞋城西侧北梯1#,,place,地点,,local:xlsx,,,,,,#64748b,6
place:莫城街道苏常公路86号门面房北侧西,place:莫城街道苏常公路86号门面房北侧西,莫城街道苏常公路86号门面房北侧西,,place,地点,,local:xlsx,,,,,,#64748b,6
place:莫城街道青莲路9号世界服装中心塔楼（货1）,place:莫城街道青莲路9号世界服装中心塔楼（货1）,莫城街道青莲路9号世界服装中心塔楼（货1）,,place,地点,,local:xlsx,,,,,,#64748b,6
place:莲园社区服务中心大楼大楼南(中),place:莲园社区服务中心大楼大楼南(中),莲园社区服务中心大楼大楼南(中),,place,地点,,local:xlsx,,,,,,#64748b,6
place:萧林路699号大德玲珑湾7#楼大厅中台,place:萧林路699号大德玲珑湾7#楼大厅中台,萧林路699号大德玲珑湾7#楼大厅中台,,place,地点,,local:xlsx,,,,,,#64748b,6
place:虞山街道义庄弄20号新丰乐菜场西侧,place:虞山街道义庄弄20号新丰乐菜场西侧,虞山街道义庄弄20号新丰乐菜场西侧,,place,地点,,local:xlsx,,,,,,#64748b,6
place:蜜蜂城1号楼（西）,place:蜜蜂城1号楼（西）,蜜蜂城1号楼（西）,,place,地点,,local:xlsx,,,,,,#64748b,6
place:融禾花苑1# 东,place:融禾花苑1# 东,融禾花苑1# 东,,place,地点,,local:xlsx,,,,,,#64748b,6
place:西北角北区西,place:西北角北区西,西北角北区西,,place,地点,,local:xlsx,,,,,,#64748b,6
place:西华园12号楼西单元东梯,place:西华园12号楼西单元东梯,西华园12号楼西单元东梯,,place,地点,,local:xlsx,,,,,,#64748b,6
place:解放西路80#,place:解放西路80#,解放西路80#,,place,地点,,local:xlsx,,,,,,#64748b,6
place:解放西路8号 KTV 客梯,place:解放西路8号 KTV 客梯,解放西路8号 KTV 客梯,,place,地点,,local:xlsx,,,,,,#64748b,6
place:购物中心东侧观光电梯6#,place:购物中心东侧观光电梯6#,购物中心东侧观光电梯6#,,place,地点,,local:xlsx,,,,,,#64748b,6
place:购物中心中庭观光梯5#,place:购物中心中庭观光梯5#,购物中心中庭观光梯5#,,place,地点,,local:xlsx,,,,,,#64748b,6
place:贵邦财富中梯,place:贵邦财富中梯,贵邦财富中梯,,place,地点,,local:xlsx,,,,,,#64748b,6
place:车坊苏同黎路3099号冻品2号楼C区西南角,place:车坊苏同黎路3099号冻品2号楼C区西南角,车坊苏同黎路3099号冻品2号楼C区西南角,,place,地点,,local:xlsx,,,,,,#64748b,6
place:迎宾中路1100号北城新境9#楼西台,place:迎宾中路1100号北城新境9#楼西台,迎宾中路1100号北城新境9#楼西台,,place,地点,,local:xlsx,,,,,,#64748b,6
place:迎宾大道与珠江路交汇处丰润名苑小区西南角 酒店（南）,place:迎宾大道与珠江路交汇处丰润名苑小区西南角 酒店（南）,迎宾大道与珠江路交汇处丰润名苑小区西南角 酒店（南）,,place,地点,,local:xlsx,,,,,,#64748b,6
place:邳州市人民医院门诊楼东部南梯,place:邳州市人民医院门诊楼东部南梯,邳州市人民医院门诊楼东部南梯,,place,地点,,local:xlsx,,,,,,#64748b,6
place:邳州市绿堡花苑1号楼C区东梯,place:邳州市绿堡花苑1号楼C区东梯,邳州市绿堡花苑1号楼C区东梯,,place,地点,,local:xlsx,,,,,,#64748b,6
place:金城东路299号五洲国际工业博览城297-1栋左,place:金城东路299号五洲国际工业博览城297-1栋左,金城东路299号五洲国际工业博览城297-1栋左,,place,地点,,local:xlsx,,,,,,#64748b,6
place:金城花园27幢丙单元,place:金城花园27幢丙单元,金城花园27幢丙单元,,place,地点,,local:xlsx,,,,,,#64748b,6
place:金筑家园10幢东单元（北）,place:金筑家园10幢东单元（北）,金筑家园10幢东单元（北）,,place,地点,,local:xlsx,,,,,,#64748b,6
place:金街东二台,place:金街东二台,金街东二台,,place,地点,,local:xlsx,,,,,,#64748b,6
place:鑫湖国贸中心2号楼6#梯(西南),place:鑫湖国贸中心2号楼6#梯(西南),鑫湖国贸中心2号楼6#梯(西南),,place,地点,,local:xlsx,,,,,,#64748b,6
place:铁心桥春江新城天隆坊4幢1单元1号梯,place:铁心桥春江新城天隆坊4幢1单元1号梯,铁心桥春江新城天隆坊4幢1单元1号梯,,place,地点,,local:xlsx,,,,,,#64748b,6
place:铜山新区天赋广场10号楼北1梯,place:铜山新区天赋广场10号楼北1梯,铜山新区天赋广场10号楼北1梯,,place,地点,,local:xlsx,,,,,,#64748b,6
place:锡山区查桥镇山韵路341.343号酒店,place:锡山区查桥镇山韵路341.343号酒店,锡山区查桥镇山韵路341.343号酒店,,place,地点,,local:xlsx,,,,,,#64748b,6
place:长江路1号茂业百货1#公寓楼 东中,place:长江路1号茂业百货1#公寓楼 东中,长江路1号茂业百货1#公寓楼 东中,,place,地点,,local:xlsx,,,,,,#64748b,6
place:阿尔卡迪亚小区A1号楼一单元南梯,place:阿尔卡迪亚小区A1号楼一单元南梯,阿尔卡迪亚小区A1号楼一单元南梯,,place,地点,,local:xlsx,,,,,,#64748b,6
place:雨润广场商业楼A座东南角西梯,place:雨润广场商业楼A座东南角西梯,雨润广场商业楼A座东南角西梯,,place,地点,,local:xlsx,,,,,,#64748b,6
place:高新区东南大道111号东湖京华京润苑4幢1单元南梯,place:高新区东南大道111号东湖京华京润苑4幢1单元南梯,高新区东南大道111号东湖京华京润苑4幢1单元南梯,,place,地点,,local:xlsx,,,,,,#64748b,6
place:高新区东南大道111号东湖京华京珠苑2幢北梯,place:高新区东南大道111号东湖京华京珠苑2幢北梯,高新区东南大道111号东湖京华京珠苑2幢北梯,,place,地点,,local:xlsx,,,,,,#64748b,6
place:高新区白马泾路52号超华世纪广场1#楼西单元南台,place:高新区白马泾路52号超华世纪广场1#楼西单元南台,高新区白马泾路52号超华世纪广场1#楼西单元南台,,place,地点,,local:xlsx,,,,,,#64748b,6
place:鸿运苑六二期552#右,place:鸿运苑六二期552#右,鸿运苑六二期552#右,,place,地点,,local:xlsx,,,,,,#64748b,6
place:鸿运装饰城A2幢西,place:鸿运装饰城A2幢西,鸿运装饰城A2幢西,,place,地点,,local:xlsx,,,,,,#64748b,6
place:鼎瑞雅居19号楼1单元南梯,place:鼎瑞雅居19号楼1单元南梯,鼎瑞雅居19号楼1单元南梯,,place,地点,,local:xlsx,,,,,,#64748b,6
place:鼎瑞雅居21号楼南梯,place:鼎瑞雅居21号楼南梯,鼎瑞雅居21号楼南梯,,place,地点,,local:xlsx,,,,,,#64748b,6
place:龙华路10号阅景龙华1幢2单元,place:龙华路10号阅景龙华1幢2单元,龙华路10号阅景龙华1幢2单元,,place,地点,,local:xlsx,,,,,,#64748b,6
place:龙蟠路153号御湖国际大厦A幢2号梯,place:龙蟠路153号御湖国际大厦A幢2号梯,龙蟠路153号御湖国际大厦A幢2号梯,,place,地点,,local:xlsx,,,,,,#64748b,6
place:（新区花园三期）7#东单元南梯,place:（新区花园三期）7#东单元南梯,（新区花园三期）7#东单元南梯,,place,地点,,local:xlsx,,,,,,#64748b,6
raw_cause:.厅门装修垃圾卡死,raw_cause:.厅门装修垃圾卡死,.厅门装修垃圾卡死,,raw_fault_text,原始故障文本,,local:fau_rep.xls,,1,0.0012106537530266344,,,#f59e0b,6
raw_cause:02台15F厅门锁不亮，,raw_cause:02台15F厅门锁不亮，,02台15F厅门锁不亮，,,raw_fault_text,原始故障文本,,local:fau_rep.xls,,1,0.0012106537530266344,,,#f59e0b,6
raw_cause:10楼厅门锁线路接触不好.已修复,raw_cause:10楼厅门锁线路接触不好.已修复,10楼厅门锁线路接触不好.已修复,,raw_fault_text,原始故障文本,,local:fau_rep.xls,,1,0.0012106537530266344,,,#f59e0b,6
raw_cause:10楼的按钮卡了,raw_cause:10楼的按钮卡了,10楼的按钮卡了,,raw_fault_text,原始故障文本,,local:fau_rep.xls,,1,0.0012106537530266344,,,#f59e0b,6
raw_cause:11F门锁不通,raw_cause:11F门锁不通,11F门锁不通,,raw_fault_text,原始故障文本,,local:fau_rep.xls,,1,0.0012106537530266344,,,#f59e0b,6
raw_cause:11楼厅门滑轮坏，已经换好,raw_cause:11楼厅门滑轮坏，已经换好,11楼厅门滑轮坏，已经换好,,raw_fault_text,原始故障文本,,local:fau_rep.xls,,1,0.0012106537530266344,,,#f59e0b,6
raw_cause:11楼层门吊高没间距擦地坎了。已经调整好了,raw_cause:11楼层门吊高没间距擦地坎了。已经调整好了,11楼层门吊高没间距擦地坎了。已经调整好了,,raw_fault_text,原始故障文本,,local:fau_rep.xls,,1,0.0012106537530266344,,,#f59e0b,6
raw_cause:11楼隔磁板被东西掉下来咋坏了 简单处理恢复运行,raw_cause:11楼隔磁板被东西掉下来咋坏了 简单处理恢复运行,11楼隔磁板被东西掉下来咋坏了 简单处理恢复运行,,raw_fault_text,原始故障文本,,local:fau_rep.xls,,1,0.0012106537530266344,,,#f59e0b,6
raw_cause:12楼厅门锁不通，已处理修复。,raw_cause:12楼厅门锁不通，已处理修复。,12楼厅门锁不通，已处理修复。,,raw_fault_text,原始故障文本,,local:fau_rep.xls,,1,0.0012106537530266344,,,#f59e0b,6
raw_cause:12楼厅门门锁接触不好.已调整,raw_cause:12楼厅门门锁接触不好.已调整,12楼厅门门锁接触不好.已调整,,raw_fault_text,原始故障文本,,local:fau_rep.xls,,1,0.0012106537530266344,,,#f59e0b,6
raw_cause:12楼清理办公室物品 搬木板进电梯不小心从12楼电梯地坎缝隙掉井道里把10楼厅门锁砸断开了,raw_cause:12楼清理办公室物品 搬木板进电梯不小心从12楼电梯地坎缝隙掉井道里把10楼厅门锁砸断开了,12楼清理办公室物品 搬木板进电梯不小心从12楼电梯地坎缝隙掉井道里把10楼厅门锁砸断开了,,raw_fault_text,原始故障文本,,local:fau_rep.xls,,1,0.0012106537530266344,,,#f59e0b,6
raw_cause:13楼厅门橡皮脱落导致厅门关不了,raw_cause:13楼厅门橡皮脱落导致厅门关不了,13楼厅门橡皮脱落导致厅门关不了,,raw_fault_text,原始故障文本,,local:fau_rep.xls,,1,0.0012106537530266344,,,#f59e0b,6
raw_cause:14楼厅门地坎卡石子了,raw_cause:14楼厅门地坎卡石子了,14楼厅门地坎卡石子了,,raw_fault_text,原始故障文本,,local:fau_rep.xls,,1,0.0012106537530266344,,,#f59e0b,6
raw_cause:14楼厅门门锁线路虚接 已修复,raw_cause:14楼厅门门锁线路虚接 已修复,14楼厅门门锁线路虚接 已修复,,raw_fault_text,原始故障文本,,local:fau_rep.xls,,1,0.0012106537530266344,,,#f59e0b,6
raw_cause:15层按钮卡住了，已处理好了,raw_cause:15层按钮卡住了，已处理好了,15层按钮卡住了，已处理好了,,raw_fault_text,原始故障文本,,local:fau_rep.xls,,1,0.0012106537530266344,,,#f59e0b,6
raw_cause:15楼厅门吊高太低与地坎卡住,raw_cause:15楼厅门吊高太低与地坎卡住,15楼厅门吊高太低与地坎卡住,,raw_fault_text,原始故障文本,,local:fau_rep.xls,,2,0.002421307506053269,,,#f59e0b,6
raw_cause:16楼厅门副门锁接触不良.已调整,raw_cause:16楼厅门副门锁接触不良.已调整,16楼厅门副门锁接触不良.已调整,,raw_fault_text,原始故障文本,,local:fau_rep.xls,,1,0.0012106537530266344,,,#f59e0b,6
raw_cause:17楼厅门异物卡住死机故障，已恢复正常,raw_cause:17楼厅门异物卡住死机故障，已恢复正常,17楼厅门异物卡住死机故障，已恢复正常,,raw_fault_text,原始故障文本,,local:fau_rep.xls,,1,0.0012106537530266344,,,#f59e0b,6
raw_cause:1F厅门垃圾卡门,raw_cause:1F厅门垃圾卡门,1F厅门垃圾卡门,,raw_fault_text,原始故障文本,,local:fau_rep.xls,,1,0.0012106537530266344,,,#f59e0b,6
raw_cause:1F厅门组件不良 需更换 现在电梯暂时处理 正常使用,raw_cause:1F厅门组件不良 需更换 现在电梯暂时处理 正常使用,1F厅门组件不良 需更换 现在电梯暂时处理 正常使用,,raw_fault_text,原始故障文本,,local:fau_rep.xls,,1,0.0012106537530266344,,,#f59e0b,6
raw_cause:1F厅门调整,raw_cause:1F厅门调整,1F厅门调整,,raw_fault_text,原始故障文本,,local:fau_rep.xls,,1,0.0012106537530266344,,,#f59e0b,6
raw_cause:1号梯负一楼厅门地坎被水泥卡住了. 2号梯底坑限位开关不良 已处理,raw_cause:1号梯负一楼厅门地坎被水泥卡住了. 2号梯底坑限位开关不良 已处理,1号梯负一楼厅门地坎被水泥卡住了. 2号梯底坑限位开关不良 已处理,,raw_fault_text,原始故障文本,,local:fau_rep.xls,,1,0.0012106537530266344,,,#f59e0b,6
raw_cause:1号梯，B板坏了，需要更换 2号梯装修卡门,raw_cause:1号梯，B板坏了，需要更换 2号梯装修卡门,1号梯，B板坏了，需要更换 2号梯装修卡门,,raw_fault_text,原始故障文本,,local:fau_rep.xls,,1,0.0012106537530266344,,,#f59e0b,6
raw_cause:1层厅门卡住了，厅门系统，使用不良,raw_cause:1层厅门卡住了，厅门系统，使用不良,1层厅门卡住了，厅门系统，使用不良,,raw_fault_text,原始故障文本,,local:fau_rep.xls,,1,0.0012106537530266344,,,#f59e0b,6
raw_cause:1层厅门卡住了，已修复,raw_cause:1层厅门卡住了，已修复,1层厅门卡住了，已修复,,raw_fault_text,原始故障文本,,local:fau_rep.xls,,2,0.002421307506053269,,,#f59e0b,6
raw_cause:1层厅门回路不良 已修复 厅门系统 使用环境不良,raw_cause:1层厅门回路不良 已修复 厅门系统 使用环境不良,1层厅门回路不良 已修复 厅门系统 使用环境不良,,raw_fault_text,原始故障文本,,local:fau_rep.xls,,1,0.0012106537530266344,,,#f59e0b,6
raw_cause:1层厅门回路不通，已修复,raw_cause:1层厅门回路不通，已修复,1层厅门回路不通，已修复,,raw_fault_text,原始故障文本,,local:fau_rep.xls,,1,0.0012106537530266344,,,#f59e0b,6
raw_cause:1楼卡垃圾,raw_cause:1楼卡垃圾,1楼卡垃圾,,raw_fault_text,原始故障文本,,local:fau_rep.xls,,1,0.0012106537530266344,,,#f59e0b,6
raw_cause:1楼厅外锁梯开关不良,raw_cause:1楼厅外锁梯开关不良,1楼厅外锁梯开关不良,,raw_fault_text,原始故障文本,,local:fau_rep.xls,,1,0.0012106537530266344,,,#f59e0b,6
raw_cause:1楼厅门卡住死机了,raw_cause:1楼厅门卡住死机了,1楼厅门卡住死机了,,raw_fault_text,原始故障文本,,local:fau_rep.xls,,1,0.0012106537530266344,,,#f59e0b,6
raw_cause:1楼厅门地坎有东西卡住.已清理,raw_cause:1楼厅门地坎有东西卡住.已清理,1楼厅门地坎有东西卡住.已清理,,raw_fault_text,原始故障文本,,local:fau_rep.xls,,1,0.0012106537530266344,,,#f59e0b,6
raw_cause:1楼厅门地坎有水泥看卡住了,raw_cause:1楼厅门地坎有水泥看卡住了,1楼厅门地坎有水泥看卡住了,,raw_fault_text,原始故障文本,,local:fau_rep.xls,,1,0.0012106537530266344,,,#f59e0b,6
raw_cause:1楼厅门接地,raw_cause:1楼厅门接地,1楼厅门接地,,raw_fault_text,原始故障文本,,local:fau_rep.xls,,1,0.0012106537530266344,,,#f59e0b,6
raw_cause:1楼厅门被撞导致滑块脱离地坎,raw_cause:1楼厅门被撞导致滑块脱离地坎,1楼厅门被撞导致滑块脱离地坎,,raw_fault_text,原始故障文本,,local:fau_rep.xls,,1,0.0012106537530266344,,,#f59e0b,6
raw_cause:1楼厅门锁不良 调整修复,raw_cause:1楼厅门锁不良 调整修复,1楼厅门锁不良 调整修复,,raw_fault_text,原始故障文本,,local:fau_rep.xls,,1,0.0012106537530266344,,,#f59e0b,6
raw_cause:1楼外呼接地，外呼接头破皮，以处理,raw_cause:1楼外呼接地，外呼接头破皮，以处理,1楼外呼接地，外呼接头破皮，以处理,,raw_fault_text,原始故障文本,,local:fau_rep.xls,,1,0.0012106537530266344,,,#f59e0b,6
raw_cause:1楼轿门保护模板撞破 挡门死机,raw_cause:1楼轿门保护模板撞破 挡门死机,1楼轿门保护模板撞破 挡门死机,,raw_fault_text,原始故障文本,,local:fau_rep.xls,,1,0.0012106537530266344,,,#f59e0b,6
raw_cause:1楼门卡住,raw_cause:1楼门卡住,1楼门卡住,,raw_fault_text,原始故障文本,,local:fau_rep.xls,,1,0.0012106537530266344,,,#f59e0b,6
raw_cause:1楼门锁触点被撞弯了，已处理,raw_cause:1楼门锁触点被撞弯了，已处理,1楼门锁触点被撞弯了，已处理,,raw_fault_text,原始故障文本,,local:fau_rep.xls,,1,0.0012106537530266344,,,#f59e0b,6
raw_cause:21楼厅门副门锁线头腐烂断了，以恢复正常,raw_cause:21楼厅门副门锁线头腐烂断了，以恢复正常,21楼厅门副门锁线头腐烂断了，以恢复正常,,raw_fault_text,原始故障文本,,local:fau_rep.xls,,1,0.0012106537530266344,,,#f59e0b,6
raw_cause:220V跳闸,raw_cause:220V跳闸,220V跳闸,,raw_fault_text,原始故障文本,,local:fau_rep.xls,,1,0.0012106537530266344,,,#f59e0b,6
raw_cause:25F厅门地坎清理,raw_cause:25F厅门地坎清理,25F厅门地坎清理,,raw_fault_text,原始故障文本,,local:fau_rep.xls,,1,0.0012106537530266344,,,#f59e0b,6
raw_cause:26层厅门球掉了，已恢复,raw_cause:26层厅门球掉了，已恢复,26层厅门球掉了，已恢复,,raw_fault_text,原始故障文本,,local:fau_rep.xls,,1,0.0012106537530266344,,,#f59e0b,6
raw_cause:26层厅门门球掉，已正常,raw_cause:26层厅门门球掉，已正常,26层厅门门球掉，已正常,,raw_fault_text,原始故障文本,,local:fau_rep.xls,,1,0.0012106537530266344,,,#f59e0b,6
raw_cause:2台电梯正常运 无故障,raw_cause:2台电梯正常运 无故障,2台电梯正常运 无故障,,raw_fault_text,原始故障文本,,local:fau_rep.xls,,1,0.0012106537530266344,,,#f59e0b,6
raw_cause:2楼主门锁断了 现已临时处理电梯正常运行,raw_cause:2楼主门锁断了 现已临时处理电梯正常运行,2楼主门锁断了 现已临时处理电梯正常运行,,raw_fault_text,原始故障文本,,local:fau_rep.xls,,1,0.0012106537530266344,,,#f59e0b,6
raw_cause:2楼挡门死机 已修复 现已正常,raw_cause:2楼挡门死机 已修复 现已正常,2楼挡门死机 已修复 现已正常,,raw_fault_text,原始故障文本,,local:fau_rep.xls,,1,0.0012106537530266344,,,#f59e0b,6
raw_cause:2楼搬东西挡门死机,raw_cause:2楼搬东西挡门死机,2楼搬东西挡门死机,,raw_fault_text,原始故障文本,,local:fau_rep.xls,,1,0.0012106537530266344,,,#f59e0b,6
raw_cause:30故障代码厅门锁瞬时断开故障,raw_cause:30故障代码厅门锁瞬时断开故障,30故障代码厅门锁瞬时断开故障,,raw_fault_text,原始故障文本,,local:fau_rep.xls,,1,0.0012106537530266344,,,#f59e0b,6
raw_cause:30楼厅门导轨有污垢，已修复,raw_cause:30楼厅门导轨有污垢，已修复,30楼厅门导轨有污垢，已修复,,raw_fault_text,原始故障文本,,local:fau_rep.xls,,1,0.0012106537530266344,,,#f59e0b,6
raw_cause:3号楼电梯轿厢地坎被推车撞变形 厅门滑块拖槽 地坎要重整 已做好安全保护 停梯,raw_cause:3号楼电梯轿厢地坎被推车撞变形 厅门滑块拖槽 地坎要重整 已做好安全保护 停梯,3号楼电梯轿厢地坎被推车撞变形 厅门滑块拖槽 地坎要重整 已做好安全保护 停梯,,raw_fault_text,原始故障文本,,local:fau_rep.xls,,1,0.0012106537530266344,,,#f59e0b,6
raw_cause:3楼卡石头,raw_cause:3楼卡石头,3楼卡石头,,raw_fault_text,原始故障文本,,local:fau_rep.xls,,1,0.0012106537530266344,,,#f59e0b,6
raw_cause:3楼厅门吊高太底.已调整,raw_cause:3楼厅门吊高太底.已调整,3楼厅门吊高太底.已调整,,raw_fault_text,原始故障文本,,local:fau_rep.xls,,1,0.0012106537530266344,,,#f59e0b,6
raw_cause:3楼厅门掉高不够,raw_cause:3楼厅门掉高不够,3楼厅门掉高不够,,raw_fault_text,原始故障文本,,local:fau_rep.xls,,1,0.0012106537530266344,,,#f59e0b,6
raw_cause:4号楼好了，1楼厅门被撞，已调整好,raw_cause:4号楼好了，1楼厅门被撞，已调整好,4号楼好了，1楼厅门被撞，已调整好,,raw_fault_text,原始故障文本,,local:fau_rep.xls,,1,0.0012106537530266344,,,#f59e0b,6
raw_cause:5#1北，光幕动作,raw_cause:5#1北，光幕动作,5#1北，光幕动作,,raw_fault_text,原始故障文本,,local:fau_rep.xls,,1,0.0012106537530266344,,,#f59e0b,6
raw_cause:5层厅门自闭不良，已正常,raw_cause:5层厅门自闭不良，已正常,5层厅门自闭不良，已正常,,raw_fault_text,原始故障文本,,local:fau_rep.xls,,1,0.0012106537530266344,,,#f59e0b,6
raw_cause:5楼厅门回路接地,raw_cause:5楼厅门回路接地,5楼厅门回路接地,,raw_fault_text,原始故障文本,,local:fau_rep.xls,,1,0.0012106537530266344,,,#f59e0b,6
raw_cause:6楼厅门副门锁压量过小接触不良.已调整,raw_cause:6楼厅门副门锁压量过小接触不良.已调整,6楼厅门副门锁压量过小接触不良.已调整,,raw_fault_text,原始故障文本,,local:fau_rep.xls,,1,0.0012106537530266344,,,#f59e0b,6
raw_cause:6楼厅门撞坏，厅门重锤钢丝绳卡断，需更换，停梯,raw_cause:6楼厅门撞坏，厅门重锤钢丝绳卡断，需更换，停梯,6楼厅门撞坏，厅门重锤钢丝绳卡断，需更换，停梯,,raw_fault_text,原始故障文本,,local:fau_rep.xls,,1,0.0012106537530266344,,,#f59e0b,6
raw_cause:7层厅门地坎装修垃圾卡住导致死机。装修垃圾已清理,raw_cause:7层厅门地坎装修垃圾卡住导致死机。装修垃圾已清理,7层厅门地坎装修垃圾卡住导致死机。装修垃圾已清理,,raw_fault_text,原始故障文本,,local:fau_rep.xls,,1,0.0012106537530266344,,,#f59e0b,6
raw_cause:7楼厅门吊高过底卡死.已调整,raw_cause:7楼厅门吊高过底卡死.已调整,7楼厅门吊高过底卡死.已调整,,raw_fault_text,原始故障文本,,local:fau_rep.xls,,1,0.0012106537530266344,,,#f59e0b,6
raw_cause:7楼厅门滚轮上有异物（水泥块）卡住引起门锁不能正常闭合,raw_cause:7楼厅门滚轮上有异物（水泥块）卡住引起门锁不能正常闭合,7楼厅门滚轮上有异物（水泥块）卡住引起门锁不能正常闭合,,raw_fault_text,原始故障文本,,local:fau_rep.xls,,1,0.0012106537530266344,,,#f59e0b,6
raw_cause:7楼轿门被撞，脱离地坎已修复,raw_cause:7楼轿门被撞，脱离地坎已修复,7楼轿门被撞，脱离地坎已修复,,raw_fault_text,原始故障文本,,local:fau_rep.xls,,1,0.0012106537530266344,,,#f59e0b,6
raw_cause:8楼厅门外地毯卡住 运行未发现有异响,raw_cause:8楼厅门外地毯卡住 运行未发现有异响,8楼厅门外地毯卡住 运行未发现有异响,,raw_fault_text,原始故障文本,,local:fau_rep.xls,,1,0.0012106537530266344,,,#f59e0b,6
raw_cause:8楼厅门门锁压量小.接触不好.已调整,raw_cause:8楼厅门门锁压量小.接触不好.已调整,8楼厅门门锁压量小.接触不好.已调整,,raw_fault_text,原始故障文本,,local:fau_rep.xls,,1,0.0012106537530266344,,,#f59e0b,6
raw_cause:9-1单元厅门被撞已经好了,raw_cause:9-1单元厅门被撞已经好了,9-1单元厅门被撞已经好了,,raw_fault_text,原始故障文本,,local:fau_rep.xls,,1,0.0012106537530266344,,,#f59e0b,6
raw_cause:AvR不好，需更换或维修，停梯,raw_cause:AvR不好，需更换或维修，停梯,AvR不好，需更换或维修，停梯,,raw_fault_text,原始故障文本,,local:fau_rep.xls,,1,0.0012106537530266344,,,#f59e0b,6
raw_cause:B楼厅门地坎有异物卡住，引起不开门死扰,raw_cause:B楼厅门地坎有异物卡住，引起不开门死扰,B楼厅门地坎有异物卡住，引起不开门死扰,,raw_fault_text,原始故障文本,,local:fau_rep.xls,,1,0.0012106537530266344,,,#f59e0b,6
raw_cause:CLS不良 已调整,raw_cause:CLS不良 已调整,CLS不良 已调整,,raw_fault_text,原始故障文本,,local:fau_rep.xls,,1,0.0012106537530266344,,,#f59e0b,6
raw_cause:M楼厅门锁打板卡主调整不良,raw_cause:M楼厅门锁打板卡主调整不良,M楼厅门锁打板卡主调整不良,,raw_fault_text,原始故障文本,,local:fau_rep.xls,,1,0.0012106537530266344,,,#f59e0b,6
raw_cause:上行按钮卡了,raw_cause:上行按钮卡了,上行按钮卡了,,raw_fault_text,原始故障文本,,local:fau_rep.xls,,1,0.0012106537530266344,,,#f59e0b,6
raw_cause:不运行停梯平层感应器坏己申领,raw_cause:不运行停梯平层感应器坏己申领,不运行停梯平层感应器坏己申领,,raw_fault_text,原始故障文本,,local:fau_rep.xls,,1,0.0012106537530266344,,,#f59e0b,6
raw_cause:不运行已修复,raw_cause:不运行已修复,不运行已修复,,raw_fault_text,原始故障文本,,local:fau_rep.xls,,1,0.0012106537530266344,,,#f59e0b,6
raw_cause:不运行，光幕坏，停梯,raw_cause:不运行，光幕坏，停梯,不运行，光幕坏，停梯,,raw_fault_text,原始故障文本,,local:fau_rep.xls,,1,0.0012106537530266344,,,#f59e0b,6
raw_cause:两台电梯恢复正常，一台光幕太脏，以处理，另一台一楼厅门锁钩擦罩壳，门关不上,raw_cause:两台电梯恢复正常，一台光幕太脏，以处理，另一台一楼厅门锁钩擦罩壳，门关不上,两台电梯恢复正常，一台光幕太脏，以处理，另一台一楼厅门锁钩擦罩壳，门关不上,,raw_fault_text,原始故障文本,,local:fau_rep.xls,,1,0.0012106537530266344,,,#f59e0b,6
raw_cause:两台电梯按钮线路不良已好,raw_cause:两台电梯按钮线路不良已好,两台电梯按钮线路不良已好,,raw_fault_text,原始故障文本,,local:fau_rep.xls,,1,0.0012106537530266344,,,#f59e0b,6
raw_cause:主动门与从动门之间的联动失效,raw_cause:主动门与从动门之间的联动失效,主动门与从动门之间的联动失效,,raw_fault_text,原始故障文本,,local:xlsx,,1,,,,#f59e0b,6
raw_cause:主电源开关失效,raw_cause:主电源开关失效,主电源开关失效,,raw_fault_text,原始故障文本,,local:xlsx,,1,,,,#f59e0b,6
raw_cause:主电源断开,raw_cause:主电源断开,主电源断开,,raw_fault_text,原始故障文本,,local:xlsx,,9,,,,#f59e0b,6
raw_cause:二楼门锁虚接，轿门锁片磨损，产品质量太差，需要领料更换，调整门锁，增大压量，目前电梯正常运行，语音报站正常的,raw_cause:二楼门锁虚接，轿门锁片磨损，产品质量太差，需要领料更换，调整门锁，增大压量，目前电梯正常运行，语音报站正常的,二楼门锁虚接，轿门锁片磨损，产品质量太差，需要领料更换，调整门锁，增大压量，目前电梯正常运行，语音报站正常的,,raw_fault_text,原始故障文本,,local:fau_rep.xls,,1,0.0012106537530266344,,,#f59e0b,6
raw_cause:人为损坏 暂时不修 看物业怎么处理 ， 门都合不上,raw_cause:人为损坏 暂时不修 看物业怎么处理 ， 门都合不上,人为损坏 暂时不修 看物业怎么处理 ， 门都合不上,,raw_fault_text,原始故障文本,,local:fau_rep.xls,,1,0.0012106537530266344,,,#f59e0b,6
raw_cause:人为损坏，电梯门扇被撞,raw_cause:人为损坏，电梯门扇被撞,人为损坏，电梯门扇被撞,,raw_fault_text,原始故障文本,,local:fau_rep.xls,,1,0.0012106537530266344,,,#f59e0b,6
raw_cause:今天PDA手机看不了故障，更换轿门触点,raw_cause:今天PDA手机看不了故障，更换轿门触点,今天PDA手机看不了故障，更换轿门触点,,raw_fault_text,原始故障文本,,local:fau_rep.xls,,1,0.0012106537530266344,,,#f59e0b,6
raw_cause:传动皮带过松,raw_cause:传动皮带过松,传动皮带过松,,raw_fault_text,原始故障文本,,local:xlsx,,1,,,,#f59e0b,6
raw_cause:估计挡门搬货,raw_cause:估计挡门搬货,估计挡门搬货,,raw_fault_text,原始故障文本,,local:fau_rep.xls,,1,0.0012106537530266344,,,#f59e0b,6
raw_cause:修好了，厅门调整不良,raw_cause:修好了，厅门调整不良,修好了，厅门调整不良,,raw_fault_text,原始故障文本,,local:fau_rep.xls,,3,0.0036319612590799033,,,#f59e0b,6
raw_cause:光幕上太脏了,raw_cause:光幕上太脏了,光幕上太脏了,,raw_fault_text,原始故障文本,,local:fau_rep.xls,,1,0.0012106537530266344,,,#f59e0b,6
raw_cause:光幕不亮需更换，已停,raw_cause:光幕不亮需更换，已停,光幕不亮需更换，已停,,raw_fault_text,原始故障文本,,local:fau_rep.xls,,1,0.0012106537530266344,,,#f59e0b,6
raw_cause:光幕不好 现在可以用 已经跟客户说,raw_cause:光幕不好 现在可以用 已经跟客户说,光幕不好 现在可以用 已经跟客户说,,raw_fault_text,原始故障文本,,local:fau_rep.xls,,1,0.0012106537530266344,,,#f59e0b,6
raw_cause:光幕不好了，在坏就停梯了,raw_cause:光幕不好了，在坏就停梯了,光幕不好了，在坏就停梯了,,raw_fault_text,原始故障文本,,local:fau_rep.xls,,1,0.0012106537530266344,,,#f59e0b,6
raw_cause:光幕不良 调整已好,raw_cause:光幕不良 调整已好,光幕不良 调整已好,,raw_fault_text,原始故障文本,,local:fau_rep.xls,,1,0.0012106537530266344,,,#f59e0b,6
raw_cause:光幕不良已好,raw_cause:光幕不良已好,光幕不良已好,,raw_fault_text,原始故障文本,,local:fau_rep.xls,,2,0.002421307506053269,,,#f59e0b,6
raw_cause:光幕动作已修复,raw_cause:光幕动作已修复,光幕动作已修复,,raw_fault_text,原始故障文本,,local:fau_rep.xls,,2,0.002421307506053269,,,#f59e0b,6
raw_cause:光幕又被贴胶布，已清理。,raw_cause:光幕又被贴胶布，已清理。,光幕又被贴胶布，已清理。,,raw_fault_text,原始故障文本,,local:fau_rep.xls,,1,0.0012106537530266344,,,#f59e0b,6
raw_cause:光幕坏。已更换,raw_cause:光幕坏。已更换,光幕坏。已更换,,raw_fault_text,原始故障文本,,local:fau_rep.xls,,1,0.0012106537530266344,,,#f59e0b,6
raw_cause:光幕坏了 停梯,raw_cause:光幕坏了 停梯,光幕坏了 停梯,,raw_fault_text,原始故障文本,,local:fau_rep.xls,,1,0.0012106537530266344,,,#f59e0b,6
"raw_cause:光幕坏了,停梯","raw_cause:光幕坏了,停梯","光幕坏了,停梯",,raw_fault_text,原始故障文本,,local:fau_rep.xls,,1,0.0012106537530266344,,,#f59e0b,6
raw_cause:光幕坏了停梯,raw_cause:光幕坏了停梯,光幕坏了停梯,,raw_fault_text,原始故障文本,,local:fau_rep.xls,,1,0.0012106537530266344,,,#f59e0b,6
raw_cause:光幕坏了已停梯 ，已预约明天早上更换,raw_cause:光幕坏了已停梯 ，已预约明天早上更换,光幕坏了已停梯 ，已预约明天早上更换,,raw_fault_text,原始故障文本,,local:fau_rep.xls,,1,0.0012106537530266344,,,#f59e0b,6
raw_cause:光幕坏了已经申领，用户同意停梯更换光幕再开启,raw_cause:光幕坏了已经申领，用户同意停梯更换光幕再开启,光幕坏了已经申领，用户同意停梯更换光幕再开启,,raw_fault_text,原始故障文本,,local:fau_rep.xls,,1,0.0012106537530266344,,,#f59e0b,6
raw_cause:光幕坏了要跟换光幕 三包期电梯,raw_cause:光幕坏了要跟换光幕 三包期电梯,光幕坏了要跟换光幕 三包期电梯,,raw_fault_text,原始故障文本,,local:fau_rep.xls,,1,0.0012106537530266344,,,#f59e0b,6
raw_cause:光幕坏了让王管领了,raw_cause:光幕坏了让王管领了,光幕坏了让王管领了,,raw_fault_text,原始故障文本,,local:fau_rep.xls,,1,0.0012106537530266344,,,#f59e0b,6
raw_cause:光幕坏了需更换，没停梯,raw_cause:光幕坏了需更换，没停梯,光幕坏了需更换，没停梯,,raw_fault_text,原始故障文本,,local:fau_rep.xls,,1,0.0012106537530266344,,,#f59e0b,6
raw_cause:光幕坏了，先停了,raw_cause:光幕坏了，先停了,光幕坏了，先停了,,raw_fault_text,原始故障文本,,local:fau_rep.xls,,1,0.0012106537530266344,,,#f59e0b,6
raw_cause:光幕坏了，客户装修拉货卡门就死机,raw_cause:光幕坏了，客户装修拉货卡门就死机,光幕坏了，客户装修拉货卡门就死机,,raw_fault_text,原始故障文本,,local:fau_rep.xls,,1,0.0012106537530266344,,,#f59e0b,6
raw_cause:光幕坏了，等材料,raw_cause:光幕坏了，等材料,光幕坏了，等材料,,raw_fault_text,原始故障文本,,local:fau_rep.xls,,1,0.0012106537530266344,,,#f59e0b,6
raw_cause:光幕坏等用户配件，停梯,raw_cause:光幕坏等用户配件，停梯,光幕坏等用户配件，停梯,,raw_fault_text,原始故障文本,,local:fau_rep.xls,,1,0.0012106537530266344,,,#f59e0b,6
raw_cause:光幕坏，停梯等配件,raw_cause:光幕坏，停梯等配件,光幕坏，停梯等配件,,raw_fault_text,原始故障文本,,local:fau_rep.xls,,1,0.0012106537530266344,,,#f59e0b,6
raw_cause:光幕太脏,raw_cause:光幕太脏,光幕太脏,,raw_fault_text,原始故障文本,,local:fau_rep.xls,,2,0.002421307506053269,,,#f59e0b,6
raw_cause:光幕太脏 已恢复正常,raw_cause:光幕太脏 已恢复正常,光幕太脏 已恢复正常,,raw_fault_text,原始故障文本,,local:fau_rep.xls,,1,0.0012106537530266344,,,#f59e0b,6
raw_cause:光幕太脏导致不关门，已正常。,raw_cause:光幕太脏导致不关门，已正常。,光幕太脏导致不关门，已正常。,,raw_fault_text,原始故障文本,,local:fau_rep.xls,,1,0.0012106537530266344,,,#f59e0b,6
raw_cause:光幕太脏门关不上，已处理,raw_cause:光幕太脏门关不上，已处理,光幕太脏门关不上，已处理,,raw_fault_text,原始故障文本,,local:fau_rep.xls,,1,0.0012106537530266344,,,#f59e0b,6
raw_cause:光幕太脏，处理完毕,raw_cause:光幕太脏，处理完毕,光幕太脏，处理完毕,,raw_fault_text,原始故障文本,,local:fau_rep.xls,,1,0.0012106537530266344,,,#f59e0b,6
raw_cause:光幕太脏，已清理恢复,raw_cause:光幕太脏，已清理恢复,光幕太脏，已清理恢复,,raw_fault_text,原始故障文本,,local:fau_rep.xls,,1,0.0012106537530266344,,,#f59e0b,6
raw_cause:光幕幢,raw_cause:光幕幢,光幕幢,,raw_fault_text,原始故障文本,,local:fau_rep.xls,,1,0.0012106537530266344,,,#f59e0b,6
raw_cause:光幕感应不良,raw_cause:光幕感应不良,光幕感应不良,,raw_fault_text,原始故障文本,,local:fau_rep.xls,,1,0.0012106537530266344,,,#f59e0b,6
raw_cause:光幕挡久了保护了，客户使用不良,raw_cause:光幕挡久了保护了，客户使用不良,光幕挡久了保护了，客户使用不良,,raw_fault_text,原始故障文本,,local:fau_rep.xls,,2,0.002421307506053269,,,#f59e0b,6
raw_cause:光幕挡门太久保护了,raw_cause:光幕挡门太久保护了,光幕挡门太久保护了,,raw_fault_text,原始故障文本,,local:fau_rep.xls,,1,0.0012106537530266344,,,#f59e0b,6
raw_cause:光幕接触不良导致有时候不关门，暂时已处理，还有待观察，,raw_cause:光幕接触不良导致有时候不关门，暂时已处理，还有待观察，,光幕接触不良导致有时候不关门，暂时已处理，还有待观察，,,raw_fault_text,原始故障文本,,local:fau_rep.xls,,1,0.0012106537530266344,,,#f59e0b,6
raw_cause:光幕故障需要走三包更换，先停梯,raw_cause:光幕故障需要走三包更换，先停梯,光幕故障需要走三包更换，先停梯,,raw_fault_text,原始故障文本,,local:fau_rep.xls,,1,0.0012106537530266344,,,#f59e0b,6
raw_cause:光幕有灰,raw_cause:光幕有灰,光幕有灰,,raw_fault_text,原始故障文本,,local:fau_rep.xls,,1,0.0012106537530266344,,,#f59e0b,6
raw_cause:光幕条脏了导致电梯不关门,raw_cause:光幕条脏了导致电梯不关门,光幕条脏了导致电梯不关门,,raw_fault_text,原始故障文本,,local:fau_rep.xls,,1,0.0012106537530266344,,,#f59e0b,6
raw_cause:光幕积灰,raw_cause:光幕积灰,光幕积灰,,raw_fault_text,原始故障文本,,local:fau_rep.xls,,1,0.0012106537530266344,,,#f59e0b,6
raw_cause:光幕线接触不良,raw_cause:光幕线接触不良,光幕线接触不良,,raw_fault_text,原始故障文本,,local:fau_rep.xls,,1,0.0012106537530266344,,,#f59e0b,6
raw_cause:光幕脏,raw_cause:光幕脏,光幕脏,,raw_fault_text,原始故障文本,,local:fau_rep.xls,,2,0.002421307506053269,,,#f59e0b,6
raw_cause:光幕脏 已清理,raw_cause:光幕脏 已清理,光幕脏 已清理,,raw_fault_text,原始故障文本,,local:fau_rep.xls,,1,0.0012106537530266344,,,#f59e0b,6
raw_cause:光幕脏了,raw_cause:光幕脏了,光幕脏了,,raw_fault_text,原始故障文本,,local:fau_rep.xls,,1,0.0012106537530266344,,,#f59e0b,6
raw_cause:光幕脏，,raw_cause:光幕脏，,光幕脏，,,raw_fault_text,原始故障文本,,local:fau_rep.xls,,1,0.0012106537530266344,,,#f59e0b,6
raw_cause:光幕脏，已清理,raw_cause:光幕脏，已清理,光幕脏，已清理,,raw_fault_text,原始故障文本,,local:fau_rep.xls,,1,0.0012106537530266344,,,#f59e0b,6
raw_cause:光幕被塑料袋挡着门不关已处理,raw_cause:光幕被塑料袋挡着门不关已处理,光幕被塑料袋挡着门不关已处理,,raw_fault_text,原始故障文本,,local:fau_rep.xls,,1,0.0012106537530266344,,,#f59e0b,6
raw_cause:光幕被拉装修垃圾的灰尘挡住，长时间不关门造成死机,raw_cause:光幕被拉装修垃圾的灰尘挡住，长时间不关门造成死机,光幕被拉装修垃圾的灰尘挡住，长时间不关门造成死机,,raw_fault_text,原始故障文本,,local:fau_rep.xls,,1,0.0012106537530266344,,,#f59e0b,6
raw_cause:光幕问题,raw_cause:光幕问题,光幕问题,,raw_fault_text,原始故障文本,,local:fau_rep.xls,,1,0.0012106537530266344,,,#f59e0b,6
raw_cause:光幕问题 三包期内，已更换,raw_cause:光幕问题 三包期内，已更换,光幕问题 三包期内，已更换,,raw_fault_text,原始故障文本,,local:fau_rep.xls,,1,0.0012106537530266344,,,#f59e0b,6
raw_cause:关幕脏,raw_cause:关幕脏,关幕脏,,raw_fault_text,原始故障文本,,local:fau_rep.xls,,1,0.0012106537530266344,,,#f59e0b,6
raw_cause:关门保护 按关门键后恢复正常 未用材料,raw_cause:关门保护 按关门键后恢复正常 未用材料,关门保护 按关门键后恢复正常 未用材料,,raw_fault_text,原始故障文本,,local:fau_rep.xls,,1,0.0012106537530266344,,,#f59e0b,6
raw_cause:关门延时死机,raw_cause:关门延时死机,关门延时死机,,raw_fault_text,原始故障文本,,local:fau_rep.xls,,1,0.0012106537530266344,,,#f59e0b,6
raw_cause:关门超时,raw_cause:关门超时,关门超时,,raw_fault_text,原始故障文本,,local:fau_rep.xls,,2,0.002421307506053269,,,#f59e0b,6
raw_cause:关门超时死机,raw_cause:关门超时死机,关门超时死机,,raw_fault_text,原始故障文本,,local:fau_rep.xls,,4,0.0036319612590799033,,,#f59e0b,6
raw_cause:关门超时死机使用不良撞门引起,raw_cause:关门超时死机使用不良撞门引起,关门超时死机使用不良撞门引起,,raw_fault_text,原始故障文本,,local:fau_rep.xls,,1,0.0012106537530266344,,,#f59e0b,6
raw_cause:关门超时死机和厅门锁短接故障,raw_cause:关门超时死机和厅门锁短接故障,关门超时死机和厅门锁短接故障,,raw_fault_text,原始故障文本,,local:fau_rep.xls,,1,0.0012106537530266344,,,#f59e0b,6
raw_cause:关门超时死机和厅门锁短接故障代码,raw_cause:关门超时死机和厅门锁短接故障代码,关门超时死机和厅门锁短接故障代码,,raw_fault_text,原始故障文本,,local:fau_rep.xls,,1,0.0012106537530266344,,,#f59e0b,6
raw_cause:关门超时死机过了,raw_cause:关门超时死机过了,关门超时死机过了,,raw_fault_text,原始故障文本,,local:fau_rep.xls,,1,0.0012106537530266344,,,#f59e0b,6
raw_cause:其他,raw_cause:其他,其他,,raw_fault_text,原始故障文本,,local:xlsx,,491,,,,#f59e0b,6
raw_cause:减速开关已更换，电梯恢复,raw_cause:减速开关已更换，电梯恢复,减速开关已更换，电梯恢复,,raw_fault_text,原始故障文本,,local:fau_rep.xls,,1,0.0012106537530266344,,,#f59e0b,6
raw_cause:初步判断门机问题 已领货 预计明天到货 货到更换,raw_cause:初步判断门机问题 已领货 预计明天到货 货到更换,初步判断门机问题 已领货 预计明天到货 货到更换,,raw_fault_text,原始故障文本,,local:fau_rep.xls,,1,0.0012106537530266344,,,#f59e0b,6
raw_cause:到达时好的正常运行,raw_cause:到达时好的正常运行,到达时好的正常运行,,raw_fault_text,原始故障文本,,local:fau_rep.xls,,1,0.0012106537530266344,,,#f59e0b,6
raw_cause:到达正常,raw_cause:到达正常,到达正常,,raw_fault_text,原始故障文本,,local:fau_rep.xls,,1,0.0012106537530266344,,,#f59e0b,6
raw_cause:到达正常，可能是运货的挡住门了,raw_cause:到达正常，可能是运货的挡住门了,到达正常，可能是运货的挡住门了,,raw_fault_text,原始故障文本,,local:fau_rep.xls,,1,0.0012106537530266344,,,#f59e0b,6
raw_cause:到达正常，开关门异响调整,raw_cause:到达正常，开关门异响调整,到达正常，开关门异响调整,,raw_fault_text,原始故障文本,,local:fau_rep.xls,,1,0.0012106537530266344,,,#f59e0b,6
raw_cause:到达正常，清理光幕灰尘,raw_cause:到达正常，清理光幕灰尘,到达正常，清理光幕灰尘,,raw_fault_text,原始故障文本,,local:fau_rep.xls,,1,0.0012106537530266344,,,#f59e0b,6
raw_cause:到达现场是好的 因现场有人施工 电梯阻挡占用 已告知酒店,raw_cause:到达现场是好的 因现场有人施工 电梯阻挡占用 已告知酒店,到达现场是好的 因现场有人施工 电梯阻挡占用 已告知酒店,,raw_fault_text,原始故障文本,,local:fau_rep.xls,,1,0.0012106537530266344,,,#f59e0b,6
raw_cause:制动器故障,raw_cause:制动器故障,制动器故障,,raw_fault_text,原始故障文本,,local:xlsx,,3,,,,#f59e0b,6
raw_cause:副轿门被撞脱轨卡死调整,raw_cause:副轿门被撞脱轨卡死调整,副轿门被撞脱轨卡死调整,,raw_fault_text,原始故障文本,,local:fau_rep.xls,,1,0.0012106537530266344,,,#f59e0b,6
raw_cause:副门垃圾卡轿门,raw_cause:副门垃圾卡轿门,副门垃圾卡轿门,,raw_fault_text,原始故障文本,,local:fau_rep.xls,,1,0.0012106537530266344,,,#f59e0b,6
raw_cause:副门锁开关坏所致已拆借解决，,raw_cause:副门锁开关坏所致已拆借解决，,副门锁开关坏所致已拆借解决，,,raw_fault_text,原始故障文本,,local:fau_rep.xls,,1,0.0012106537530266344,,,#f59e0b,6
raw_cause:副门门机故障，已经恢复。,raw_cause:副门门机故障，已经恢复。,副门门机故障，已经恢复。,,raw_fault_text,原始故障文本,,local:fau_rep.xls,,1,0.0012106537530266344,,,#f59e0b,6
raw_cause:卡住死机,raw_cause:卡住死机,卡住死机,,raw_fault_text,原始故障文本,,local:fau_rep.xls,,1,0.0012106537530266344,,,#f59e0b,6
raw_cause:卡门保护，已重启恢复正常,raw_cause:卡门保护，已重启恢复正常,卡门保护，已重启恢复正常,,raw_fault_text,原始故障文本,,local:fau_rep.xls,,1,0.0012106537530266344,,,#f59e0b,6
raw_cause:卡门死机了，已恢复,raw_cause:卡门死机了，已恢复,卡门死机了，已恢复,,raw_fault_text,原始故障文本,,local:fau_rep.xls,,1,0.0012106537530266344,,,#f59e0b,6
raw_cause:厅门不通,raw_cause:厅门不通,厅门不通,,raw_fault_text,原始故障文本,,local:fau_rep.xls,,4,0.004842615012106538,,,#f59e0b,6
raw_cause:厅门压量调整,raw_cause:厅门压量调整,厅门压量调整,,raw_fault_text,原始故障文本,,local:fau_rep.xls,,3,0.0036319612590799033,,,#f59e0b,6
raw_cause:厅门地坎垃圾卡住了,raw_cause:厅门地坎垃圾卡住了,厅门地坎垃圾卡住了,,raw_fault_text,原始故障文本,,local:fau_rep.xls,,2,0.002421307506053269,,,#f59e0b,6
raw_cause:厅门异物卡住,raw_cause:厅门异物卡住,厅门异物卡住,,raw_fault_text,原始故障文本,,local:fau_rep.xls,,2,0.002421307506053269,,,#f59e0b,6
raw_cause:厅门自闭不良,raw_cause:厅门自闭不良,厅门自闭不良,,raw_fault_text,原始故障文本,,local:fau_rep.xls,,3,0.0036319612590799033,,,#f59e0b,6
raw_cause:厅门自闭不良已恢复运行,raw_cause:厅门自闭不良已恢复运行,厅门自闭不良已恢复运行,,raw_fault_text,原始故障文本,,local:fau_rep.xls,,2,0.002421307506053269,,,#f59e0b,6
raw_cause:厅门触点不通,raw_cause:厅门触点不通,厅门触点不通,,raw_fault_text,原始故障文本,,local:fau_rep.xls,,2,0.002421307506053269,,,#f59e0b,6
raw_cause:厅门触点线虚接,raw_cause:厅门触点线虚接,厅门触点线虚接,,raw_fault_text,原始故障文本,,local:fau_rep.xls,,3,0.0036319612590799033,,,#f59e0b,6
raw_cause:厅门调整,raw_cause:厅门调整,厅门调整,,raw_fault_text,原始故障文本,,local:fau_rep.xls,,3,0.0036319612590799033,,,#f59e0b,6
raw_cause:厅门锁不通,raw_cause:厅门锁不通,厅门锁不通,,raw_fault_text,原始故障文本,,local:fau_rep.xls,,6,0.007263922518159807,,,#f59e0b,6
raw_cause:厅门锁不通，己好,raw_cause:厅门锁不通，己好,厅门锁不通，己好,,raw_fault_text,原始故障文本,,local:fau_rep.xls,,2,0.002421307506053269,,,#f59e0b,6
raw_cause:厅门锁失效,raw_cause:厅门锁失效,厅门锁失效,,raw_fault_text,原始故障文本,,local:xlsx,,194,,,,#f59e0b,6
raw_cause:变频器失效,raw_cause:变频器失效,变频器失效,,raw_fault_text,原始故障文本,,local:xlsx,,101,,,,#f59e0b,6
raw_cause:另外一台停地下室门被门口的木板卡住了,raw_cause:另外一台停地下室门被门口的木板卡住了,另外一台停地下室门被门口的木板卡住了,,raw_fault_text,原始故障文本,,local:fau_rep.xls,,1,0.0012106537530266344,,,#f59e0b,6
raw_cause:召唤失败,raw_cause:召唤失败,召唤失败,,raw_fault_text,原始故障文本,,local:xlsx,,10,,,,#f59e0b,6
raw_cause:地下室厅门滑块潮湿发涨，关不上死机， 新梯备件以更换恢复正常,raw_cause:地下室厅门滑块潮湿发涨，关不上死机， 新梯备件以更换恢复正常,地下室厅门滑块潮湿发涨，关不上死机， 新梯备件以更换恢复正常,,raw_fault_text,原始故障文本,,local:fau_rep.xls,,1,0.0012106537530266344,,,#f59e0b,6
raw_cause:地下室地坎需要更换2台下个星期大修会去换的具体时间还没定,raw_cause:地下室地坎需要更换2台下个星期大修会去换的具体时间还没定,地下室地坎需要更换2台下个星期大修会去换的具体时间还没定,,raw_fault_text,原始故障文本,,local:fau_rep.xls,,1,0.0012106537530266344,,,#f59e0b,6
raw_cause:地下室门被打开，已恢复,raw_cause:地下室门被打开，已恢复,地下室门被打开，已恢复,,raw_fault_text,原始故障文本,,local:fau_rep.xls,,1,0.0012106537530266344,,,#f59e0b,6
raw_cause:地坎卡东西了,raw_cause:地坎卡东西了,地坎卡东西了,,raw_fault_text,原始故障文本,,local:fau_rep.xls,,1,0.0012106537530266344,,,#f59e0b,6
raw_cause:地坎垃圾卡住不关门 三包期外电梯,raw_cause:地坎垃圾卡住不关门 三包期外电梯,地坎垃圾卡住不关门 三包期外电梯,,raw_fault_text,原始故障文本,,local:fau_rep.xls,,1,0.0012106537530266344,,,#f59e0b,6
raw_cause:地坎垃圾卡死，己好,raw_cause:地坎垃圾卡死，己好,地坎垃圾卡死，己好,,raw_fault_text,原始故障文本,,local:fau_rep.xls,,1,0.0012106537530266344,,,#f59e0b,6
raw_cause:地坎垃圾卡牢,raw_cause:地坎垃圾卡牢,地坎垃圾卡牢,,raw_fault_text,原始故障文本,,local:fau_rep.xls,,2,0.002421307506053269,,,#f59e0b,6
raw_cause:地坎异物卡,raw_cause:地坎异物卡,地坎异物卡,,raw_fault_text,原始故障文本,,local:fau_rep.xls,,1,0.0012106537530266344,,,#f59e0b,6
raw_cause:地坎异物卡住门了 清理地坎恢复正常运行,raw_cause:地坎异物卡住门了 清理地坎恢复正常运行,地坎异物卡住门了 清理地坎恢复正常运行,,raw_fault_text,原始故障文本,,local:fau_rep.xls,,1,0.0012106537530266344,,,#f59e0b,6
raw_cause:地坎异物垃圾过多,raw_cause:地坎异物垃圾过多,地坎异物垃圾过多,,raw_fault_text,原始故障文本,,local:fau_rep.xls,,1,0.0012106537530266344,,,#f59e0b,6
raw_cause:地坎有垃圾卡住了,raw_cause:地坎有垃圾卡住了,地坎有垃圾卡住了,,raw_fault_text,原始故障文本,,local:fau_rep.xls,,1,0.0012106537530266344,,,#f59e0b,6
raw_cause:地坎有异物导致关门不良,raw_cause:地坎有异物导致关门不良,地坎有异物导致关门不良,,raw_fault_text,原始故障文本,,local:fau_rep.xls,,1,0.0012106537530266344,,,#f59e0b,6
raw_cause:地坎有石子，门卡住死机了，已清理，电梯已恢复运行,raw_cause:地坎有石子，门卡住死机了，已清理，电梯已恢复运行,地坎有石子，门卡住死机了，已清理，电梯已恢复运行,,raw_fault_text,原始故障文本,,local:fau_rep.xls,,1,0.0012106537530266344,,,#f59e0b,6
raw_cause:地坑垃圾门卡住,raw_cause:地坑垃圾门卡住,地坑垃圾门卡住,,raw_fault_text,原始故障文本,,local:fau_rep.xls,,1,0.0012106537530266344,,,#f59e0b,6
raw_cause:地坑开关不好，死机了,raw_cause:地坑开关不好，死机了,地坑开关不好，死机了,,raw_fault_text,原始故障文本,,local:fau_rep.xls,,1,0.0012106537530266344,,,#f59e0b,6
raw_cause:地球科学院货梯 门机故障.理学楼，做防水的底坑急停未复位，这台梯还没交维保,raw_cause:地球科学院货梯 门机故障.理学楼，做防水的底坑急停未复位，这台梯还没交维保,地球科学院货梯 门机故障.理学楼，做防水的底坑急停未复位，这台梯还没交维保,,raw_fault_text,原始故障文本,,local:fau_rep.xls,,1,0.0012106537530266344,,,#f59e0b,6
raw_cause:坎保护罩变形,raw_cause:坎保护罩变形,坎保护罩变形,,raw_fault_text,原始故障文本,,local:fau_rep.xls,,1,0.0012106537530266344,,,#f59e0b,6
raw_cause:垃圾卡主死机,raw_cause:垃圾卡主死机,垃圾卡主死机,,raw_fault_text,原始故障文本,,local:fau_rep.xls,,1,0.0012106537530266344,,,#f59e0b,6
raw_cause:垃圾卡住,raw_cause:垃圾卡住,垃圾卡住,,raw_fault_text,原始故障文本,,local:fau_rep.xls,,2,0.002421307506053269,,,#f59e0b,6
raw_cause:垃圾卡住死机,raw_cause:垃圾卡住死机,垃圾卡住死机,,raw_fault_text,原始故障文本,,local:fau_rep.xls,,2,0.002421307506053269,,,#f59e0b,6
raw_cause:垃圾卡住门,raw_cause:垃圾卡住门,垃圾卡住门,,raw_fault_text,原始故障文本,,local:fau_rep.xls,,1,0.0012106537530266344,,,#f59e0b,6
raw_cause:垃圾卡厅门致厅门不通,raw_cause:垃圾卡厅门致厅门不通,垃圾卡厅门致厅门不通,,raw_fault_text,原始故障文本,,local:fau_rep.xls,,1,0.0012106537530266344,,,#f59e0b,6
raw_cause:垃圾卡门,raw_cause:垃圾卡门,垃圾卡门,,raw_fault_text,原始故障文本,,local:fau_rep.xls,,2,0.002421307506053269,,,#f59e0b,6
raw_cause:垃圾卡门故障已搞好,raw_cause:垃圾卡门故障已搞好,垃圾卡门故障已搞好,,raw_fault_text,原始故障文本,,local:fau_rep.xls,,1,0.0012106537530266344,,,#f59e0b,6
raw_cause:垃圾卡门死机,raw_cause:垃圾卡门死机,垃圾卡门死机,,raw_fault_text,原始故障文本,,local:fau_rep.xls,,1,0.0012106537530266344,,,#f59e0b,6
raw_cause:垃圾遮挡光幕，已修好,raw_cause:垃圾遮挡光幕，已修好,垃圾遮挡光幕，已修好,,raw_fault_text,原始故障文本,,local:fau_rep.xls,,1,0.0012106537530266344,,,#f59e0b,6
raw_cause:堵门死机,raw_cause:堵门死机,堵门死机,,raw_fault_text,原始故障文本,,local:fau_rep.xls,,1,0.0012106537530266344,,,#f59e0b,6
raw_cause:堵门死机故障,raw_cause:堵门死机故障,堵门死机故障,,raw_fault_text,原始故障文本,,local:fau_rep.xls,,3,0.0036319612590799033,,,#f59e0b,6
raw_cause:堵门超时死机故障。已恢复正常,raw_cause:堵门超时死机故障。已恢复正常,堵门超时死机故障。已恢复正常,,raw_fault_text,原始故障文本,,local:fau_rep.xls,,1,0.0012106537530266344,,,#f59e0b,6
raw_cause:堵门造成死机,raw_cause:堵门造成死机,堵门造成死机,,raw_fault_text,原始故障文本,,local:fau_rep.xls,,1,0.0012106537530266344,,,#f59e0b,6
raw_cause:好了 厅门自闭不良 已处理,raw_cause:好了 厅门自闭不良 已处理,好了 厅门自闭不良 已处理,,raw_fault_text,原始故障文本,,local:fau_rep.xls,,1,0.0012106537530266344,,,#f59e0b,6
raw_cause:好了2F厅门吊挂高度不良调整后正常,raw_cause:好了2F厅门吊挂高度不良调整后正常,好了2F厅门吊挂高度不良调整后正常,,raw_fault_text,原始故障文本,,local:fau_rep.xls,,1,0.0012106537530266344,,,#f59e0b,6
raw_cause:好了。挡门保护了,raw_cause:好了。挡门保护了,好了。挡门保护了,,raw_fault_text,原始故障文本,,local:fau_rep.xls,,1,0.0012106537530266344,,,#f59e0b,6
raw_cause:好了光幕上有异物，导致不关门。已清理。,raw_cause:好了光幕上有异物，导致不关门。已清理。,好了光幕上有异物，导致不关门。已清理。,,raw_fault_text,原始故障文本,,local:fau_rep.xls,,1,0.0012106537530266344,,,#f59e0b,6
raw_cause:好了关门超时死机,raw_cause:好了关门超时死机,好了关门超时死机,,raw_fault_text,原始故障文本,,local:fau_rep.xls,,1,0.0012106537530266344,,,#f59e0b,6
raw_cause:好了厅门卡住死机,raw_cause:好了厅门卡住死机,好了厅门卡住死机,,raw_fault_text,原始故障文本,,local:fau_rep.xls,,1,0.0012106537530266344,,,#f59e0b,6
raw_cause:好了厅门调整,raw_cause:好了厅门调整,好了厅门调整,,raw_fault_text,原始故障文本,,local:fau_rep.xls,,1,0.0012106537530266344,,,#f59e0b,6
raw_cause:好了故障不明,raw_cause:好了故障不明,好了故障不明,,raw_fault_text,原始故障文本,,local:fau_rep.xls,,1,0.0012106537530266344,,,#f59e0b,6
raw_cause:好了，13楼装修异物卡门,raw_cause:好了，13楼装修异物卡门,好了，13楼装修异物卡门,,raw_fault_text,原始故障文本,,local:fau_rep.xls,,1,0.0012106537530266344,,,#f59e0b,6
raw_cause:好了，不关门,raw_cause:好了，不关门,好了，不关门,,raw_fault_text,原始故障文本,,local:fau_rep.xls,,1,0.0012106537530266344,,,#f59e0b,6
raw_cause:好了，业主放电梯口保护大理石的海绵把门卡住了,raw_cause:好了，业主放电梯口保护大理石的海绵把门卡住了,好了，业主放电梯口保护大理石的海绵把门卡住了,,raw_fault_text,原始故障文本,,local:fau_rep.xls,,1,0.0012106537530266344,,,#f59e0b,6
raw_cause:好了，使用不当堵门死机,raw_cause:好了，使用不当堵门死机,好了，使用不当堵门死机,,raw_fault_text,原始故障文本,,local:fau_rep.xls,,1,0.0012106537530266344,,,#f59e0b,6
raw_cause:好了，关门超时死机故障,raw_cause:好了，关门超时死机故障,好了，关门超时死机故障,,raw_fault_text,原始故障文本,,local:fau_rep.xls,,1,0.0012106537530266344,,,#f59e0b,6
raw_cause:好了，厅门吊高不够卡住了,raw_cause:好了，厅门吊高不够卡住了,好了，厅门吊高不够卡住了,,raw_fault_text,原始故障文本,,local:fau_rep.xls,,1,0.0012106537530266344,,,#f59e0b,6
raw_cause:好了，厅门回路线断掉了，已处理好现已恢复正常,raw_cause:好了，厅门回路线断掉了，已处理好现已恢复正常,好了，厅门回路线断掉了，已处理好现已恢复正常,,raw_fault_text,原始故障文本,,local:fau_rep.xls,,1,0.0012106537530266344,,,#f59e0b,6
raw_cause:好了，厅门底缝太小门关不了。已调整,raw_cause:好了，厅门底缝太小门关不了。已调整,好了，厅门底缝太小门关不了。已调整,,raw_fault_text,原始故障文本,,local:fau_rep.xls,,1,0.0012106537530266344,,,#f59e0b,6
raw_cause:好了，厅门有装修垃圾,raw_cause:好了，厅门有装修垃圾,好了，厅门有装修垃圾,,raw_fault_text,原始故障文本,,local:fau_rep.xls,,1,0.0012106537530266344,,,#f59e0b,6
raw_cause:好了，厅门被地板挡住了，已经恢复正常运行,raw_cause:好了，厅门被地板挡住了，已经恢复正常运行,好了，厅门被地板挡住了，已经恢复正常运行,,raw_fault_text,原始故障文本,,local:fau_rep.xls,,1,0.0012106537530266344,,,#f59e0b,6
raw_cause:好了，厅门调整,raw_cause:好了，厅门调整,好了，厅门调整,,raw_fault_text,原始故障文本,,local:fau_rep.xls,,1,0.0012106537530266344,,,#f59e0b,6
raw_cause:好了，有人开门保护了,raw_cause:好了，有人开门保护了,好了，有人开门保护了,,raw_fault_text,原始故障文本,,local:fau_rep.xls,,1,0.0012106537530266344,,,#f59e0b,6
raw_cause:好了，死机,raw_cause:好了，死机,好了，死机,,raw_fault_text,原始故障文本,,local:fau_rep.xls,,1,0.0012106537530266344,,,#f59e0b,6
raw_cause:好了，皮带脱落,raw_cause:好了，皮带脱落,好了，皮带脱落,,raw_fault_text,原始故障文本,,local:fau_rep.xls,,1,0.0012106537530266344,,,#f59e0b,6
raw_cause:好了，轿门皮带脱槽螺丝松了,raw_cause:好了，轿门皮带脱槽螺丝松了,好了，轿门皮带脱槽螺丝松了,,raw_fault_text,原始故障文本,,local:fau_rep.xls,,1,0.0012106537530266344,,,#f59e0b,6
raw_cause:好了，轿门脱轨,raw_cause:好了，轿门脱轨,好了，轿门脱轨,,raw_fault_text,原始故障文本,,local:fau_rep.xls,,1,0.0012106537530266344,,,#f59e0b,6
raw_cause:好了，轿门锁故障,raw_cause:好了，轿门锁故障,好了，轿门锁故障,,raw_fault_text,原始故障文本,,local:fau_rep.xls,,1,0.0012106537530266344,,,#f59e0b,6
raw_cause:好了，门机故障死机了，已处理好现已恢复正常,raw_cause:好了，门机故障死机了，已处理好现已恢复正常,好了，门机故障死机了，已处理好现已恢复正常,,raw_fault_text,原始故障文本,,local:fau_rep.xls,,1,0.0012106537530266344,,,#f59e0b,6
raw_cause:好了，防护铁丝断了导致厅门锁拉斜了，已处理恢复正常,raw_cause:好了，防护铁丝断了导致厅门锁拉斜了，已处理恢复正常,好了，防护铁丝断了导致厅门锁拉斜了，已处理恢复正常,,raw_fault_text,原始故障文本,,local:fau_rep.xls,,1,0.0012106537530266344,,,#f59e0b,6
raw_cause:好了，骄门锁开关接触不良。已调整。17g003006,raw_cause:好了，骄门锁开关接触不良。已调整。17g003006,好了，骄门锁开关接触不良。已调整。17g003006,,raw_fault_text,原始故障文本,,local:fau_rep.xls,,1,0.0012106537530266344,,,#f59e0b,6
raw_cause:好了：21F挡门太久保护了,raw_cause:好了：21F挡门太久保护了,好了：21F挡门太久保护了,,raw_fault_text,原始故障文本,,local:fau_rep.xls,,1,0.0012106537530266344,,,#f59e0b,6
raw_cause:好了：5F挡门太久保护了,raw_cause:好了：5F挡门太久保护了,好了：5F挡门太久保护了,,raw_fault_text,原始故障文本,,local:fau_rep.xls,,1,0.0012106537530266344,,,#f59e0b,6
raw_cause:好啦，垃圾卡主死机,raw_cause:好啦，垃圾卡主死机,好啦，垃圾卡主死机,,raw_fault_text,原始故障文本,,local:fau_rep.xls,,1,0.0012106537530266344,,,#f59e0b,6
raw_cause:安全回路接地己好,raw_cause:安全回路接地己好,安全回路接地己好,,raw_fault_text,原始故障文本,,local:fau_rep.xls,,1,0.0012106537530266344,,,#f59e0b,6
raw_cause:安全回路断开,raw_cause:安全回路断开,安全回路断开,,raw_fault_text,原始故障文本,,local:xlsx,,104,,,,#f59e0b,6
raw_cause:安全触板不良和97接触器,raw_cause:安全触板不良和97接触器,安全触板不良和97接触器,,raw_fault_text,原始故障文本,,local:fau_rep.xls,,1,0.0012106537530266344,,,#f59e0b,6
raw_cause:安全触板复位不好，门关不上,raw_cause:安全触板复位不好，门关不上,安全触板复位不好，门关不上,,raw_fault_text,原始故障文本,,local:fau_rep.xls,,1,0.0012106537530266344,,,#f59e0b,6
raw_cause:安全触板，光幕等防夹人装置无效,raw_cause:安全触板，光幕等防夹人装置无效,安全触板，光幕等防夹人装置无效,,raw_fault_text,原始故障文本,,local:xlsx,,2,,,,#f59e0b,6
raw_cause:安全钳开关动作,raw_cause:安全钳开关动作,安全钳开关动作,,raw_fault_text,原始故障文本,,local:xlsx,,6,,,,#f59e0b,6
raw_cause:安全门开关不良,raw_cause:安全门开关不良,安全门开关不良,,raw_fault_text,原始故障文本,,local:fau_rep.xls,,1,0.0012106537530266344,,,#f59e0b,6
raw_cause:安全门被施工工人撬开了 现已全部加固,raw_cause:安全门被施工工人撬开了 现已全部加固,安全门被施工工人撬开了 现已全部加固,,raw_fault_text,原始故障文本,,local:fau_rep.xls,,1,0.0012106537530266344,,,#f59e0b,6
raw_cause:客户 装修卡门,raw_cause:客户 装修卡门,客户 装修卡门,,raw_fault_text,原始故障文本,,local:fau_rep.xls,,1,0.0012106537530266344,,,#f59e0b,6
raw_cause:对调门机板 运行观察,raw_cause:对调门机板 运行观察,对调门机板 运行观察,,raw_fault_text,原始故障文本,,local:fau_rep.xls,,1,0.0012106537530266344,,,#f59e0b,6
raw_cause:层门吊高没间距擦地坎了。已经调整好了。,raw_cause:层门吊高没间距擦地坎了。已经调整好了。,层门吊高没间距擦地坎了。已经调整好了。,,raw_fault_text,原始故障文本,,local:fau_rep.xls,,1,0.0012106537530266344,,,#f59e0b,6
raw_cause:工程部在修监控探头门关上打不开了,raw_cause:工程部在修监控探头门关上打不开了,工程部在修监控探头门关上打不开了,,raw_fault_text,原始故障文本,,local:fau_rep.xls,,1,0.0012106537530266344,,,#f59e0b,6
raw_cause:己修复 故障原因厅门自闭不良,raw_cause:己修复 故障原因厅门自闭不良,己修复 故障原因厅门自闭不良,,raw_fault_text,原始故障文本,,local:fau_rep.xls,,1,0.0012106537530266344,,,#f59e0b,6
raw_cause:己修复厅门不通,raw_cause:己修复厅门不通,己修复厅门不通,,raw_fault_text,原始故障文本,,local:fau_rep.xls,,1,0.0012106537530266344,,,#f59e0b,6
raw_cause:己修复地坎变形滑块卡住了开门不顺,raw_cause:己修复地坎变形滑块卡住了开门不顺,己修复地坎变形滑块卡住了开门不顺,,raw_fault_text,原始故障文本,,local:fau_rep.xls,,1,0.0012106537530266344,,,#f59e0b,6
raw_cause:己修复垃货挡门死机了,raw_cause:己修复垃货挡门死机了,己修复垃货挡门死机了,,raw_fault_text,原始故障文本,,local:fau_rep.xls,,1,0.0012106537530266344,,,#f59e0b,6
raw_cause:己修复装修厅门卡石子,raw_cause:己修复装修厅门卡石子,己修复装修厅门卡石子,,raw_fault_text,原始故障文本,,local:fau_rep.xls,,1,0.0012106537530266344,,,#f59e0b,6
raw_cause:己修复，厅门锁不良,raw_cause:己修复，厅门锁不良,己修复，厅门锁不良,,raw_fault_text,原始故障文本,,local:fau_rep.xls,,1,0.0012106537530266344,,,#f59e0b,6
raw_cause:己修复，地坎有异物卡住,raw_cause:己修复，地坎有异物卡住,己修复，地坎有异物卡住,,raw_fault_text,原始故障文本,,local:fau_rep.xls,,1,0.0012106537530266344,,,#f59e0b,6
raw_cause:己好关门超时死机,raw_cause:己好关门超时死机,己好关门超时死机,,raw_fault_text,原始故障文本,,local:fau_rep.xls,,2,0.002421307506053269,,,#f59e0b,6
raw_cause:己好因10楼厅门锁打板调整不良导致厅门锁卡住厅门不通电梯不运行,raw_cause:己好因10楼厅门锁打板调整不良导致厅门锁卡住厅门不通电梯不运行,己好因10楼厅门锁打板调整不良导致厅门锁卡住厅门不通电梯不运行,,raw_fault_text,原始故障文本,,local:fau_rep.xls,,1,0.0012106537530266344,,,#f59e0b,6
raw_cause:已修复，档门太久死机了,raw_cause:已修复，档门太久死机了,已修复，档门太久死机了,,raw_fault_text,原始故障文本,,local:fau_rep.xls,,3,0.0036319612590799033,,,#f59e0b,6
raw_cause:平层感应器失效,raw_cause:平层感应器失效,平层感应器失效,,raw_fault_text,原始故障文本,,local:xlsx,,49,,,,#f59e0b,6
raw_cause:平衡系数不在标准范围内,raw_cause:平衡系数不在标准范围内,平衡系数不在标准范围内,,raw_fault_text,原始故障文本,,local:xlsx,,3,,,,#f59e0b,6
raw_cause:广告纸挡门，已正常,raw_cause:广告纸挡门，已正常,广告纸挡门，已正常,,raw_fault_text,原始故障文本,,local:fau_rep.xls,,1,0.0012106537530266344,,,#f59e0b,6
raw_cause:广电光幕不良已搞好。,raw_cause:广电光幕不良已搞好。,广电光幕不良已搞好。,,raw_fault_text,原始故障文本,,local:fau_rep.xls,,1,0.0012106537530266344,,,#f59e0b,6
raw_cause:建筑垃圾卡门死机，另外一台是正常的,raw_cause:建筑垃圾卡门死机，另外一台是正常的,建筑垃圾卡门死机，另外一台是正常的,,raw_fault_text,原始故障文本,,local:fau_rep.xls,,1,0.0012106537530266344,,,#f59e0b,6
raw_cause:开关门到底开关同时动作故障 导致死机保护 已处理,raw_cause:开关门到底开关同时动作故障 导致死机保护 已处理,开关门到底开关同时动作故障 导致死机保护 已处理,,raw_fault_text,原始故障文本,,local:fau_rep.xls,,1,0.0012106537530266344,,,#f59e0b,6
raw_cause:开关门受阻死机，清理地坎垃圾，电梯已恢复正常，使用环境不良,raw_cause:开关门受阻死机，清理地坎垃圾，电梯已恢复正常，使用环境不良,开关门受阻死机，清理地坎垃圾，电梯已恢复正常，使用环境不良,,raw_fault_text,原始故障文本,,local:fau_rep.xls,,1,0.0012106537530266344,,,#f59e0b,6
raw_cause:开关门堵死,raw_cause:开关门堵死,开关门堵死,,raw_fault_text,原始故障文本,,local:fau_rep.xls,,3,0.0036319612590799033,,,#f59e0b,6
raw_cause:开关门堵死 修复,raw_cause:开关门堵死 修复,开关门堵死 修复,,raw_fault_text,原始故障文本,,local:fau_rep.xls,,2,0.0012106537530266344,,,#f59e0b,6
raw_cause:开关门堵死故障 修复,raw_cause:开关门堵死故障 修复,开关门堵死故障 修复,,raw_fault_text,原始故障文本,,local:fau_rep.xls,,1,0.0012106537530266344,,,#f59e0b,6
raw_cause:开门死机,raw_cause:开门死机,开门死机,,raw_fault_text,原始故障文本,,local:fau_rep.xls,,1,0.0012106537530266344,,,#f59e0b,6
raw_cause:开门终端开关有污垢接触不好，导致电梯不关门，已处理待观察一下,raw_cause:开门终端开关有污垢接触不好，导致电梯不关门，已处理待观察一下,开门终端开关有污垢接触不好，导致电梯不关门，已处理待观察一下,,raw_fault_text,原始故障文本,,local:fau_rep.xls,,1,0.0012106537530266344,,,#f59e0b,6
raw_cause:开门限位开关松动接触不良.已调整,raw_cause:开门限位开关松动接触不良.已调整,开门限位开关松动接触不良.已调整,,raw_fault_text,原始故障文本,,local:fau_rep.xls,,1,0.0012106537530266344,,,#f59e0b,6
raw_cause:张紧轮开关动作,raw_cause:张紧轮开关动作,张紧轮开关动作,,raw_fault_text,原始故障文本,,local:xlsx,,22,,,,#f59e0b,6
raw_cause:很多泥沙卡住厅门地坎,raw_cause:很多泥沙卡住厅门地坎,很多泥沙卡住厅门地坎,,raw_fault_text,原始故障文本,,local:fau_rep.xls,,1,0.0012106537530266344,,,#f59e0b,6
raw_cause:恢复正常，一楼主触点氧化,raw_cause:恢复正常，一楼主触点氧化,恢复正常，一楼主触点氧化,,raw_fault_text,原始故障文本,,local:fau_rep.xls,,1,0.0012106537530266344,,,#f59e0b,6
raw_cause:感应器坏了停梯,raw_cause:感应器坏了停梯,感应器坏了停梯,,raw_fault_text,原始故障文本,,local:fau_rep.xls,,1,0.0012106537530266344,,,#f59e0b,6
raw_cause:扫帚卡住轿门已修复,raw_cause:扫帚卡住轿门已修复,扫帚卡住轿门已修复,,raw_fault_text,原始故障文本,,local:fau_rep.xls,,1,0.0012106537530266344,,,#f59e0b,6
raw_cause:扶梯好了，扶手带入口开关打了,raw_cause:扶梯好了，扶手带入口开关打了,扶梯好了，扶手带入口开关打了,,raw_fault_text,原始故障文本,,local:fau_rep.xls,,1,0.0012106537530266344,,,#f59e0b,6
raw_cause:报门机故障死机了,raw_cause:报门机故障死机了,报门机故障死机了,,raw_fault_text,原始故障文本,,local:fau_rep.xls,,1,0.0012106537530266344,,,#f59e0b,6
raw_cause:拉货挡门死机,raw_cause:拉货挡门死机,拉货挡门死机,,raw_fault_text,原始故障文本,,local:fau_rep.xls,,1,0.0012106537530266344,,,#f59e0b,6
raw_cause:按钮卡住了,raw_cause:按钮卡住了,按钮卡住了,,raw_fault_text,原始故障文本,,local:fau_rep.xls,,1,0.0012106537530266344,,,#f59e0b,6
raw_cause:挡门 死机,raw_cause:挡门 死机,挡门 死机,,raw_fault_text,原始故障文本,,local:fau_rep.xls,,1,0.0012106537530266344,,,#f59e0b,6
raw_cause:挡门保护,raw_cause:挡门保护,挡门保护,,raw_fault_text,原始故障文本,,local:fau_rep.xls,,2,0.002421307506053269,,,#f59e0b,6
raw_cause:挡门太久死机了，较内照明不良，空开坏了，,raw_cause:挡门太久死机了，较内照明不良，空开坏了，,挡门太久死机了，较内照明不良，空开坏了，,,raw_fault_text,原始故障文本,,local:fau_rep.xls,,1,0.0012106537530266344,,,#f59e0b,6
raw_cause:挡门时间太长死机了.已修复,raw_cause:挡门时间太长死机了.已修复,挡门时间太长死机了.已修复,,raw_fault_text,原始故障文本,,local:fau_rep.xls,,1,0.0012106537530266344,,,#f59e0b,6
raw_cause:挡门时间过长电梯死机,raw_cause:挡门时间过长电梯死机,挡门时间过长电梯死机,,raw_fault_text,原始故障文本,,local:fau_rep.xls,,1,0.0012106537530266344,,,#f59e0b,6
raw_cause:挡门时间长保护,raw_cause:挡门时间长保护,挡门时间长保护,,raw_fault_text,原始故障文本,,local:fau_rep.xls,,1,0.0012106537530266344,,,#f59e0b,6
raw_cause:挡门死机,raw_cause:挡门死机,挡门死机,,raw_fault_text,原始故障文本,,local:fau_rep.xls,,16,0.01937046004842615,,,#f59e0b,6
raw_cause:挡门死机 已恢复正常,raw_cause:挡门死机 已恢复正常,挡门死机 已恢复正常,,raw_fault_text,原始故障文本,,local:fau_rep.xls,,1,0.0012106537530266344,,,#f59e0b,6
raw_cause:挡门死机。,raw_cause:挡门死机。,挡门死机。,,raw_fault_text,原始故障文本,,local:fau_rep.xls,,1,0.0012106537530266344,,,#f59e0b,6
raw_cause:挡门死机已恢复,raw_cause:挡门死机已恢复,挡门死机已恢复,,raw_fault_text,原始故障文本,,local:fau_rep.xls,,1,0.0012106537530266344,,,#f59e0b,6
raw_cause:挡门死机，厅轿门系统,raw_cause:挡门死机，厅轿门系统,挡门死机，厅轿门系统,,raw_fault_text,原始故障文本,,local:fau_rep.xls,,1,0.0012106537530266344,,,#f59e0b,6
raw_cause:挡门死机，已修复,raw_cause:挡门死机，已修复,挡门死机，已修复,,raw_fault_text,原始故障文本,,local:fau_rep.xls,,1,0.0012106537530266344,,,#f59e0b,6
raw_cause:挡门死机，已修复，现已正常,raw_cause:挡门死机，已修复，现已正常,挡门死机，已修复，现已正常,,raw_fault_text,原始故障文本,,local:fau_rep.xls,,1,0.0012106537530266344,,,#f59e0b,6
raw_cause:挡门超时,raw_cause:挡门超时,挡门超时,,raw_fault_text,原始故障文本,,local:fau_rep.xls,,1,0.0012106537530266344,,,#f59e0b,6
raw_cause:换下限位,raw_cause:换下限位,换下限位,,raw_fault_text,原始故障文本,,local:fau_rep.xls,,1,0.0012106537530266344,,,#f59e0b,6
raw_cause:控制面板失效,raw_cause:控制面板失效,控制面板失效,,raw_fault_text,原始故障文本,,local:xlsx,,25,,,,#f59e0b,6
raw_cause:搬东西导致门机保护,raw_cause:搬东西导致门机保护,搬东西导致门机保护,,raw_fault_text,原始故障文本,,local:fau_rep.xls,,1,0.0012106537530266344,,,#f59e0b,6
raw_cause:搬货挡门,raw_cause:搬货挡门,搬货挡门,,raw_fault_text,原始故障文本,,local:fau_rep.xls,,1,0.0012106537530266344,,,#f59e0b,6
raw_cause:搬货档死机,raw_cause:搬货档死机,搬货档死机,,raw_fault_text,原始故障文本,,local:fau_rep.xls,,1,0.0012106537530266344,,,#f59e0b,6
raw_cause:故障原因光幕脏了,raw_cause:故障原因光幕脏了,故障原因光幕脏了,,raw_fault_text,原始故障文本,,local:fau_rep.xls,,1,0.0012106537530266344,,,#f59e0b,6
raw_cause:故障原因门锁撞歪调整后正常,raw_cause:故障原因门锁撞歪调整后正常,故障原因门锁撞歪调整后正常,,raw_fault_text,原始故障文本,,local:fau_rep.xls,,1,0.0012106537530266344,,,#f59e0b,6
raw_cause:故障后自动恢复运行,raw_cause:故障后自动恢复运行,故障后自动恢复运行,,raw_fault_text,原始故障文本,,local:xlsx,,40,,,,#f59e0b,6
raw_cause:断电送电就好 厅门垃圾卡住,raw_cause:断电送电就好 厅门垃圾卡住,断电送电就好 厅门垃圾卡住,,raw_fault_text,原始故障文本,,local:fau_rep.xls,,1,0.0012106537530266344,,,#f59e0b,6
raw_cause:施工挡门死机,raw_cause:施工挡门死机,施工挡门死机,,raw_fault_text,原始故障文本,,local:fau_rep.xls,,1,0.0012106537530266344,,,#f59e0b,6
raw_cause:是有个矿泉水瓶挡着门了，导致门关不上,raw_cause:是有个矿泉水瓶挡着门了，导致门关不上,是有个矿泉水瓶挡着门了，导致门关不上,,raw_fault_text,原始故障文本,,local:fau_rep.xls,,1,0.0012106537530266344,,,#f59e0b,6
raw_cause:是用户挡住电梯门了,raw_cause:是用户挡住电梯门了,是用户挡住电梯门了,,raw_fault_text,原始故障文本,,local:fau_rep.xls,,1,0.0012106537530266344,,,#f59e0b,6
raw_cause:曳引机缺油或油量过多,raw_cause:曳引机缺油或油量过多,曳引机缺油或油量过多,,raw_fault_text,原始故障文本,,local:xlsx,,1,,,,#f59e0b,6
raw_cause:更换光幕已经恢复,raw_cause:更换光幕已经恢复,更换光幕已经恢复,,raw_fault_text,原始故障文本,,local:fau_rep.xls,,1,0.0012106537530266344,,,#f59e0b,6
raw_cause:更换厅门滑块,raw_cause:更换厅门滑块,更换厅门滑块,,raw_fault_text,原始故障文本,,local:fau_rep.xls,,1,0.0012106537530266344,,,#f59e0b,6
raw_cause:更换底坑开关,raw_cause:更换底坑开关,更换底坑开关,,raw_fault_text,原始故障文本,,local:fau_rep.xls,,1,0.0012106537530266344,,,#f59e0b,6
raw_cause:更换滚轮导靴已恢复运行,raw_cause:更换滚轮导靴已恢复运行,更换滚轮导靴已恢复运行,,raw_fault_text,原始故障文本,,local:fau_rep.xls,,1,0.0012106537530266344,,,#f59e0b,6
raw_cause:机房温度过高，电气控制系统自动保护,raw_cause:机房温度过高，电气控制系统自动保护,机房温度过高，电气控制系统自动保护,,raw_fault_text,原始故障文本,,local:xlsx,,23,,,,#f59e0b,6
raw_cause:机房盘车轮开关接触不好.已修复,raw_cause:机房盘车轮开关接触不好.已修复,机房盘车轮开关接触不好.已修复,,raw_fault_text,原始故障文本,,local:fau_rep.xls,,1,0.0012106537530266344,,,#f59e0b,6
raw_cause:机械故障，门挂轮坏，等配件。,raw_cause:机械故障，门挂轮坏，等配件。,机械故障，门挂轮坏，等配件。,,raw_fault_text,原始故障文本,,local:fau_rep.xls,,1,0.0012106537530266344,,,#f59e0b,6
raw_cause:极限开关、急停开关、维修开关等传感器失效,raw_cause:极限开关、急停开关、维修开关等传感器失效,极限开关、急停开关、维修开关等传感器失效,,raw_fault_text,原始故障文本,,local:xlsx,,16,,,,#f59e0b,6
raw_cause:查19层厅门三角锁打板石子卡住引起重复开关门保护，己处理正常,raw_cause:查19层厅门三角锁打板石子卡住引起重复开关门保护，己处理正常,查19层厅门三角锁打板石子卡住引起重复开关门保护，己处理正常,,raw_fault_text,原始故障文本,,local:fau_rep.xls,,1,0.0012106537530266344,,,#f59e0b,6
raw_cause:查光幕无效不良引起门机故障保护，现拍打光幕条后有正常了。微科光幕的通病,raw_cause:查光幕无效不良引起门机故障保护，现拍打光幕条后有正常了。微科光幕的通病,查光幕无效不良引起门机故障保护，现拍打光幕条后有正常了。微科光幕的通病,,raw_fault_text,原始故障文本,,local:fau_rep.xls,,1,0.0012106537530266344,,,#f59e0b,6
raw_cause:查轿门关门到底开关接触不好引起保护，己正常,raw_cause:查轿门关门到底开关接触不好引起保护，己正常,查轿门关门到底开关接触不好引起保护，己正常,,raw_fault_text,原始故障文本,,local:fau_rep.xls,,1,0.0012106537530266344,,,#f59e0b,6
raw_cause:查门刀有点变形引起门关不到底，暂用，需更新,raw_cause:查门刀有点变形引起门关不到底，暂用，需更新,查门刀有点变形引起门关不到底，暂用，需更新,,raw_fault_text,原始故障文本,,local:fau_rep.xls,,1,0.0012106537530266344,,,#f59e0b,6
raw_cause:档门太久死机,raw_cause:档门太久死机,档门太久死机,,raw_fault_text,原始故障文本,,local:fau_rep.xls,,1,0.0012106537530266344,,,#f59e0b,6
raw_cause:档门太久死机了,raw_cause:档门太久死机了,档门太久死机了,,raw_fault_text,原始故障文本,,local:fau_rep.xls,,2,0.002421307506053269,,,#f59e0b,6
raw_cause:楼厅门线奶嘴未压紧 厅门回路对地,raw_cause:楼厅门线奶嘴未压紧 厅门回路对地,楼厅门线奶嘴未压紧 厅门回路对地,,raw_fault_text,原始故障文本,,local:fau_rep.xls,,1,0.0012106537530266344,,,#f59e0b,6
raw_cause:楼层门吊高没间距擦地坎了。已经调整好了。,raw_cause:楼层门吊高没间距擦地坎了。已经调整好了。,楼层门吊高没间距擦地坎了。已经调整好了。,,raw_fault_text,原始故障文本,,local:fau_rep.xls,,1,0.0012106537530266344,,,#f59e0b,6
raw_cause:死机,raw_cause:死机,死机,,raw_fault_text,原始故障文本,,local:fau_rep.xls,,13,0.015738498789346248,,,#f59e0b,6
raw_cause:死机重启正常,raw_cause:死机重启正常,死机重启正常,,raw_fault_text,原始故障文本,,local:fau_rep.xls,,5,0.004842615012106538,,,#f59e0b,6
raw_cause:没有故障钥匙重新开启,raw_cause:没有故障钥匙重新开启,没有故障钥匙重新开启,,raw_fault_text,原始故障文本,,local:fau_rep.xls,,1,0.0012106537530266344,,,#f59e0b,6
"raw_cause:泊梯锁被他们搞坏了,后续要更换","raw_cause:泊梯锁被他们搞坏了,后续要更换","泊梯锁被他们搞坏了,后续要更换",,raw_fault_text,原始故障文本,,local:fau_rep.xls,,1,0.0012106537530266344,,,#f59e0b,6
raw_cause:消防开关失效,raw_cause:消防开关失效,消防开关失效,,raw_fault_text,原始故障文本,,local:xlsx,,1,,,,#f59e0b,6
raw_cause:滑块被撞出滑槽，己恢复,raw_cause:滑块被撞出滑槽，己恢复,滑块被撞出滑槽，己恢复,,raw_fault_text,原始故障文本,,local:fau_rep.xls,,2,0.002421307506053269,,,#f59e0b,6
raw_cause:滑槽有异物,raw_cause:滑槽有异物,滑槽有异物,,raw_fault_text,原始故障文本,,local:fau_rep.xls,,1,0.0012106537530266344,,,#f59e0b,6
raw_cause:生活垃圾导致开关门受阻，电梯停止运行,raw_cause:生活垃圾导致开关门受阻，电梯停止运行,生活垃圾导致开关门受阻，电梯停止运行,,raw_fault_text,原始故障文本,,local:xlsx,,328,,,,#f59e0b,6
raw_cause:电动机失效,raw_cause:电动机失效,电动机失效,,raw_fault_text,原始故障文本,,local:xlsx,,1,,,,#f59e0b,6
raw_cause:电梯 已恢复正常运行，厅门地坎垃圾太多电梯保护了,raw_cause:电梯 已恢复正常运行，厅门地坎垃圾太多电梯保护了,电梯 已恢复正常运行，厅门地坎垃圾太多电梯保护了,,raw_fault_text,原始故障文本,,local:fau_rep.xls,,1,0.0012106537530266344,,,#f59e0b,6
raw_cause:电梯-1楼保护门板挡轿门死机,raw_cause:电梯-1楼保护门板挡轿门死机,电梯-1楼保护门板挡轿门死机,,raw_fault_text,原始故障文本,,local:fau_rep.xls,,1,0.0012106537530266344,,,#f59e0b,6
raw_cause:电梯13层厅门幅开关压量调整不良，已调整好了,raw_cause:电梯13层厅门幅开关压量调整不良，已调整好了,电梯13层厅门幅开关压量调整不良，已调整好了,,raw_fault_text,原始故障文本,,local:fau_rep.xls,,1,0.0012106537530266344,,,#f59e0b,6
raw_cause:电梯保护了，已正常,raw_cause:电梯保护了，已正常,电梯保护了，已正常,,raw_fault_text,原始故障文本,,local:fau_rep.xls,,1,0.0012106537530266344,,,#f59e0b,6
raw_cause:电梯停梯，门机板坏了，礼拜一带用户确认,raw_cause:电梯停梯，门机板坏了，礼拜一带用户确认,电梯停梯，门机板坏了，礼拜一带用户确认,,raw_fault_text,原始故障文本,,local:fau_rep.xls,,1,0.0012106537530266344,,,#f59e0b,6
raw_cause:电梯光幕挡太久保护了，已修复较内无工号,raw_cause:电梯光幕挡太久保护了，已修复较内无工号,电梯光幕挡太久保护了，已修复较内无工号,,raw_fault_text,原始故障文本,,local:fau_rep.xls,,1,0.0012106537530266344,,,#f59e0b,6
raw_cause:电梯到现场物业兄弟已经修好了，门导轨有灰，他给我刮干净了,raw_cause:电梯到现场物业兄弟已经修好了，门导轨有灰，他给我刮干净了,电梯到现场物业兄弟已经修好了，门导轨有灰，他给我刮干净了,,raw_fault_text,原始故障文本,,local:fau_rep.xls,,2,0.002421307506053269,,,#f59e0b,6
raw_cause:电梯厅门回路不通，检查6层厅门副开关调整不良,raw_cause:电梯厅门回路不通，检查6层厅门副开关调整不良,电梯厅门回路不通，检查6层厅门副开关调整不良,,raw_fault_text,原始故障文本,,local:fau_rep.xls,,1,0.0012106537530266344,,,#f59e0b,6
raw_cause:电梯在12层轿门垃圾卡住了，已处理好了,raw_cause:电梯在12层轿门垃圾卡住了，已处理好了,电梯在12层轿门垃圾卡住了，已处理好了,,raw_fault_text,原始故障文本,,local:fau_rep.xls,,1,0.0012106537530266344,,,#f59e0b,6
raw_cause:电梯在1层光幕动作了，测门宽，检查光幕线，待观察,raw_cause:电梯在1层光幕动作了，测门宽，检查光幕线，待观察,电梯在1层光幕动作了，测门宽，检查光幕线，待观察,,raw_fault_text,原始故障文本,,local:fau_rep.xls,,1,0.0012106537530266344,,,#f59e0b,6
raw_cause:电梯在1层厅门垃圾卡住了 已处理好了 厅门系统用户使用不良,raw_cause:电梯在1层厅门垃圾卡住了 已处理好了 厅门系统用户使用不良,电梯在1层厅门垃圾卡住了 已处理好了 厅门系统用户使用不良,,raw_fault_text,原始故障文本,,local:fau_rep.xls,,1,0.0012106537530266344,,,#f59e0b,6
raw_cause:电梯在33层厅门垃圾卡住了，已处理好了,raw_cause:电梯在33层厅门垃圾卡住了，已处理好了,电梯在33层厅门垃圾卡住了，已处理好了,,raw_fault_text,原始故障文本,,local:fau_rep.xls,,1,0.0012106537530266344,,,#f59e0b,6
raw_cause:电梯在3层厅门地坎垃圾卡死了，已清理好了，厅门系统用户使用不环境不良,raw_cause:电梯在3层厅门地坎垃圾卡死了，已清理好了，厅门系统用户使用不环境不良,电梯在3层厅门地坎垃圾卡死了，已清理好了，厅门系统用户使用不环境不良,,raw_fault_text,原始故障文本,,local:fau_rep.xls,,1,0.0012106537530266344,,,#f59e0b,6
raw_cause:电梯在5层光幕动作了，检查光幕线测门宽，待观察,raw_cause:电梯在5层光幕动作了，检查光幕线测门宽，待观察,电梯在5层光幕动作了，检查光幕线测门宽，待观察,,raw_fault_text,原始故障文本,,local:fau_rep.xls,,1,0.0012106537530266344,,,#f59e0b,6
raw_cause:电梯在运行过程中出现的停电,raw_cause:电梯在运行过程中出现的停电,电梯在运行过程中出现的停电,,raw_fault_text,原始故障文本,,local:xlsx,,78,,,,#f59e0b,6
raw_cause:电梯好了。关门超时死机故障已恢复正常,raw_cause:电梯好了。关门超时死机故障已恢复正常,电梯好了。关门超时死机故障已恢复正常,,raw_fault_text,原始故障文本,,local:fau_rep.xls,,1,0.0012106537530266344,,,#f59e0b,6
raw_cause:电梯好了。堵门死机已恢复正常,raw_cause:电梯好了。堵门死机已恢复正常,电梯好了。堵门死机已恢复正常,,raw_fault_text,原始故障文本,,local:fau_rep.xls,,1,0.0012106537530266344,,,#f59e0b,6
raw_cause:电梯好了厅门回路虚接-1层副触点开关压量不够 未使用材料,raw_cause:电梯好了厅门回路虚接-1层副触点开关压量不够 未使用材料,电梯好了厅门回路虚接-1层副触点开关压量不够 未使用材料,,raw_fault_text,原始故障文本,,local:fau_rep.xls,,1,0.0012106537530266344,,,#f59e0b,6
raw_cause:电梯好了厅门自闭不好，吊高不够,raw_cause:电梯好了厅门自闭不好，吊高不够,电梯好了厅门自闭不好，吊高不够,,raw_fault_text,原始故障文本,,local:fau_rep.xls,,1,0.0012106537530266344,,,#f59e0b,6
raw_cause:电梯好了打消防开电梯,raw_cause:电梯好了打消防开电梯,电梯好了打消防开电梯,,raw_fault_text,原始故障文本,,local:fau_rep.xls,,1,0.0012106537530266344,,,#f59e0b,6
raw_cause:电梯好了装修人员堵门超时死机故障已恢复正常,raw_cause:电梯好了装修人员堵门超时死机故障已恢复正常,电梯好了装修人员堵门超时死机故障已恢复正常,,raw_fault_text,原始故障文本,,local:fau_rep.xls,,1,0.0012106537530266344,,,#f59e0b,6
raw_cause:电梯好了，光幕太脏门关不上，已处理,raw_cause:电梯好了，光幕太脏门关不上，已处理,电梯好了，光幕太脏门关不上，已处理,,raw_fault_text,原始故障文本,,local:fau_rep.xls,,1,0.0012106537530266344,,,#f59e0b,6
raw_cause:电梯好了，堵门死机故障,raw_cause:电梯好了，堵门死机故障,电梯好了，堵门死机故障,,raw_fault_text,原始故障文本,,local:fau_rep.xls,,1,0.0012106537530266344,,,#f59e0b,6
raw_cause:电梯好了，异物卡住骄门死机故障已恢复正常,raw_cause:电梯好了，异物卡住骄门死机故障已恢复正常,电梯好了，异物卡住骄门死机故障已恢复正常,,raw_fault_text,原始故障文本,,local:fau_rep.xls,,1,0.0012106537530266344,,,#f59e0b,6
raw_cause:电梯就一台不运行，另外一台门锁锈蚀，地坑没人打水,raw_cause:电梯就一台不运行，另外一台门锁锈蚀，地坑没人打水,电梯就一台不运行，另外一台门锁锈蚀，地坑没人打水,,raw_fault_text,原始故障文本,,local:fau_rep.xls,,1,0.0012106537530266344,,,#f59e0b,6
raw_cause:电梯己好5楼厅门地坎上有异物导致厅门关不上死机,raw_cause:电梯己好5楼厅门地坎上有异物导致厅门关不上死机,电梯己好5楼厅门地坎上有异物导致厅门关不上死机,,raw_fault_text,原始故障文本,,local:fau_rep.xls,,1,0.0012106537530266344,,,#f59e0b,6
raw_cause:电梯己好开关门超时死机,raw_cause:电梯己好开关门超时死机,电梯己好开关门超时死机,,raw_fault_text,原始故障文本,,local:fau_rep.xls,,1,0.0012106537530266344,,,#f59e0b,6
raw_cause:电梯已修复，负一楼厅门滚轮掉了导致厅门关不了，另一台是正常的,raw_cause:电梯已修复，负一楼厅门滚轮掉了导致厅门关不了，另一台是正常的,电梯已修复，负一楼厅门滚轮掉了导致厅门关不了，另一台是正常的,,raw_fault_text,原始故障文本,,local:fau_rep.xls,,1,0.0012106537530266344,,,#f59e0b,6
raw_cause:电梯已恢复正常门机故障死机了，现已恢复。,raw_cause:电梯已恢复正常门机故障死机了，现已恢复。,电梯已恢复正常门机故障死机了，现已恢复。,,raw_fault_text,原始故障文本,,local:fau_rep.xls,,1,0.0012106537530266344,,,#f59e0b,6
raw_cause:电梯已经恢复正常。垃圾卡门死机了,raw_cause:电梯已经恢复正常。垃圾卡门死机了,电梯已经恢复正常。垃圾卡门死机了,,raw_fault_text,原始故障文本,,local:fau_rep.xls,,1,0.0012106537530266344,,,#f59e0b,6
raw_cause:电梯已经恢复正常。沙子卡门,raw_cause:电梯已经恢复正常。沙子卡门,电梯已经恢复正常。沙子卡门,,raw_fault_text,原始故障文本,,local:fau_rep.xls,,1,0.0012106537530266344,,,#f59e0b,6
raw_cause:电梯已经恢复正常。沙子卡门卡死机了,raw_cause:电梯已经恢复正常。沙子卡门卡死机了,电梯已经恢复正常。沙子卡门卡死机了,,raw_fault_text,原始故障文本,,local:fau_rep.xls,,1,0.0012106537530266344,,,#f59e0b,6
raw_cause:电梯已经恢复正常运行。层门回路老化不通。已经处理好,raw_cause:电梯已经恢复正常运行。层门回路老化不通。已经处理好,电梯已经恢复正常运行。层门回路老化不通。已经处理好,,raw_fault_text,原始故障文本,,local:fau_rep.xls,,1,0.0012106537530266344,,,#f59e0b,6
raw_cause:电梯开门超时,raw_cause:电梯开门超时,电梯开门超时,,raw_fault_text,原始故障文本,,local:fau_rep.xls,,1,0.0012106537530266344,,,#f59e0b,6
raw_cause:电梯恢复正常，门机故障,raw_cause:电梯恢复正常，门机故障,电梯恢复正常，门机故障,,raw_fault_text,原始故障文本,,local:fau_rep.xls,,1,0.0012106537530266344,,,#f59e0b,6
raw_cause:电梯搬东西引起门机保护,raw_cause:电梯搬东西引起门机保护,电梯搬东西引起门机保护,,raw_fault_text,原始故障文本,,local:fau_rep.xls,,1,0.0012106537530266344,,,#f59e0b,6
raw_cause:电梯正常 泊梯锁状态,raw_cause:电梯正常 泊梯锁状态,电梯正常 泊梯锁状态,,raw_fault_text,原始故障文本,,local:fau_rep.xls,,1,0.0012106537530266344,,,#f59e0b,6
raw_cause:电梯正常的，物业已开通梯控，他不了解情况,raw_cause:电梯正常的，物业已开通梯控，他不了解情况,电梯正常的，物业已开通梯控，他不了解情况,,raw_fault_text,原始故障文本,,local:fau_rep.xls,,1,0.0012106537530266344,,,#f59e0b,6
raw_cause:电梯正常运行，一楼厅外显示板坏，收费。因周物业领导不在无法签单。明天再来更换,raw_cause:电梯正常运行，一楼厅外显示板坏，收费。因周物业领导不在无法签单。明天再来更换,电梯正常运行，一楼厅外显示板坏，收费。因周物业领导不在无法签单。明天再来更换,,raw_fault_text,原始故障文本,,local:fau_rep.xls,,1,0.0012106537530266344,,,#f59e0b,6
raw_cause:电梯正常，-1层风大经常关不了门,raw_cause:电梯正常，-1层风大经常关不了门,电梯正常，-1层风大经常关不了门,,raw_fault_text,原始故障文本,,local:fau_rep.xls,,1,0.0012106537530266344,,,#f59e0b,6
raw_cause:电梯死机,raw_cause:电梯死机,电梯死机,,raw_fault_text,原始故障文本,,local:fau_rep.xls,,2,0.002421307506053269,,,#f59e0b,6
raw_cause:电梯死机了已恢复运行,raw_cause:电梯死机了已恢复运行,电梯死机了已恢复运行,,raw_fault_text,原始故障文本,,local:fau_rep.xls,,1,0.0012106537530266344,,,#f59e0b,6
raw_cause:电梯自我保护,raw_cause:电梯自我保护,电梯自我保护,,raw_fault_text,原始故障文本,,local:fau_rep.xls,,2,0.002421307506053269,,,#f59e0b,6
raw_cause:电梯被撞已停梯,raw_cause:电梯被撞已停梯,电梯被撞已停梯,,raw_fault_text,原始故障文本,,local:fau_rep.xls,,1,0.0012106537530266344,,,#f59e0b,6
raw_cause:电梯轿门卡死脱轨己好,raw_cause:电梯轿门卡死脱轨己好,电梯轿门卡死脱轨己好,,raw_fault_text,原始故障文本,,local:fau_rep.xls,,1,0.0012106537530266344,,,#f59e0b,6
raw_cause:电梯轿门垃圾卡住了 轿厢系统用户使用环境良,raw_cause:电梯轿门垃圾卡住了 轿厢系统用户使用环境良,电梯轿门垃圾卡住了 轿厢系统用户使用环境良,,raw_fault_text,原始故障文本,,local:fau_rep.xls,,1,0.0012106537530266344,,,#f59e0b,6
raw_cause:电梯轿门锁开关不好公司轿门锁开关质量太差碰一下门就急停,raw_cause:电梯轿门锁开关不好公司轿门锁开关质量太差碰一下门就急停,电梯轿门锁开关不好公司轿门锁开关质量太差碰一下门就急停,,raw_fault_text,原始故障文本,,local:fau_rep.xls,,1,0.0012106537530266344,,,#f59e0b,6
raw_cause:电梯重启故障,raw_cause:电梯重启故障,电梯重启故障,,raw_fault_text,原始故障文本,,local:xlsx,,55,,,,#f59e0b,6
raw_cause:电梯重载不良,raw_cause:电梯重载不良,电梯重载不良,,raw_fault_text,原始故障文本,,local:fau_rep.xls,,1,0.0012106537530266344,,,#f59e0b,6
raw_cause:电梯门机不好 停梯 没移交新工地 已告知安装班组,raw_cause:电梯门机不好 停梯 没移交新工地 已告知安装班组,电梯门机不好 停梯 没移交新工地 已告知安装班组,,raw_fault_text,原始故障文本,,local:fau_rep.xls,,1,0.0012106537530266344,,,#f59e0b,6
raw_cause:电梯门机故障以好,raw_cause:电梯门机故障以好,电梯门机故障以好,,raw_fault_text,原始故障文本,,local:fau_rep.xls,,1,0.0012106537530266344,,,#f59e0b,6
raw_cause:电梯门机板不好需更换停梯，还没移交维保不好领配件，已告诉甲方,raw_cause:电梯门机板不好需更换停梯，还没移交维保不好领配件，已告诉甲方,电梯门机板不好需更换停梯，还没移交维保不好领配件，已告诉甲方,,raw_fault_text,原始故障文本,,local:fau_rep.xls,,1,0.0012106537530266344,,,#f59e0b,6
raw_cause:电梯门锁虚接现已恢复正常,raw_cause:电梯门锁虚接现已恢复正常,电梯门锁虚接现已恢复正常,,raw_fault_text,原始故障文本,,local:fau_rep.xls,,1,0.0012106537530266344,,,#f59e0b,6
raw_cause:电气元器件（接触器、继电池、驱动器件等）失效,raw_cause:电气元器件（接触器、继电池、驱动器件等）失效,电气元器件（接触器、继电池、驱动器件等）失效,,raw_fault_text,原始故障文本,,local:xlsx,,123,,,,#f59e0b,6
raw_cause:电气连接不可靠,raw_cause:电气连接不可靠,电气连接不可靠,,raw_fault_text,原始故障文本,,local:xlsx,,21,,,,#f59e0b,6
raw_cause:电气部件进水导致的短路故障,raw_cause:电气部件进水导致的短路故障,电气部件进水导致的短路故障,,raw_fault_text,原始故障文本,,local:xlsx,,11,,,,#f59e0b,6
raw_cause:石头卡死机,raw_cause:石头卡死机,石头卡死机,,raw_fault_text,原始故障文本,,local:fau_rep.xls,,1,0.0012106537530266344,,,#f59e0b,6
raw_cause:石子卡死机了,raw_cause:石子卡死机了,石子卡死机了,,raw_fault_text,原始故障文本,,local:fau_rep.xls,,1,0.0012106537530266344,,,#f59e0b,6
raw_cause:缓冲器开关动作,raw_cause:缓冲器开关动作,缓冲器开关动作,,raw_fault_text,原始故障文本,,local:xlsx,,5,,,,#f59e0b,6
raw_cause:编码器失效,raw_cause:编码器失效,编码器失效,,raw_fault_text,原始故障文本,,local:xlsx,,13,,,,#f59e0b,6
raw_cause:翻斗车一车碎玻璃业主放不进去一提摆手全进层门轿门地坎及井道,raw_cause:翻斗车一车碎玻璃业主放不进去一提摆手全进层门轿门地坎及井道,翻斗车一车碎玻璃业主放不进去一提摆手全进层门轿门地坎及井道,,raw_fault_text,原始故障文本,,local:fau_rep.xls,,1,0.0012106537530266344,,,#f59e0b,6
raw_cause:装修垃圾导致开关门受阻，电梯停止运行,raw_cause:装修垃圾导致开关门受阻，电梯停止运行,装修垃圾导致开关门受阻，电梯停止运行,,raw_fault_text,原始故障文本,,local:xlsx,,22,,,,#f59e0b,6
raw_cause:调整1楼厅门,raw_cause:调整1楼厅门,调整1楼厅门,,raw_fault_text,原始故障文本,,local:fau_rep.xls,,1,0.0012106537530266344,,,#f59e0b,6
raw_cause:调整厅门,raw_cause:调整厅门,调整厅门,,raw_fault_text,原始故障文本,,local:fau_rep.xls,,1,0.0012106537530266344,,,#f59e0b,6
raw_cause:调整门机皮带，待观察,raw_cause:调整门机皮带，待观察,调整门机皮带，待观察,,raw_fault_text,原始故障文本,,local:fau_rep.xls,,1,0.0012106537530266344,,,#f59e0b,6
raw_cause:负1层厅门不通，已修复厅门系统，保养不良,raw_cause:负1层厅门不通，已修复厅门系统，保养不良,负1层厅门不通，已修复厅门系统，保养不良,,raw_fault_text,原始故障文本,,local:fau_rep.xls,,1,0.0012106537530266344,,,#f59e0b,6
raw_cause:负1层厅门回路不通，已修复,raw_cause:负1层厅门回路不通，已修复,负1层厅门回路不通，已修复,,raw_fault_text,原始故障文本,,local:fau_rep.xls,,1,0.0012106537530266344,,,#f59e0b,6
raw_cause:负1楼厅门锁不通,raw_cause:负1楼厅门锁不通,负1楼厅门锁不通,,raw_fault_text,原始故障文本,,local:fau_rep.xls,,1,0.0012106537530266344,,,#f59e0b,6
raw_cause:负2楼厅门地坎卡住石块,raw_cause:负2楼厅门地坎卡住石块,负2楼厅门地坎卡住石块,,raw_fault_text,原始故障文本,,local:fau_rep.xls,,1,0.0012106537530266344,,,#f59e0b,6
raw_cause:负2楼挡门时间太久开门死机,raw_cause:负2楼挡门时间太久开门死机,负2楼挡门时间太久开门死机,,raw_fault_text,原始故障文本,,local:fau_rep.xls,,1,0.0012106537530266344,,,#f59e0b,6
raw_cause:负一层厅门自闭不良,raw_cause:负一层厅门自闭不良,负一层厅门自闭不良,,raw_fault_text,原始故障文本,,local:fau_rep.xls,,1,0.0012106537530266344,,,#f59e0b,6
raw_cause:负一楼卡异物,raw_cause:负一楼卡异物,负一楼卡异物,,raw_fault_text,原始故障文本,,local:fau_rep.xls,,1,0.0012106537530266344,,,#f59e0b,6
raw_cause:负一楼厅门三角锁有锈死现象导致打板不能复位，致厅门虚接,raw_cause:负一楼厅门三角锁有锈死现象导致打板不能复位，致厅门虚接,负一楼厅门三角锁有锈死现象导致打板不能复位，致厅门虚接,,raw_fault_text,原始故障文本,,local:fau_rep.xls,,1,0.0012106537530266344,,,#f59e0b,6
raw_cause:负一楼厅门门锁不通,raw_cause:负一楼厅门门锁不通,负一楼厅门门锁不通,,raw_fault_text,原始故障文本,,local:fau_rep.xls,,1,0.0012106537530266344,,,#f59e0b,6
raw_cause:负一楼地坎卡住。已恢复,raw_cause:负一楼地坎卡住。已恢复,负一楼地坎卡住。已恢复,,raw_fault_text,原始故障文本,,local:fau_rep.xls,,1,0.0012106537530266344,,,#f59e0b,6
raw_cause:负一楼层厅门卡住了,raw_cause:负一楼层厅门卡住了,负一楼层厅门卡住了,,raw_fault_text,原始故障文本,,local:fau_rep.xls,,1,0.0012106537530266344,,,#f59e0b,6
raw_cause:负一楼门锁不良，更换了。物业备货的。我们做好人给他们换,raw_cause:负一楼门锁不良，更换了。物业备货的。我们做好人给他们换,负一楼门锁不良，更换了。物业备货的。我们做好人给他们换,,raw_fault_text,原始故障文本,,local:fau_rep.xls,,1,0.0012106537530266344,,,#f59e0b,6
raw_cause:超载,raw_cause:超载,超载,,raw_fault_text,原始故障文本,,local:xlsx,,21,,,,#f59e0b,6
raw_cause:超载故障,raw_cause:超载故障,超载故障,,raw_fault_text,原始故障文本,,local:fau_rep.xls,,1,0.0012106537530266344,,,#f59e0b,6
raw_cause:轿厢地坎卡住石块导致死机,raw_cause:轿厢地坎卡住石块导致死机,轿厢地坎卡住石块导致死机,,raw_fault_text,原始故障文本,,local:fau_rep.xls,,1,0.0012106537530266344,,,#f59e0b,6
raw_cause:轿厢地坎卡住石子导致死机，已处理好现已恢复正常,raw_cause:轿厢地坎卡住石子导致死机，已处理好现已恢复正常,轿厢地坎卡住石子导致死机，已处理好现已恢复正常,,raw_fault_text,原始故障文本,,local:fau_rep.xls,,1,0.0012106537530266344,,,#f59e0b,6
raw_cause:轿厢地坑有垃圾当门死机重起已正常,raw_cause:轿厢地坑有垃圾当门死机重起已正常,轿厢地坑有垃圾当门死机重起已正常,,raw_fault_text,原始故障文本,,local:fau_rep.xls,,1,0.0012106537530266344,,,#f59e0b,6
raw_cause:轿厢壁变形,raw_cause:轿厢壁变形,轿厢壁变形,,raw_fault_text,原始故障文本,,local:xlsx,,1,,,,#f59e0b,6
raw_cause:轿门不良，已修复，轿门系统，使用不良,raw_cause:轿门不良，已修复，轿门系统，使用不良,轿门不良，已修复，轿门系统，使用不良,,raw_fault_text,原始故障文本,,local:fau_rep.xls,,1,0.0012106537530266344,,,#f59e0b,6
raw_cause:轿门不良，已处理,raw_cause:轿门不良，已处理,轿门不良，已处理,,raw_fault_text,原始故障文本,,local:fau_rep.xls,,1,0.0012106537530266344,,,#f59e0b,6
raw_cause:轿门主门锁与门刀不分中，已调整修复，,raw_cause:轿门主门锁与门刀不分中，已调整修复，,轿门主门锁与门刀不分中，已调整修复，,,raw_fault_text,原始故障文本,,local:fau_rep.xls,,1,0.0012106537530266344,,,#f59e0b,6
raw_cause:轿门保护膜没撕干净卡住死机，已恢复,raw_cause:轿门保护膜没撕干净卡住死机，已恢复,轿门保护膜没撕干净卡住死机，已恢复,,raw_fault_text,原始故障文本,,local:fau_rep.xls,,1,0.0012106537530266344,,,#f59e0b,6
raw_cause:轿门关幕螺丝撞松，关幕歪了左右信号接收不稳定,raw_cause:轿门关幕螺丝撞松，关幕歪了左右信号接收不稳定,轿门关幕螺丝撞松，关幕歪了左右信号接收不稳定,,raw_fault_text,原始故障文本,,local:fau_rep.xls,,1,0.0012106537530266344,,,#f59e0b,6
raw_cause:轿门关门到底开关不良，已修复,raw_cause:轿门关门到底开关不良，已修复,轿门关门到底开关不良，已修复,,raw_fault_text,原始故障文本,,local:fau_rep.xls,,1,0.0012106537530266344,,,#f59e0b,6
raw_cause:轿门卡了一个纸箱 导致轿门锁虚接 厅轿门系统 使用不良,raw_cause:轿门卡了一个纸箱 导致轿门锁虚接 厅轿门系统 使用不良,轿门卡了一个纸箱 导致轿门锁虚接 厅轿门系统 使用不良,,raw_fault_text,原始故障文本,,local:fau_rep.xls,,1,0.0012106537530266344,,,#f59e0b,6
raw_cause:轿门卡住了,raw_cause:轿门卡住了,轿门卡住了,,raw_fault_text,原始故障文本,,local:fau_rep.xls,,3,0.0036319612590799033,,,#f59e0b,6
raw_cause:轿门卡住了，已修复,raw_cause:轿门卡住了，已修复,轿门卡住了，已修复,,raw_fault_text,原始故障文本,,local:fau_rep.xls,,1,0.0012106537530266344,,,#f59e0b,6
raw_cause:轿门卡住塑料袋导致死机,raw_cause:轿门卡住塑料袋导致死机,轿门卡住塑料袋导致死机,,raw_fault_text,原始故障文本,,local:fau_rep.xls,,1,0.0012106537530266344,,,#f59e0b,6
raw_cause:轿门卡住已修复 使用不当,raw_cause:轿门卡住已修复 使用不当,轿门卡住已修复 使用不当,,raw_fault_text,原始故障文本,,local:fau_rep.xls,,1,0.0012106537530266344,,,#f59e0b,6
raw_cause:轿门卡住石子死机,raw_cause:轿门卡住石子死机,轿门卡住石子死机,,raw_fault_text,原始故障文本,,local:fau_rep.xls,,1,0.0012106537530266344,,,#f59e0b,6
raw_cause:轿门变形了需要调整 需要配合一个人没法调 跟用户说了明天保养来调,raw_cause:轿门变形了需要调整 需要配合一个人没法调 跟用户说了明天保养来调,轿门变形了需要调整 需要配合一个人没法调 跟用户说了明天保养来调,,raw_fault_text,原始故障文本,,local:fau_rep.xls,,1,0.0012106537530266344,,,#f59e0b,6
raw_cause:轿门吊高不够导致死机,raw_cause:轿门吊高不够导致死机,轿门吊高不够导致死机,,raw_fault_text,原始故障文本,,local:fau_rep.xls,,1,0.0012106537530266344,,,#f59e0b,6
raw_cause:轿门地坎卡异物,raw_cause:轿门地坎卡异物,轿门地坎卡异物,,raw_fault_text,原始故障文本,,local:fau_rep.xls,,2,0.002421307506053269,,,#f59e0b,6
raw_cause:轿门地坎和厅门滚轮间隙不够偏小擦上了导致电梯出厅门断开故障保护掉,raw_cause:轿门地坎和厅门滚轮间隙不够偏小擦上了导致电梯出厅门断开故障保护掉,轿门地坎和厅门滚轮间隙不够偏小擦上了导致电梯出厅门断开故障保护掉,,raw_fault_text,原始故障文本,,local:fau_rep.xls,,1,0.0012106537530266344,,,#f59e0b,6
raw_cause:轿门地坎垃圾卡住了,raw_cause:轿门地坎垃圾卡住了,轿门地坎垃圾卡住了,,raw_fault_text,原始故障文本,,local:fau_rep.xls,,1,0.0012106537530266344,,,#f59e0b,6
raw_cause:轿门地坎垃圾卡住了，已正常,raw_cause:轿门地坎垃圾卡住了，已正常,轿门地坎垃圾卡住了，已正常,,raw_fault_text,原始故障文本,,local:fau_rep.xls,,1,0.0012106537530266344,,,#f59e0b,6
"raw_cause:轿门地坎异物太多,门打不开死机","raw_cause:轿门地坎异物太多,门打不开死机","轿门地坎异物太多,门打不开死机",,raw_fault_text,原始故障文本,,local:fau_rep.xls,,1,0.0012106537530266344,,,#f59e0b,6
raw_cause:轿门地坎有石子卡牢 轿厢系统 用户使用不良,raw_cause:轿门地坎有石子卡牢 轿厢系统 用户使用不良,轿门地坎有石子卡牢 轿厢系统 用户使用不良,,raw_fault_text,原始故障文本,,local:fau_rep.xls,,1,0.0012106537530266344,,,#f59e0b,6
raw_cause:轿门开关不良，已好,raw_cause:轿门开关不良，已好,轿门开关不良，已好,,raw_fault_text,原始故障文本,,local:fau_rep.xls,,1,0.0012106537530266344,,,#f59e0b,6
raw_cause:轿门开关调整不良,raw_cause:轿门开关调整不良,轿门开关调整不良,,raw_fault_text,原始故障文本,,local:fau_rep.xls,,1,0.0012106537530266344,,,#f59e0b,6
raw_cause:轿门异物卡死,raw_cause:轿门异物卡死,轿门异物卡死,,raw_fault_text,原始故障文本,,local:fau_rep.xls,,1,0.0012106537530266344,,,#f59e0b,6
raw_cause:轿门挂轮组件坏要公司领来换 等材料,raw_cause:轿门挂轮组件坏要公司领来换 等材料,轿门挂轮组件坏要公司领来换 等材料,,raw_fault_text,原始故障文本,,local:fau_rep.xls,,1,0.0012106537530266344,,,#f59e0b,6
raw_cause:轿门擦门宽死机地坑进水,raw_cause:轿门擦门宽死机地坑进水,轿门擦门宽死机地坑进水,,raw_fault_text,原始故障文本,,local:fau_rep.xls,,1,0.0012106537530266344,,,#f59e0b,6
raw_cause:轿门有点变形 已调整,raw_cause:轿门有点变形 已调整,轿门有点变形 已调整,,raw_fault_text,原始故障文本,,local:fau_rep.xls,,1,0.0012106537530266344,,,#f59e0b,6
raw_cause:轿门机械锁钢丝钩住 已修复,raw_cause:轿门机械锁钢丝钩住 已修复,轿门机械锁钢丝钩住 已修复,,raw_fault_text,原始故障文本,,local:fau_rep.xls,,1,0.0012106537530266344,,,#f59e0b,6
raw_cause:轿门机皮带有绳子卡住 已清理,raw_cause:轿门机皮带有绳子卡住 已清理,轿门机皮带有绳子卡住 已清理,,raw_fault_text,原始故障文本,,local:fau_rep.xls,,1,0.0012106537530266344,,,#f59e0b,6
raw_cause:轿门滑块卡住了,raw_cause:轿门滑块卡住了,轿门滑块卡住了,,raw_fault_text,原始故障文本,,local:fau_rep.xls,,1,0.0012106537530266344,,,#f59e0b,6
raw_cause:轿门滑块被撞出来了，已修复，北面电梯昨天报停梯了,raw_cause:轿门滑块被撞出来了，已修复，北面电梯昨天报停梯了,轿门滑块被撞出来了，已修复，北面电梯昨天报停梯了,,raw_fault_text,原始故障文本,,local:fau_rep.xls,,1,0.0012106537530266344,,,#f59e0b,6
raw_cause:轿门滑轮组件坏卡死已更换修复,raw_cause:轿门滑轮组件坏卡死已更换修复,轿门滑轮组件坏卡死已更换修复,,raw_fault_text,原始故障文本,,local:fau_rep.xls,,1,0.0012106537530266344,,,#f59e0b,6
raw_cause:轿门皮带不好已经修好了,raw_cause:轿门皮带不好已经修好了,轿门皮带不好已经修好了,,raw_fault_text,原始故障文本,,local:fau_rep.xls,,1,0.0012106537530266344,,,#f59e0b,6
raw_cause:轿门皮带不是很好，先恢复用,raw_cause:轿门皮带不是很好，先恢复用,轿门皮带不是很好，先恢复用,,raw_fault_text,原始故障文本,,local:fau_rep.xls,,1,0.0012106537530266344,,,#f59e0b,6
raw_cause:轿门皮带断了，已更换，站内备件,raw_cause:轿门皮带断了，已更换，站内备件,轿门皮带断了，已更换，站内备件,,raw_fault_text,原始故障文本,,local:fau_rep.xls,,1,0.0012106537530266344,,,#f59e0b,6
raw_cause:轿门皮带老化！暂时先用的！明天更换新皮带,raw_cause:轿门皮带老化！暂时先用的！明天更换新皮带,轿门皮带老化！暂时先用的！明天更换新皮带,,raw_fault_text,原始故障文本,,local:fau_rep.xls,,1,0.0012106537530266344,,,#f59e0b,6
raw_cause:轿门石头卡住好了,raw_cause:轿门石头卡住好了,轿门石头卡住好了,,raw_fault_text,原始故障文本,,local:fau_rep.xls,,1,0.0012106537530266344,,,#f59e0b,6
raw_cause:轿门立柱被撞移位，卡住轿门，关不上,raw_cause:轿门立柱被撞移位，卡住轿门，关不上,轿门立柱被撞移位，卡住轿门，关不上,,raw_fault_text,原始故障文本,,local:fau_rep.xls,,1,0.0012106537530266344,,,#f59e0b,6
raw_cause:轿门终端开关不良，电梯已正常,raw_cause:轿门终端开关不良，电梯已正常,轿门终端开关不良，电梯已正常,,raw_fault_text,原始故障文本,,local:fau_rep.xls,,1,0.0012106537530266344,,,#f59e0b,6
raw_cause:轿门脱轨，修复了。暴力搬运,raw_cause:轿门脱轨，修复了。暴力搬运,轿门脱轨，修复了。暴力搬运,,raw_fault_text,原始故障文本,,local:fau_rep.xls,,1,0.0012106537530266344,,,#f59e0b,6
raw_cause:轿门被撞了,raw_cause:轿门被撞了,轿门被撞了,,raw_fault_text,原始故障文本,,local:fau_rep.xls,,1,0.0012106537530266344,,,#f59e0b,6
raw_cause:轿门被撞出地坎 使用不良,raw_cause:轿门被撞出地坎 使用不良,轿门被撞出地坎 使用不良,,raw_fault_text,原始故障文本,,local:fau_rep.xls,,1,0.0012106537530266344,,,#f59e0b,6
raw_cause:轿门被撞变形了 停梯,raw_cause:轿门被撞变形了 停梯,轿门被撞变形了 停梯,,raw_fault_text,原始故障文本,,local:fau_rep.xls,,1,0.0012106537530266344,,,#f59e0b,6
raw_cause:轿门被撞已修复,raw_cause:轿门被撞已修复,轿门被撞已修复,,raw_fault_text,原始故障文本,,local:fau_rep.xls,,2,0.002421307506053269,,,#f59e0b,6
raw_cause:轿门被撞已处理,raw_cause:轿门被撞已处理,轿门被撞已处理,,raw_fault_text,原始故障文本,,local:fau_rep.xls,,1,0.0012106537530266344,,,#f59e0b,6
raw_cause:轿门被撞已经修复,raw_cause:轿门被撞已经修复,轿门被撞已经修复,,raw_fault_text,原始故障文本,,local:fau_rep.xls,,1,0.0012106537530266344,,,#f59e0b,6
raw_cause:轿门被撞已经恢复,raw_cause:轿门被撞已经恢复,轿门被撞已经恢复,,raw_fault_text,原始故障文本,,local:fau_rep.xls,,1,0.0012106537530266344,,,#f59e0b,6
raw_cause:轿门被撞所致已处理解决,raw_cause:轿门被撞所致已处理解决,轿门被撞所致已处理解决,,raw_fault_text,原始故障文本,,local:fau_rep.xls,,1,0.0012106537530266344,,,#f59e0b,6
raw_cause:轿门被撞轿门开门限位轮顶门导轨暂恢复不了停梯处理,raw_cause:轿门被撞轿门开门限位轮顶门导轨暂恢复不了停梯处理,轿门被撞轿门开门限位轮顶门导轨暂恢复不了停梯处理,,raw_fault_text,原始故障文本,,local:fau_rep.xls,,1,0.0012106537530266344,,,#f59e0b,6
raw_cause:轿门被撞，已恢复正常,raw_cause:轿门被撞，已恢复正常,轿门被撞，已恢复正常,,raw_fault_text,原始故障文本,,local:fau_rep.xls,,1,0.0012106537530266344,,,#f59e0b,6
raw_cause:轿门触板提升轮撞坏了了已修复,raw_cause:轿门触板提升轮撞坏了了已修复,轿门触板提升轮撞坏了了已修复,,raw_fault_text,原始故障文本,,local:fau_rep.xls,,1,0.0012106537530266344,,,#f59e0b,6
raw_cause:轿门调整,raw_cause:轿门调整,轿门调整,,raw_fault_text,原始故障文本,,local:fau_rep.xls,,8,0.009685230024213076,,,#f59e0b,6
raw_cause:轿门调整不良,raw_cause:轿门调整不良,轿门调整不良,,raw_fault_text,原始故障文本,,local:fau_rep.xls,,1,0.0012106537530266344,,,#f59e0b,6
raw_cause:轿门调整已好,raw_cause:轿门调整已好,轿门调整已好,,raw_fault_text,原始故障文本,,local:fau_rep.xls,,1,0.0012106537530266344,,,#f59e0b,6
raw_cause:轿门铁丝卡住，己好,raw_cause:轿门铁丝卡住，己好,轿门铁丝卡住，己好,,raw_fault_text,原始故障文本,,local:fau_rep.xls,,1,0.0012106537530266344,,,#f59e0b,6
raw_cause:轿门锁失效,raw_cause:轿门锁失效,轿门锁失效,,raw_fault_text,原始故障文本,,local:xlsx,,127,,,,#f59e0b,6
raw_cause:轿门锁开关不良，已调整，,raw_cause:轿门锁开关不良，已调整，,轿门锁开关不良，已调整，,,raw_fault_text,原始故障文本,,local:fau_rep.xls,,1,0.0012106537530266344,,,#f59e0b,6
raw_cause:轿门门板扭，已处理完成,raw_cause:轿门门板扭，已处理完成,轿门门板扭，已处理完成,,raw_fault_text,原始故障文本,,local:fau_rep.xls,,1,0.0012106537530266344,,,#f59e0b,6
raw_cause:轿门门缝内夹了块装修材料的铁板，已经处理好,raw_cause:轿门门缝内夹了块装修材料的铁板，已经处理好,轿门门缝内夹了块装修材料的铁板，已经处理好,,raw_fault_text,原始故障文本,,local:fau_rep.xls,,1,0.0012106537530266344,,,#f59e0b,6
raw_cause:轿顶CWT连接板坏，等件停梯,raw_cause:轿顶CWT连接板坏，等件停梯,轿顶CWT连接板坏，等件停梯,,raw_fault_text,原始故障文本,,local:fau_rep.xls,,1,0.0012106537530266344,,,#f59e0b,6
raw_cause:轿顶检修未恢复,raw_cause:轿顶检修未恢复,轿顶检修未恢复,,raw_fault_text,原始故障文本,,local:fau_rep.xls,,1,0.0012106537530266344,,,#f59e0b,6
raw_cause:较门卡住了已恢复运行,raw_cause:较门卡住了已恢复运行,较门卡住了已恢复运行,,raw_fault_text,原始故障文本,,local:fau_rep.xls,,1,0.0012106537530266344,,,#f59e0b,6
raw_cause:较门滑轮组件脱胶了，较门滑轮组件已更换,raw_cause:较门滑轮组件脱胶了，较门滑轮组件已更换,较门滑轮组件脱胶了，较门滑轮组件已更换,,raw_fault_text,原始故障文本,,local:fau_rep.xls,,1,0.0012106537530266344,,,#f59e0b,6
raw_cause:进入消防了门开不关重新开一下就好了,raw_cause:进入消防了门开不关重新开一下就好了,进入消防了门开不关重新开一下就好了,,raw_fault_text,原始故障文本,,local:fau_rep.xls,,1,0.0012106537530266344,,,#f59e0b,6
raw_cause:野蛮搬运导致门变形，电梯无法运行,raw_cause:野蛮搬运导致门变形，电梯无法运行,野蛮搬运导致门变形，电梯无法运行,,raw_fault_text,原始故障文本,,local:xlsx,,42,,,,#f59e0b,6
raw_cause:钢丝绳卡阻或跳槽,raw_cause:钢丝绳卡阻或跳槽,钢丝绳卡阻或跳槽,,raw_fault_text,原始故障文本,,local:xlsx,,2,,,,#f59e0b,6
raw_cause:钢丝绳磨损,raw_cause:钢丝绳磨损,钢丝绳磨损,,raw_fault_text,原始故障文本,,local:xlsx,,4,,,,#f59e0b,6
raw_cause:门刀不分中,raw_cause:门刀不分中,门刀不分中,,raw_fault_text,原始故障文本,,local:fau_rep.xls,,1,0.0012106537530266344,,,#f59e0b,6
raw_cause:门刀与滚轮（球）间距调整不良,raw_cause:门刀与滚轮（球）间距调整不良,门刀与滚轮（球）间距调整不良,,raw_fault_text,原始故障文本,,local:xlsx,,34,,,,#f59e0b,6
raw_cause:门卡住了,raw_cause:门卡住了,门卡住了,,raw_fault_text,原始故障文本,,local:fau_rep.xls,,1,0.0012106537530266344,,,#f59e0b,6
raw_cause:门卡住了，已修复/轿门滑块卡住了,raw_cause:门卡住了，已修复/轿门滑块卡住了,门卡住了，已修复/轿门滑块卡住了,,raw_fault_text,原始故障文本,,local:fau_rep.xls,,1,0.0012106537530266344,,,#f59e0b,6
raw_cause:门卡住死机,raw_cause:门卡住死机,门卡住死机,,raw_fault_text,原始故障文本,,local:fau_rep.xls,,1,0.0012106537530266344,,,#f59e0b,6
raw_cause:门口卡了根木棒，已经取出来了，电梯已经恢复，使用不良,raw_cause:门口卡了根木棒，已经取出来了，电梯已经恢复，使用不良,门口卡了根木棒，已经取出来了，电梯已经恢复，使用不良,,raw_fault_text,原始故障文本,,local:fau_rep.xls,,1,0.0012106537530266344,,,#f59e0b,6
raw_cause:门地坎变形，已恢复,raw_cause:门地坎变形，已恢复,门地坎变形，已恢复,,raw_fault_text,原始故障文本,,local:fau_rep.xls,,1,0.0012106537530266344,,,#f59e0b,6
raw_cause:门批驱动板块已拆下来寄回公司三包，现在是公司备用件装在上面用,raw_cause:门批驱动板块已拆下来寄回公司三包，现在是公司备用件装在上面用,门批驱动板块已拆下来寄回公司三包，现在是公司备用件装在上面用,,raw_fault_text,原始故障文本,,local:fau_rep.xls,,1,0.0012106537530266344,,,#f59e0b,6
raw_cause:门挂板生锈。掉高不够，螺丝都转不动,raw_cause:门挂板生锈。掉高不够，螺丝都转不动,门挂板生锈。掉高不够，螺丝都转不动,,raw_fault_text,原始故障文本,,local:fau_rep.xls,,1,0.0012106537530266344,,,#f59e0b,6
raw_cause:门挂轮破损,raw_cause:门挂轮破损,门挂轮破损,,raw_fault_text,原始故障文本,,local:xlsx,,2,,,,#f59e0b,6
raw_cause:门机保护,raw_cause:门机保护,门机保护,,raw_fault_text,原始故障文本,,local:fau_rep.xls,,1,0.0012106537530266344,,,#f59e0b,6
raw_cause:门机保护 重启恢复,raw_cause:门机保护 重启恢复,门机保护 重启恢复,,raw_fault_text,原始故障文本,,local:fau_rep.xls,,2,0.002421307506053269,,,#f59e0b,6
raw_cause:门机保护死机,raw_cause:门机保护死机,门机保护死机,,raw_fault_text,原始故障文本,,local:fau_rep.xls,,1,0.0012106537530266344,,,#f59e0b,6
raw_cause:门机保护，已恢复,raw_cause:门机保护，已恢复,门机保护，已恢复,,raw_fault_text,原始故障文本,,local:fau_rep.xls,,1,0.0012106537530266344,,,#f59e0b,6
raw_cause:门机回路跳闸 板子坏了 因电梯还在安装那里还未移交需安装自己来换,raw_cause:门机回路跳闸 板子坏了 因电梯还在安装那里还未移交需安装自己来换,门机回路跳闸 板子坏了 因电梯还在安装那里还未移交需安装自己来换,,raw_fault_text,原始故障文本,,local:fau_rep.xls,,1,0.0012106537530266344,,,#f59e0b,6
raw_cause:门机坏了，还未换,raw_cause:门机坏了，还未换,门机坏了，还未换,,raw_fault_text,原始故障文本,,local:fau_rep.xls,,1,0.0012106537530266344,,,#f59e0b,6
raw_cause:门机控制板模块不良，已经修复,raw_cause:门机控制板模块不良，已经修复,门机控制板模块不良，已经修复,,raw_fault_text,原始故障文本,,local:fau_rep.xls,,1,0.0012106537530266344,,,#f59e0b,6
raw_cause:门机故障,raw_cause:门机故障,门机故障,,raw_fault_text,原始故障文本,,local:xlsx,,114,0.013317191283292978,,,#f59e0b,6
raw_cause:门机故障 已恢复,raw_cause:门机故障 已恢复,门机故障 已恢复,,raw_fault_text,原始故障文本,,local:fau_rep.xls,,1,0.0012106537530266344,,,#f59e0b,6
raw_cause:门机故障 轿厢系统 用户使用不良,raw_cause:门机故障 轿厢系统 用户使用不良,门机故障 轿厢系统 用户使用不良,,raw_fault_text,原始故障文本,,local:fau_rep.xls,,1,0.0012106537530266344,,,#f59e0b,6
raw_cause:门机故障处理,raw_cause:门机故障处理,门机故障处理,,raw_fault_text,原始故障文本,,local:fau_rep.xls,,2,0.002421307506053269,,,#f59e0b,6
raw_cause:门机故障处理，待观察,raw_cause:门机故障处理，待观察,门机故障处理，待观察,,raw_fault_text,原始故障文本,,local:fau_rep.xls,,1,0.0012106537530266344,,,#f59e0b,6
raw_cause:门机故障己好,raw_cause:门机故障己好,门机故障己好,,raw_fault_text,原始故障文本,,local:fau_rep.xls,,1,0.0012106537530266344,,,#f59e0b,6
raw_cause:门机故障已经恢复,raw_cause:门机故障已经恢复,门机故障已经恢复,,raw_fault_text,原始故障文本,,local:fau_rep.xls,,1,0.0012106537530266344,,,#f59e0b,6
raw_cause:门机故障所致已恢复正常,raw_cause:门机故障所致已恢复正常,门机故障所致已恢复正常,,raw_fault_text,原始故障文本,,local:fau_rep.xls,,1,0.0012106537530266344,,,#f59e0b,6
raw_cause:门机故障死机,raw_cause:门机故障死机,门机故障死机,,raw_fault_text,原始故障文本,,local:fau_rep.xls,,3,0.0036319612590799033,,,#f59e0b,6
raw_cause:门机故障，已恢复,raw_cause:门机故障，已恢复,门机故障，已恢复,,raw_fault_text,原始故障文本,,local:fau_rep.xls,,4,0.004842615012106538,,,#f59e0b,6
raw_cause:门机故障，恢复正常,raw_cause:门机故障，恢复正常,门机故障，恢复正常,,raw_fault_text,原始故障文本,,local:fau_rep.xls,,1,0.0012106537530266344,,,#f59e0b,6
raw_cause:门机故障，死机。己好。13G052172,raw_cause:门机故障，死机。己好。13G052172,门机故障，死机。己好。13G052172,,raw_fault_text,原始故障文本,,local:fau_rep.xls,,1,0.0012106537530266344,,,#f59e0b,6
raw_cause:门机板失电已恢复,raw_cause:门机板失电已恢复,门机板失电已恢复,,raw_fault_text,原始故障文本,,local:fau_rep.xls,,1,0.0012106537530266344,,,#f59e0b,6
raw_cause:门机板异常,raw_cause:门机板异常,门机板异常,,raw_fault_text,原始故障文本,,local:fau_rep.xls,,1,0.0012106537530266344,,,#f59e0b,6
raw_cause:门机板异常 已修复,raw_cause:门机板异常 已修复,门机板异常 已修复,,raw_fault_text,原始故障文本,,local:fau_rep.xls,,1,0.0012106537530266344,,,#f59e0b,6
raw_cause:门机板死机,raw_cause:门机板死机,门机板死机,,raw_fault_text,原始故障文本,,local:fau_rep.xls,,1,0.0012106537530266344,,,#f59e0b,6
raw_cause:门机板死机。修复,raw_cause:门机板死机。修复,门机板死机。修复,,raw_fault_text,原始故障文本,,local:fau_rep.xls,,1,0.0012106537530266344,,,#f59e0b,6
raw_cause:门机皮带断裂 现在停梯,raw_cause:门机皮带断裂 现在停梯,门机皮带断裂 现在停梯,,raw_fault_text,原始故障文本,,local:fau_rep.xls,,1,0.0012106537530266344,,,#f59e0b,6
raw_cause:门机线路插接不良，已调整恢复开梯待观察。,raw_cause:门机线路插接不良，已调整恢复开梯待观察。,门机线路插接不良，已调整恢复开梯待观察。,,raw_fault_text,原始故障文本,,local:fau_rep.xls,,1,0.0012106537530266344,,,#f59e0b,6
raw_cause:门机闸刀被人打掉了,raw_cause:门机闸刀被人打掉了,门机闸刀被人打掉了,,raw_fault_text,原始故障文本,,local:fau_rep.xls,,1,0.0012106537530266344,,,#f59e0b,6
"raw_cause:门机马达坏,停梯","raw_cause:门机马达坏,停梯","门机马达坏,停梯",,raw_fault_text,原始故障文本,,local:fau_rep.xls,,1,0.0012106537530266344,,,#f59e0b,6
raw_cause:门滚轮掉了 主门锁插盒子 已经恢复正常 到时再更换门锁,raw_cause:门滚轮掉了 主门锁插盒子 已经恢复正常 到时再更换门锁,门滚轮掉了 主门锁插盒子 已经恢复正常 到时再更换门锁,,raw_fault_text,原始故障文本,,local:fau_rep.xls,,1,0.0012106537530266344,,,#f59e0b,6
raw_cause:门热敏开关动作故障已搞好,raw_cause:门热敏开关动作故障已搞好,门热敏开关动作故障已搞好,,raw_fault_text,原始故障文本,,local:fau_rep.xls,,1,0.0012106537530266344,,,#f59e0b,6
raw_cause:门触点失效,raw_cause:门触点失效,门触点失效,,raw_fault_text,原始故障文本,,local:xlsx,,23,,,,#f59e0b,6
raw_cause:门重导致门关不到底,raw_cause:门重导致门关不到底,门重导致门关不到底,,raw_fault_text,原始故障文本,,local:fau_rep.xls,,1,0.0012106537530266344,,,#f59e0b,6
raw_cause:门锁不通,raw_cause:门锁不通,门锁不通,,raw_fault_text,原始故障文本,,local:fau_rep.xls,,2,0.002421307506053269,,,#f59e0b,6
raw_cause:门锁不通 死机,raw_cause:门锁不通 死机,门锁不通 死机,,raw_fault_text,原始故障文本,,local:fau_rep.xls,,1,0.0012106537530266344,,,#f59e0b,6
raw_cause:门锁不通已调整,raw_cause:门锁不通已调整,门锁不通已调整,,raw_fault_text,原始故障文本,,local:fau_rep.xls,,1,0.0012106537530266344,,,#f59e0b,6
raw_cause:门锁回路虚接，负一楼厅门门锁线潮湿软化，以处理,raw_cause:门锁回路虚接，负一楼厅门门锁线潮湿软化，以处理,门锁回路虚接，负一楼厅门门锁线潮湿软化，以处理,,raw_fault_text,原始故障文本,,local:fau_rep.xls,,1,0.0012106537530266344,,,#f59e0b,6
raw_cause:门锁故障,raw_cause:门锁故障,门锁故障,,raw_fault_text,原始故障文本,,local:fau_rep.xls,,3,0.0036319612590799033,,,#f59e0b,6
raw_cause:门锁线接地,raw_cause:门锁线接地,门锁线接地,,raw_fault_text,原始故障文本,,local:fau_rep.xls,,1,0.0012106537530266344,,,#f59e0b,6
raw_cause:阻挡关门时间过长，电梯无法运行,raw_cause:阻挡关门时间过长，电梯无法运行,阻挡关门时间过长，电梯无法运行,,raw_fault_text,原始故障文本,,local:xlsx,,23,,,,#f59e0b,6
raw_cause:限速器开关限制,raw_cause:限速器开关限制,限速器开关限制,,raw_fault_text,原始故障文本,,local:xlsx,,28,,,,#f59e0b,6
raw_cause:靠近海边，风太大导致关门迟钝死机，恢复正常,raw_cause:靠近海边，风太大导致关门迟钝死机，恢复正常,靠近海边，风太大导致关门迟钝死机，恢复正常,,raw_fault_text,原始故障文本,,local:fau_rep.xls,,1,0.0012106537530266344,,,#f59e0b,6
raw_cause:风大一楼厅门自闭不良,raw_cause:风大一楼厅门自闭不良,风大一楼厅门自闭不良,,raw_fault_text,原始故障文本,,local:fau_rep.xls,,1,0.0012106537530266344,,,#f59e0b,6
raw_cause:风天进水楼层感应器泡坏了物业不出钱停梯着的,raw_cause:风天进水楼层感应器泡坏了物业不出钱停梯着的,风天进水楼层感应器泡坏了物业不出钱停梯着的,,raw_fault_text,原始故障文本,,local:fau_rep.xls,,1,0.0012106537530266344,,,#f59e0b,6
raw_cause:风太大，死机,raw_cause:风太大，死机,风太大，死机,,raw_fault_text,原始故障文本,,local:fau_rep.xls,,2,0.002421307506053269,,,#f59e0b,6
raw_cause:，已恢复，光幕电源盒坏，已更换,raw_cause:，已恢复，光幕电源盒坏，已更换,，已恢复，光幕电源盒坏，已更换,,raw_fault_text,原始故障文本,,local:fau_rep.xls,,1,0.0012106537530266344,,,#f59e0b,6
raw_cause:，门机故障,raw_cause:，门机故障,，门机故障,,raw_fault_text,原始故障文本,,local:fau_rep.xls,,1,0.0012106537530266344,,,#f59e0b,6
raw_cause:－1厅门自闭不好,raw_cause:－1厅门自闭不好,－1厅门自闭不好,,raw_fault_text,原始故障文本,,local:fau_rep.xls,,1,0.0012106537530266344,,,#f59e0b,6
rule:96333_response,rule:96333_response,96333 电梯应急处置/救援响应,,rule,法规/标准,电梯困人应急处置、救援到场和回访闭环。,法规/标准资料,,,,,,#7c3aed,10
rule:gbt_7588_2020,rule:gbt_7588_2020,GB/T 7588.1-2020 / GB/T 7588.2-2020,,rule,法规/标准,电梯制造与安装安全规范。,法规/标准资料,,,,,,#7c3aed,10
rule:tsg_t5002_2017,rule:tsg_t5002_2017,TSG T5002-2017 电梯维护保养规则,,rule,法规/标准,电梯维护保养规则。,法规/标准资料,,,,,,#7c3aed,10
rule:tsg_t7001_2023,rule:tsg_t7001_2023,TSG T7001-2023 电梯监督检验和定期检验规则,,rule,法规/标准,电梯监督检验和定期检验规则。,法规/标准资料,,,,,,#7c3aed,10
rule:tsg_t7008_2023,rule:tsg_t7008_2023,TSG T7008-2023 电梯自行检测规则,,rule,法规/标准,电梯自行检测规则。,法规/标准资料,,,,,,#7c3aed,10
site_type:交通场所,site_type:交通场所,交通场所,,site_type,使用场所,,local:xlsx,,,,,,#64748b,6
site_type:住宅,site_type:住宅,住宅,,site_type,使用场所,,local:xlsx,,,,,,#64748b,6
site_type:其他,site_type:其他,其他,,site_type,使用场所,,local:xlsx,,,,,,#64748b,6
site_type:办公楼宇,site_type:办公楼宇,办公楼宇,,site_type,使用场所,,local:xlsx,,,,,,#64748b,6
site_type:医院,site_type:医院,医院,,site_type,使用场所,,local:xlsx,,,,,,#64748b,6
site_type:商场超市,site_type:商场超市,商场超市,,site_type,使用场所,,local:xlsx,,,,,,#64748b,6
site_type:宾馆饭店,site_type:宾馆饭店,宾馆饭店,,site_type,使用场所,,local:xlsx,,,,,,#64748b,6
site_type:文体娱场所,site_type:文体娱场所,文体娱场所,,site_type,使用场所,,local:xlsx,,,,,,#64748b,6
system:car,system:car,轿厢系统,,system,系统,承载乘客并提供操纵、照明、通风和轿内安全功能。,领域种子图,,,,,,#2563eb,12
system:counterweight,system:counterweight,重量平衡系统,,system,系统,通过对重和平衡补偿降低曳引负荷。,领域种子图,,,,,,#2563eb,12
system:door,system:door,门系统,,system,系统,实现厅门、轿门开闭、门锁闭合、防夹保护和门区联锁。,领域种子图,,,,,,#2563eb,12
system:electric_control,system:electric_control,电气控制系统,,system,系统,处理召唤、运行逻辑、平层、通讯和故障保护。,领域种子图,,,,,,#2563eb,12
system:electric_drive,system:electric_drive,电力拖动系统,,system,系统,实现电机驱动、变频调速和运行控制。,领域种子图,,,,,,#2563eb,12
system:guidance,system:guidance,导向系统,,system,系统,约束轿厢和对重沿导轨运行。,领域种子图,,,,,,#2563eb,12
system:pit,system:pit,底坑系统,,system,系统,包含缓冲器、底坑急停、张紧装置、积水环境等。,领域种子图,,,,,,#2563eb,12
system:power_environment,system:power_environment,供电与外部环境,,system,系统,覆盖停电、电压异常、进水、温湿度和外部施工影响。,领域种子图,,,,,,#2563eb,12
system:safety_protection,system:safety_protection,安全保护系统,,system,系统,由门锁、安全回路、限速器、安全钳、缓冲器、急停等构成。,领域种子图,,,,,,#2563eb,12
system:shaft_station,system:shaft_station,井道与层站系统,,system,系统,包含井道、层门、层站召唤、端站限位和井道位置检测。,领域种子图,,,,,,#2563eb,12
system:traction,system:traction,曳引系统,,system,系统,提供电梯运行牵引力，包含曳引机、曳引轮、钢丝绳、制动器等。,领域种子图,,,,,,#2563eb,12
topic:ascending_overspeed,topic:ascending_overspeed,轿厢上行超速保护,,safety_topic,安全主题,,领域种子图,,,,,,#9333ea,8
topic:brake_safety,topic:brake_safety,制动器安全,,safety_topic,安全主题,,领域种子图,,,,,,#9333ea,8
topic:door_locking,topic:door_locking,门锁闭合与门区联锁,,safety_topic,安全主题,,领域种子图,,,,,,#9333ea,8
topic:electric_safety_chain,topic:electric_safety_chain,电气安全链,,safety_topic,安全主题,,领域种子图,,,,,,#9333ea,8
topic:rescue_access,topic:rescue_access,救援和检修通道,,safety_topic,安全主题,,领域种子图,,,,,,#9333ea,8
topic:unintended_car_movement,topic:unintended_car_movement,轿厢意外移动保护,,safety_topic,安全主题,,领域种子图,,,,,,#9333ea,8
web:elevator_gnn_literature,web:elevator_gnn_literature,Graph-based / GNN elevator fault diagnosis literature,,source,资料来源,用于后续把该 KG 接入 GNN 异常追溯的技术背景。,web,https://pmc.ncbi.nlm.nih.gov/articles/PMC12788203/,,,,,#6b7280,6
web:hangzhou_96333_2020,web:hangzhou_96333_2020,杭州市 96333 电梯应急处置通报,,source,资料来源,用于困人、门系统、人为原因、外部原因等故障类别证据。,web,https://www.hangzhou.gov.cn/art/2020/8/28/art_812262_55518767.html,,,,,#6b7280,6
web:rizhao_96333_2021,web:rizhao_96333_2021,日照市 96333 电梯应急处置中心运行情况通报,,source,资料来源,用于困人原因的门系统、外部原因和人为原因统计语义。,web,http://www.rizhao.gov.cn/art/2022/1/25/art_39601_10297757.html,,,,,#6b7280,6
web:samr_gbt_7588_2020,web:samr_gbt_7588_2020,市场监管总局 GB/T 7588.1-2020/GB/T 7588.2-2020 解读,,source,资料来源,用于制动器、上行超速、轿厢意外移动、安全回路和救援检修相关节点。,web,https://www.samr.gov.cn/sps/sjdt/gzdt/art/2023/art_72c228af3bd144c584a682322159199d.html,,,,,#6b7280,6
web:samr_tsg_2023,web:samr_tsg_2023,市场监管总局关于 TSG T7001-2023 与 TSG T7008-2023 的解读,,source,资料来源,用于监管规则节点和自行检测/定期检验语义。,web,https://www.samr.gov.cn/xw/zj/art/2023/art_971676b200df4c529d1971911f5927a7.html,,,,,#6b7280,6
web:taian_96333_2017,web:taian_96333_2017,泰安市 96333 电梯应急处置服务平台数据,,source,资料来源,用于维保救援、人员原因、停电、进水等处置语义。,web,http://scjgj.taian.gov.cn/art/2017/10/9/art_201048_8273969.html,,,,,#6b7280,6
web:tsg_t5002_2017,web:tsg_t5002_2017,TSG T5002-2017 电梯维护保养规则,,source,资料来源,用于半月、季度、半年、年度维保范围和处置动作语义。,web,https://www.haian.gov.cn/hascjgj/sgjf/content/a8589ce7-7138-4c77-ab35-104a47e910ed.html,,,,,#6b7280,6
work_order:202501045070,work_order:202501045070,工单 202501045070,,work_order,救援工单,,local:2025年200台电梯困人工单数据.xlsx,,,,1,18.0,#64748b,5
work_order:202501060010,work_order:202501060010,工单 202501060010,,work_order,救援工单,,local:2025年200台电梯困人工单数据.xlsx,,,,3,7.0,#64748b,5
work_order:202501070014,work_order:202501070014,工单 202501070014,,work_order,救援工单,,local:2025年200台电梯困人工单数据.xlsx,,,,1,6.0,#64748b,5
work_order:202501070027,work_order:202501070027,工单 202501070027,,work_order,救援工单,,local:2025年200台电梯困人工单数据.xlsx,,,,2,19.0,#64748b,5
work_order:202501090001,work_order:202501090001,工单 202501090001,,work_order,救援工单,,local:2025年200台电梯困人工单数据.xlsx,,,,1,16.0,#64748b,5
work_order:202501105043,work_order:202501105043,工单 202501105043,,work_order,救援工单,,local:2025年200台电梯困人工单数据.xlsx,,,,1,11.0,#64748b,5
work_order:202501110034,work_order:202501110034,工单 202501110034,,work_order,救援工单,,local:2025年200台电梯困人工单数据.xlsx,,,,2,4.0,#64748b,5
work_order:202501115098,work_order:202501115098,工单 202501115098,,work_order,救援工单,,local:2025年200台电梯困人工单数据.xlsx,,,,4,21.0,#64748b,5
work_order:202501120015,work_order:202501120015,工单 202501120015,,work_order,救援工单,,local:2025年200台电梯困人工单数据.xlsx,,,,1,12.0,#64748b,5
work_order:202501135057,work_order:202501135057,工单 202501135057,,work_order,救援工单,,local:2025年200台电梯困人工单数据.xlsx,,,,2,24.0,#64748b,5
work_order:202501135085,work_order:202501135085,工单 202501135085,,work_order,救援工单,,local:2025年200台电梯困人工单数据.xlsx,,,,3,1.0,#64748b,5
work_order:202501145009,work_order:202501145009,工单 202501145009,,work_order,救援工单,,local:2025年200台电梯困人工单数据.xlsx,,,,9,26.0,#64748b,5
work_order:202501160016,work_order:202501160016,工单 202501160016,,work_order,救援工单,,local:2025年200台电梯困人工单数据.xlsx,,,,2,23.0,#64748b,5
work_order:202501205047,work_order:202501205047,工单 202501205047,,work_order,救援工单,,local:2025年200台电梯困人工单数据.xlsx,,,,3,21.0,#64748b,5
work_order:202501220004,work_order:202501220004,工单 202501220004,,work_order,救援工单,,local:2025年200台电梯困人工单数据.xlsx,,,,2,21.0,#64748b,5
work_order:202501250005,work_order:202501250005,工单 202501250005,,work_order,救援工单,,local:2025年200台电梯困人工单数据.xlsx,,,,2,13.0,#64748b,5
work_order:202501260007,work_order:202501260007,工单 202501260007,,work_order,救援工单,,local:2025年200台电梯困人工单数据.xlsx,,,,1,21.0,#64748b,5
work_order:202501260012,work_order:202501260012,工单 202501260012,,work_order,救援工单,,local:2025年200台电梯困人工单数据.xlsx,,,,1,11.0,#64748b,5
work_order:202501315032,work_order:202501315032,工单 202501315032,,work_order,救援工单,,local:2025年200台电梯困人工单数据.xlsx,,,,3,21.0,#64748b,5
work_order:202502015001,work_order:202502015001,工单 202502015001,,work_order,救援工单,,local:2025年200台电梯困人工单数据.xlsx,,,,15,24.0,#64748b,5
work_order:202502020004,work_order:202502020004,工单 202502020004,,work_order,救援工单,,local:2025年200台电梯困人工单数据.xlsx,,,,1,16.0,#64748b,5
work_order:202502025028,work_order:202502025028,工单 202502025028,,work_order,救援工单,,local:2025年200台电梯困人工单数据.xlsx,,,,15,2.0,#64748b,5
work_order:202502035036,work_order:202502035036,工单 202502035036,,work_order,救援工单,,local:2025年200台电梯困人工单数据.xlsx,,,,12,11.0,#64748b,5
work_order:202502060011,work_order:202502060011,工单 202502060011,,work_order,救援工单,,local:2025年200台电梯困人工单数据.xlsx,,,,1,13.0,#64748b,5
work_order:202502060028,work_order:202502060028,工单 202502060028,,work_order,救援工单,,local:2025年200台电梯困人工单数据.xlsx,,,,2,3.0,#64748b,5
work_order:202502065033,work_order:202502065033,工单 202502065033,,work_order,救援工单,,local:2025年200台电梯困人工单数据.xlsx,,,,2,4.0,#64748b,5
work_order:202502090023,work_order:202502090023,工单 202502090023,,work_order,救援工单,,local:2025年200台电梯困人工单数据.xlsx,,,,1,13.0,#64748b,5
work_order:202502105021,work_order:202502105021,工单 202502105021,,work_order,救援工单,,local:2025年200台电梯困人工单数据.xlsx,,,,1,26.0,#64748b,5
work_order:202502130001,work_order:202502130001,工单 202502130001,,work_order,救援工单,,local:2025年200台电梯困人工单数据.xlsx,,,,2,14.0,#64748b,5
work_order:202502130032,work_order:202502130032,工单 202502130032,,work_order,救援工单,,local:2025年200台电梯困人工单数据.xlsx,,,,2,10.0,#64748b,5
work_order:202502140001,work_order:202502140001,工单 202502140001,,work_order,救援工单,,local:2025年200台电梯困人工单数据.xlsx,,,,2,16.0,#64748b,5
work_order:202502145062,work_order:202502145062,工单 202502145062,,work_order,救援工单,,local:2025年200台电梯困人工单数据.xlsx,,,,4,13.0,#64748b,5
work_order:202502150003,work_order:202502150003,工单 202502150003,,work_order,救援工单,,local:2025年200台电梯困人工单数据.xlsx,,,,1,4.0,#64748b,5
work_order:202502175005,work_order:202502175005,工单 202502175005,,work_order,救援工单,,local:2025年200台电梯困人工单数据.xlsx,,,,1,12.0,#64748b,5
work_order:202502190019,work_order:202502190019,工单 202502190019,,work_order,救援工单,,local:2025年200台电梯困人工单数据.xlsx,,,,2,13.0,#64748b,5
work_order:202502195038,work_order:202502195038,工单 202502195038,,work_order,救援工单,,local:2025年200台电梯困人工单数据.xlsx,,,,1,12.0,#64748b,5
work_order:202502220027,work_order:202502220027,工单 202502220027,,work_order,救援工单,,local:2025年200台电梯困人工单数据.xlsx,,,,2,4.0,#64748b,5
work_order:202502240019,work_order:202502240019,工单 202502240019,,work_order,救援工单,,local:2025年200台电梯困人工单数据.xlsx,,,,1,16.0,#64748b,5
work_order:202502245037,work_order:202502245037,工单 202502245037,,work_order,救援工单,,local:2025年200台电梯困人工单数据.xlsx,,,,1,10.0,#64748b,5
work_order:202502250014,work_order:202502250014,工单 202502250014,,work_order,救援工单,,local:2025年200台电梯困人工单数据.xlsx,,,,2,0.0,#64748b,5
work_order:202502270006,work_order:202502270006,工单 202502270006,,work_order,救援工单,,local:2025年200台电梯困人工单数据.xlsx,,,,1,16.0,#64748b,5
work_order:202503015006,work_order:202503015006,工单 202503015006,,work_order,救援工单,,local:2025年200台电梯困人工单数据.xlsx,,,,1,10.0,#64748b,5
work_order:202503015027,work_order:202503015027,工单 202503015027,,work_order,救援工单,,local:2025年200台电梯困人工单数据.xlsx,,,,1,7.0,#64748b,5
work_order:202503015052,work_order:202503015052,工单 202503015052,,work_order,救援工单,,local:2025年200台电梯困人工单数据.xlsx,,,,1,24.0,#64748b,5
work_order:202503020015,work_order:202503020015,工单 202503020015,,work_order,救援工单,,local:2025年200台电梯困人工单数据.xlsx,,,,2,10.0,#64748b,5
work_order:202503025047,work_order:202503025047,工单 202503025047,,work_order,救援工单,,local:2025年200台电梯困人工单数据.xlsx,,,,1,26.0,#64748b,5
work_order:202503040011,work_order:202503040011,工单 202503040011,,work_order,救援工单,,local:2025年200台电梯困人工单数据.xlsx,,,,5,16.0,#64748b,5
work_order:202503045012,work_order:202503045012,工单 202503045012,,work_order,救援工单,,local:2025年200台电梯困人工单数据.xlsx,,,,1,10.0,#64748b,5
work_order:202503080021,work_order:202503080021,工单 202503080021,,work_order,救援工单,,local:2025年200台电梯困人工单数据.xlsx,,,,1,0.0,#64748b,5
work_order:202503085036,work_order:202503085036,工单 202503085036,,work_order,救援工单,,local:2025年200台电梯困人工单数据.xlsx,,,,1,9.0,#64748b,5
work_order:202503095050,work_order:202503095050,工单 202503095050,,work_order,救援工单,,local:2025年200台电梯困人工单数据.xlsx,,,,2,5.0,#64748b,5
work_order:202503115020,work_order:202503115020,工单 202503115020,,work_order,救援工单,,local:2025年200台电梯困人工单数据.xlsx,,,,1,19.0,#64748b,5
work_order:202503115068,work_order:202503115068,工单 202503115068,,work_order,救援工单,,local:2025年200台电梯困人工单数据.xlsx,,,,5,16.0,#64748b,5
work_order:202503115069,work_order:202503115069,工单 202503115069,,work_order,救援工单,,local:2025年200台电梯困人工单数据.xlsx,,,,2,19.0,#64748b,5
work_order:202503135077,work_order:202503135077,工单 202503135077,,work_order,救援工单,,local:2025年200台电梯困人工单数据.xlsx,,,,2,10.0,#64748b,5
work_order:202503160007,work_order:202503160007,工单 202503160007,,work_order,救援工单,,local:2025年200台电梯困人工单数据.xlsx,,,,1,27.0,#64748b,5
work_order:202503170018,work_order:202503170018,工单 202503170018,,work_order,救援工单,,local:2025年200台电梯困人工单数据.xlsx,,,,2,3.0,#64748b,5
work_order:202503185002,work_order:202503185002,工单 202503185002,,work_order,救援工单,,local:2025年200台电梯困人工单数据.xlsx,,,,1,12.0,#64748b,5
work_order:202503200007,work_order:202503200007,工单 202503200007,,work_order,救援工单,,local:2025年200台电梯困人工单数据.xlsx,,,,2,1.0,#64748b,5
work_order:202503210009,work_order:202503210009,工单 202503210009,,work_order,救援工单,,local:2025年200台电梯困人工单数据.xlsx,,,,2,16.0,#64748b,5
work_order:202503215043,work_order:202503215043,工单 202503215043,,work_order,救援工单,,local:2025年200台电梯困人工单数据.xlsx,,,,1,22.0,#64748b,5
work_order:202503220019,work_order:202503220019,工单 202503220019,,work_order,救援工单,,local:2025年200台电梯困人工单数据.xlsx,,,,2,16.0,#64748b,5
work_order:202503225019,work_order:202503225019,工单 202503225019,,work_order,救援工单,,local:2025年200台电梯困人工单数据.xlsx,,,,1,15.0,#64748b,5
work_order:202503225067,work_order:202503225067,工单 202503225067,,work_order,救援工单,,local:2025年200台电梯困人工单数据.xlsx,,,,3,16.0,#64748b,5
work_order:202503245056,work_order:202503245056,工单 202503245056,,work_order,救援工单,,local:2025年200台电梯困人工单数据.xlsx,,,,1,8.0,#64748b,5
work_order:202503255104,work_order:202503255104,工单 202503255104,,work_order,救援工单,,local:2025年200台电梯困人工单数据.xlsx,,,,1,7.0,#64748b,5
work_order:202503255128,work_order:202503255128,工单 202503255128,,work_order,救援工单,,local:2025年200台电梯困人工单数据.xlsx,,,,1,7.0,#64748b,5
work_order:202503280005,work_order:202503280005,工单 202503280005,,work_order,救援工单,,local:2025年200台电梯困人工单数据.xlsx,,,,2,5.0,#64748b,5
work_order:202503280022,work_order:202503280022,工单 202503280022,,work_order,救援工单,,local:2025年200台电梯困人工单数据.xlsx,,,,1,2.0,#64748b,5
work_order:202503290017,work_order:202503290017,工单 202503290017,,work_order,救援工单,,local:2025年200台电梯困人工单数据.xlsx,,,,1,1.0,#64748b,5
work_order:202503300025,work_order:202503300025,工单 202503300025,,work_order,救援工单,,local:2025年200台电梯困人工单数据.xlsx,,,,1,4.0,#64748b,5
work_order:202503305035,work_order:202503305035,工单 202503305035,,work_order,救援工单,,local:2025年200台电梯困人工单数据.xlsx,,,,2,17.0,#64748b,5
work_order:202504065008,work_order:202504065008,工单 202504065008,,work_order,救援工单,,local:2025年200台电梯困人工单数据.xlsx,,,,1,20.0,#64748b,5
work_order:202504070024,work_order:202504070024,工单 202504070024,,work_order,救援工单,,local:2025年200台电梯困人工单数据.xlsx,,,,2,13.0,#64748b,5
work_order:202504075008,work_order:202504075008,工单 202504075008,,work_order,救援工单,,local:2025年200台电梯困人工单数据.xlsx,,,,1,27.0,#64748b,5
work_order:202504145075,work_order:202504145075,工单 202504145075,,work_order,救援工单,,local:2025年200台电梯困人工单数据.xlsx,,,,3,19.0,#64748b,5
work_order:202504150016,work_order:202504150016,工单 202504150016,,work_order,救援工单,,local:2025年200台电梯困人工单数据.xlsx,,,,1,7.0,#64748b,5
work_order:202504170018,work_order:202504170018,工单 202504170018,,work_order,救援工单,,local:2025年200台电梯困人工单数据.xlsx,,,,4,19.0,#64748b,5
work_order:202504180043,work_order:202504180043,工单 202504180043,,work_order,救援工单,,local:2025年200台电梯困人工单数据.xlsx,,,,2,22.0,#64748b,5
work_order:202504200007,work_order:202504200007,工单 202504200007,,work_order,救援工单,,local:2025年200台电梯困人工单数据.xlsx,,,,2,8.0,#64748b,5
work_order:202504215049,work_order:202504215049,工单 202504215049,,work_order,救援工单,,local:2025年200台电梯困人工单数据.xlsx,,,,1,10.0,#64748b,5
work_order:202504220038,work_order:202504220038,工单 202504220038,,work_order,救援工单,,local:2025年200台电梯困人工单数据.xlsx,,,,2,2.0,#64748b,5
work_order:202504240010,work_order:202504240010,工单 202504240010,,work_order,救援工单,,local:2025年200台电梯困人工单数据.xlsx,,,,3,15.0,#64748b,5
work_order:202504290002,work_order:202504290002,工单 202504290002,,work_order,救援工单,,local:2025年200台电梯困人工单数据.xlsx,,,,2,11.0,#64748b,5
work_order:202504300007,work_order:202504300007,工单 202504300007,,work_order,救援工单,,local:2025年200台电梯困人工单数据.xlsx,,,,2,7.0,#64748b,5
work_order:202504300034,work_order:202504300034,工单 202504300034,,work_order,救援工单,,local:2025年200台电梯困人工单数据.xlsx,,,,2,2.0,#64748b,5
work_order:202505010023,work_order:202505010023,工单 202505010023,,work_order,救援工单,,local:2025年200台电梯困人工单数据.xlsx,,,,2,2.0,#64748b,5
work_order:202505030035,work_order:202505030035,工单 202505030035,,work_order,救援工单,,local:2025年200台电梯困人工单数据.xlsx,,,,2,19.0,#64748b,5
work_order:202505070022,work_order:202505070022,工单 202505070022,,work_order,救援工单,,local:2025年200台电梯困人工单数据.xlsx,,,,2,4.0,#64748b,5
work_order:202505120023,work_order:202505120023,工单 202505120023,,work_order,救援工单,,local:2025年200台电梯困人工单数据.xlsx,,,,2,13.0,#64748b,5
work_order:202505125092,work_order:202505125092,工单 202505125092,,work_order,救援工单,,local:2025年200台电梯困人工单数据.xlsx,,,,8,11.0,#64748b,5
work_order:202505140041,work_order:202505140041,工单 202505140041,,work_order,救援工单,,local:2025年200台电梯困人工单数据.xlsx,,,,2,9.0,#64748b,5
work_order:202505170021,work_order:202505170021,工单 202505170021,,work_order,救援工单,,local:2025年200台电梯困人工单数据.xlsx,,,,2,6.0,#64748b,5
work_order:202505195022,work_order:202505195022,工单 202505195022,,work_order,救援工单,,local:2025年200台电梯困人工单数据.xlsx,,,,8,12.0,#64748b,5
work_order:202505255019,work_order:202505255019,工单 202505255019,,work_order,救援工单,,local:2025年200台电梯困人工单数据.xlsx,,,,1,16.0,#64748b,5
work_order:202505255114,work_order:202505255114,工单 202505255114,,work_order,救援工单,,local:2025年200台电梯困人工单数据.xlsx,,,,1,8.0,#64748b,5
work_order:202505260006,work_order:202505260006,工单 202505260006,,work_order,救援工单,,local:2025年200台电梯困人工单数据.xlsx,,,,2,15.0,#64748b,5
work_order:202505300032,work_order:202505300032,工单 202505300032,,work_order,救援工单,,local:2025年200台电梯困人工单数据.xlsx,,,,2,6.0,#64748b,5
work_order:202505305023,work_order:202505305023,工单 202505305023,,work_order,救援工单,,local:2025年200台电梯困人工单数据.xlsx,,,,3,17.0,#64748b,5
work_order:202505305059,work_order:202505305059,工单 202505305059,,work_order,救援工单,,local:2025年200台电梯困人工单数据.xlsx,,,,3,13.0,#64748b,5
work_order:202505315072,work_order:202505315072,工单 202505315072,,work_order,救援工单,,local:2025年200台电梯困人工单数据.xlsx,,,,10,3.0,#64748b,5
work_order:202506040011,work_order:202506040011,工单 202506040011,,work_order,救援工单,,local:2025年200台电梯困人工单数据.xlsx,,,,2,11.0,#64748b,5
work_order:202506060002,work_order:202506060002,工单 202506060002,,work_order,救援工单,,local:2025年200台电梯困人工单数据.xlsx,,,,1,25.0,#64748b,5
work_order:202506130046,work_order:202506130046,工单 202506130046,,work_order,救援工单,,local:2025年200台电梯困人工单数据.xlsx,,,,2,27.0,#64748b,5
work_order:202506145111,work_order:202506145111,工单 202506145111,,work_order,救援工单,,local:2025年200台电梯困人工单数据.xlsx,,,,1,9.0,#64748b,5
work_order:202506150051,work_order:202506150051,工单 202506150051,,work_order,救援工单,,local:2025年200台电梯困人工单数据.xlsx,,,,2,8.0,#64748b,5
work_order:202506165006,work_order:202506165006,工单 202506165006,,work_order,救援工单,,local:2025年200台电梯困人工单数据.xlsx,,,,2,8.0,#64748b,5
work_order:202506165081,work_order:202506165081,工单 202506165081,,work_order,救援工单,,local:2025年200台电梯困人工单数据.xlsx,,,,1,9.0,#64748b,5
work_order:202506175067,work_order:202506175067,工单 202506175067,,work_order,救援工单,,local:2025年200台电梯困人工单数据.xlsx,,,,1,7.0,#64748b,5
work_order:202506185034,work_order:202506185034,工单 202506185034,,work_order,救援工单,,local:2025年200台电梯困人工单数据.xlsx,,,,1,17.0,#64748b,5
work_order:202506190035,work_order:202506190035,工单 202506190035,,work_order,救援工单,,local:2025年200台电梯困人工单数据.xlsx,,,,2,1.0,#64748b,5
work_order:202506190056,work_order:202506190056,工单 202506190056,,work_order,救援工单,,local:2025年200台电梯困人工单数据.xlsx,,,,2,13.0,#64748b,5
work_order:202506195055,work_order:202506195055,工单 202506195055,,work_order,救援工单,,local:2025年200台电梯困人工单数据.xlsx,,,,1,9.0,#64748b,5
work_order:202506210006,work_order:202506210006,工单 202506210006,,work_order,救援工单,,local:2025年200台电梯困人工单数据.xlsx,,,,1,7.0,#64748b,5
work_order:202506225036,work_order:202506225036,工单 202506225036,,work_order,救援工单,,local:2025年200台电梯困人工单数据.xlsx,,,,2,3.0,#64748b,5
work_order:202506225093,work_order:202506225093,工单 202506225093,,work_order,救援工单,,local:2025年200台电梯困人工单数据.xlsx,,,,15,9.0,#64748b,5
work_order:202506240017,work_order:202506240017,工单 202506240017,,work_order,救援工单,,local:2025年200台电梯困人工单数据.xlsx,,,,2,17.0,#64748b,5
work_order:202506250033,work_order:202506250033,工单 202506250033,,work_order,救援工单,,local:2025年200台电梯困人工单数据.xlsx,,,,2,14.0,#64748b,5
work_order:202506255054,work_order:202506255054,工单 202506255054,,work_order,救援工单,,local:2025年200台电梯困人工单数据.xlsx,,,,2,3.0,#64748b,5
work_order:202506270022,work_order:202506270022,工单 202506270022,,work_order,救援工单,,local:2025年200台电梯困人工单数据.xlsx,,,,2,8.0,#64748b,5
work_order:202506280005,work_order:202506280005,工单 202506280005,,work_order,救援工单,,local:2025年200台电梯困人工单数据.xlsx,,,,1,13.0,#64748b,5
work_order:202506280015,work_order:202506280015,工单 202506280015,,work_order,救援工单,,local:2025年200台电梯困人工单数据.xlsx,,,,1,12.0,#64748b,5
work_order:202506290004,work_order:202506290004,工单 202506290004,,work_order,救援工单,,local:2025年200台电梯困人工单数据.xlsx,,,,1,13.0,#64748b,5
work_order:202506290023,work_order:202506290023,工单 202506290023,,work_order,救援工单,,local:2025年200台电梯困人工单数据.xlsx,,,,2,10.0,#64748b,5
work_order:202507035077,work_order:202507035077,工单 202507035077,,work_order,救援工单,,local:2025年200台电梯困人工单数据.xlsx,,,,1,17.0,#64748b,5
work_order:202507040020,work_order:202507040020,工单 202507040020,,work_order,救援工单,,local:2025年200台电梯困人工单数据.xlsx,,,,1,19.0,#64748b,5
work_order:202507050009,work_order:202507050009,工单 202507050009,,work_order,救援工单,,local:2025年200台电梯困人工单数据.xlsx,,,,1,12.0,#64748b,5
work_order:202507055101,work_order:202507055101,工单 202507055101,,work_order,救援工单,,local:2025年200台电梯困人工单数据.xlsx,,,,2,15.0,#64748b,5
work_order:202507085059,work_order:202507085059,工单 202507085059,,work_order,救援工单,,local:2025年200台电梯困人工单数据.xlsx,,,,2,6.0,#64748b,5
work_order:202507090018,work_order:202507090018,工单 202507090018,,work_order,救援工单,,local:2025年200台电梯困人工单数据.xlsx,,,,2,17.0,#64748b,5
work_order:202507110009,work_order:202507110009,工单 202507110009,,work_order,救援工单,,local:2025年200台电梯困人工单数据.xlsx,,,,1,19.0,#64748b,5
work_order:202507145088,work_order:202507145088,工单 202507145088,,work_order,救援工单,,local:2025年200台电梯困人工单数据.xlsx,,,,1,8.0,#64748b,5
work_order:202507160037,work_order:202507160037,工单 202507160037,,work_order,救援工单,,local:2025年200台电梯困人工单数据.xlsx,,,,2,4.0,#64748b,5
work_order:202507185026,work_order:202507185026,工单 202507185026,,work_order,救援工单,,local:2025年200台电梯困人工单数据.xlsx,,,,1,11.0,#64748b,5
work_order:202507185051,work_order:202507185051,工单 202507185051,,work_order,救援工单,,local:2025年200台电梯困人工单数据.xlsx,,,,2,4.0,#64748b,5
work_order:202507190005,work_order:202507190005,工单 202507190005,,work_order,救援工单,,local:2025年200台电梯困人工单数据.xlsx,,,,2,20.0,#64748b,5
work_order:202507190006,work_order:202507190006,工单 202507190006,,work_order,救援工单,,local:2025年200台电梯困人工单数据.xlsx,,,,2,18.0,#64748b,5
work_order:202507245049,work_order:202507245049,工单 202507245049,,work_order,救援工单,,local:2025年200台电梯困人工单数据.xlsx,,,,1,4.0,#64748b,5
work_order:202507275064,work_order:202507275064,工单 202507275064,,work_order,救援工单,,local:2025年200台电梯困人工单数据.xlsx,,,,1,10.0,#64748b,5
work_order:202507280028,work_order:202507280028,工单 202507280028,,work_order,救援工单,,local:2025年200台电梯困人工单数据.xlsx,,,,2,1.0,#64748b,5
work_order:202507285023,work_order:202507285023,工单 202507285023,,work_order,救援工单,,local:2025年200台电梯困人工单数据.xlsx,,,,2,4.0,#64748b,5
work_order:202507295044,work_order:202507295044,工单 202507295044,,work_order,救援工单,,local:2025年200台电梯困人工单数据.xlsx,,,,2,6.0,#64748b,5
work_order:202507295070,work_order:202507295070,工单 202507295070,,work_order,救援工单,,local:2025年200台电梯困人工单数据.xlsx,,,,2,4.0,#64748b,5
work_order:202507300028,work_order:202507300028,工单 202507300028,,work_order,救援工单,,local:2025年200台电梯困人工单数据.xlsx,,,,2,8.0,#64748b,5
work_order:202507310001,work_order:202507310001,工单 202507310001,,work_order,救援工单,,local:2025年200台电梯困人工单数据.xlsx,,,,2,1.0,#64748b,5
work_order:202508025062,work_order:202508025062,工单 202508025062,,work_order,救援工单,,local:2025年200台电梯困人工单数据.xlsx,,,,1,3.0,#64748b,5
work_order:202508030063,work_order:202508030063,工单 202508030063,,work_order,救援工单,,local:2025年200台电梯困人工单数据.xlsx,,,,2,4.0,#64748b,5
work_order:202508050020,work_order:202508050020,工单 202508050020,,work_order,救援工单,,local:2025年200台电梯困人工单数据.xlsx,,,,2,13.0,#64748b,5
work_order:202508090003,work_order:202508090003,工单 202508090003,,work_order,救援工单,,local:2025年200台电梯困人工单数据.xlsx,,,,2,19.0,#64748b,5
work_order:202508100023,work_order:202508100023,工单 202508100023,,work_order,救援工单,,local:2025年200台电梯困人工单数据.xlsx,,,,2,11.0,#64748b,5
work_order:202508100035,work_order:202508100035,工单 202508100035,,work_order,救援工单,,local:2025年200台电梯困人工单数据.xlsx,,,,2,10.0,#64748b,5
work_order:202508105094,work_order:202508105094,工单 202508105094,,work_order,救援工单,,local:2025年200台电梯困人工单数据.xlsx,,,,1,13.0,#64748b,5
work_order:202508110007,work_order:202508110007,工单 202508110007,,work_order,救援工单,,local:2025年200台电梯困人工单数据.xlsx,,,,1,14.0,#64748b,5
work_order:202508130010,work_order:202508130010,工单 202508130010,,work_order,救援工单,,local:2025年200台电梯困人工单数据.xlsx,,,,1,8.0,#64748b,5
work_order:202508145003,work_order:202508145003,工单 202508145003,,work_order,救援工单,,local:2025年200台电梯困人工单数据.xlsx,,,,1,43.0,#64748b,5
work_order:202508160004,work_order:202508160004,工单 202508160004,,work_order,救援工单,,local:2025年200台电梯困人工单数据.xlsx,,,,3,17.0,#64748b,5
work_order:202508175078,work_order:202508175078,工单 202508175078,,work_order,救援工单,,local:2025年200台电梯困人工单数据.xlsx,,,,1,11.0,#64748b,5
work_order:202508200008,work_order:202508200008,工单 202508200008,,work_order,救援工单,,local:2025年200台电梯困人工单数据.xlsx,,,,1,10.0,#64748b,5
work_order:202508205048,work_order:202508205048,工单 202508205048,,work_order,救援工单,,local:2025年200台电梯困人工单数据.xlsx,,,,1,5.0,#64748b,5
work_order:202508245058,work_order:202508245058,工单 202508245058,,work_order,救援工单,,local:2025年200台电梯困人工单数据.xlsx,,,,1,17.0,#64748b,5
work_order:202508250019,work_order:202508250019,工单 202508250019,,work_order,救援工单,,local:2025年200台电梯困人工单数据.xlsx,,,,1,15.0,#64748b,5
work_order:202508250049,work_order:202508250049,工单 202508250049,,work_order,救援工单,,local:2025年200台电梯困人工单数据.xlsx,,,,2,6.0,#64748b,5
work_order:202508260002,work_order:202508260002,工单 202508260002,,work_order,救援工单,,local:2025年200台电梯困人工单数据.xlsx,,,,2,10.0,#64748b,5
work_order:202508285081,work_order:202508285081,工单 202508285081,,work_order,救援工单,,local:2025年200台电梯困人工单数据.xlsx,,,,7,4.0,#64748b,5
work_order:202508295020,work_order:202508295020,工单 202508295020,,work_order,救援工单,,local:2025年200台电梯困人工单数据.xlsx,,,,1,11.0,#64748b,5
work_order:202509010001,work_order:202509010001,工单 202509010001,,work_order,救援工单,,local:2025年200台电梯困人工单数据.xlsx,,,,2,4.0,#64748b,5
work_order:202509010044,work_order:202509010044,工单 202509010044,,work_order,救援工单,,local:2025年200台电梯困人工单数据.xlsx,,,,2,5.0,#64748b,5
work_order:202509020040,work_order:202509020040,工单 202509020040,,work_order,救援工单,,local:2025年200台电梯困人工单数据.xlsx,,,,2,20.0,#64748b,5
work_order:202509040004,work_order:202509040004,工单 202509040004,,work_order,救援工单,,local:2025年200台电梯困人工单数据.xlsx,,,,2,10.0,#64748b,5
work_order:202509040006,work_order:202509040006,工单 202509040006,,work_order,救援工单,,local:2025年200台电梯困人工单数据.xlsx,,,,2,6.0,#64748b,5
work_order:202509045070,work_order:202509045070,工单 202509045070,,work_order,救援工单,,local:2025年200台电梯困人工单数据.xlsx,,,,2,10.0,#64748b,5
work_order:202509100034,work_order:202509100034,工单 202509100034,,work_order,救援工单,,local:2025年200台电梯困人工单数据.xlsx,,,,2,17.0,#64748b,5
work_order:202509120011,work_order:202509120011,工单 202509120011,,work_order,救援工单,,local:2025年200台电梯困人工单数据.xlsx,,,,4,21.0,#64748b,5
work_order:202509130013,work_order:202509130013,工单 202509130013,,work_order,救援工单,,local:2025年200台电梯困人工单数据.xlsx,,,,2,9.0,#64748b,5
work_order:202509155025,work_order:202509155025,工单 202509155025,,work_order,救援工单,,local:2025年200台电梯困人工单数据.xlsx,,,,1,3.0,#64748b,5
work_order:202509225041,work_order:202509225041,工单 202509225041,,work_order,救援工单,,local:2025年200台电梯困人工单数据.xlsx,,,,6,2.0,#64748b,5
work_order:202509240008,work_order:202509240008,工单 202509240008,,work_order,救援工单,,local:2025年200台电梯困人工单数据.xlsx,,,,4,9.0,#64748b,5
work_order:202509260022,work_order:202509260022,工单 202509260022,,work_order,救援工单,,local:2025年200台电梯困人工单数据.xlsx,,,,2,1.0,#64748b,5
work_order:202509265050,work_order:202509265050,工单 202509265050,,work_order,救援工单,,local:2025年200台电梯困人工单数据.xlsx,,,,2,14.0,#64748b,5
work_order:202509270016,work_order:202509270016,工单 202509270016,,work_order,救援工单,,local:2025年200台电梯困人工单数据.xlsx,,,,2,8.0,#64748b,5
work_order:202510010010,work_order:202510010010,工单 202510010010,,work_order,救援工单,,local:2025年200台电梯困人工单数据.xlsx,,,,2,13.0,#64748b,5
work_order:202510030010,work_order:202510030010,工单 202510030010,,work_order,救援工单,,local:2025年200台电梯困人工单数据.xlsx,,,,3,16.0,#64748b,5
work_order:202510030019,work_order:202510030019,工单 202510030019,,work_order,救援工单,,local:2025年200台电梯困人工单数据.xlsx,,,,5,12.0,#64748b,5
work_order:202510070005,work_order:202510070005,工单 202510070005,,work_order,救援工单,,local:2025年200台电梯困人工单数据.xlsx,,,,2,14.0,#64748b,5
work_order:202510090014,work_order:202510090014,工单 202510090014,,work_order,救援工单,,local:2025年200台电梯困人工单数据.xlsx,,,,2,15.0,#64748b,5
work_order:202510110007,work_order:202510110007,工单 202510110007,,work_order,救援工单,,local:2025年200台电梯困人工单数据.xlsx,,,,2,15.0,#64748b,5
work_order:202510110023,work_order:202510110023,工单 202510110023,,work_order,救援工单,,local:2025年200台电梯困人工单数据.xlsx,,,,2,2.0,#64748b,5
work_order:202510110033,work_order:202510110033,工单 202510110033,,work_order,救援工单,,local:2025年200台电梯困人工单数据.xlsx,,,,2,12.0,#64748b,5
work_order:202510120008,work_order:202510120008,工单 202510120008,,work_order,救援工单,,local:2025年200台电梯困人工单数据.xlsx,,,,2,1.0,#64748b,5
work_order:202510125015,work_order:202510125015,工单 202510125015,,work_order,救援工单,,local:2025年200台电梯困人工单数据.xlsx,,,,1,20.0,#64748b,5
work_order:202510135012,work_order:202510135012,工单 202510135012,,work_order,救援工单,,local:2025年200台电梯困人工单数据.xlsx,,,,7,18.0,#64748b,5
work_order:202510145065,work_order:202510145065,工单 202510145065,,work_order,救援工单,,local:2025年200台电梯困人工单数据.xlsx,,,,3,4.0,#64748b,5
work_order:202510175077,work_order:202510175077,工单 202510175077,,work_order,救援工单,,local:2025年200台电梯困人工单数据.xlsx,,,,5,2.0,#64748b,5
work_order:202510180002,work_order:202510180002,工单 202510180002,,work_order,救援工单,,local:2025年200台电梯困人工单数据.xlsx,,,,2,15.0,#64748b,5
work_order:202510195108,work_order:202510195108,工单 202510195108,,work_order,救援工单,,local:2025年200台电梯困人工单数据.xlsx,,,,1,23.0,#64748b,5
work_order:202510200029,work_order:202510200029,工单 202510200029,,work_order,救援工单,,local:2025年200台电梯困人工单数据.xlsx,,,,2,5.0,#64748b,5
work_order:202510210010,work_order:202510210010,工单 202510210010,,work_order,救援工单,,local:2025年200台电梯困人工单数据.xlsx,,,,1,19.0,#64748b,5
work_order:202510220020,work_order:202510220020,工单 202510220020,,work_order,救援工单,,local:2025年200台电梯困人工单数据.xlsx,,,,3,21.0,#64748b,5
work_order:202510225052,work_order:202510225052,工单 202510225052,,work_order,救援工单,,local:2025年200台电梯困人工单数据.xlsx,,,,7,28.0,#64748b,5
work_order:202510235041,work_order:202510235041,工单 202510235041,,work_order,救援工单,,local:2025年200台电梯困人工单数据.xlsx,,,,5,15.0,#64748b,5
work_order:202510245044,work_order:202510245044,工单 202510245044,,work_order,救援工单,,local:2025年200台电梯困人工单数据.xlsx,,,,7,21.0,#64748b,5
work_order:202510285047,work_order:202510285047,工单 202510285047,,work_order,救援工单,,local:2025年200台电梯困人工单数据.xlsx,,,,1,5.0,#64748b,5
work_order:202510305023,work_order:202510305023,工单 202510305023,,work_order,救援工单,,local:2025年200台电梯困人工单数据.xlsx,,,,1,4.0,#64748b,5
work_order:202510315031,work_order:202510315031,工单 202510315031,,work_order,救援工单,,local:2025年200台电梯困人工单数据.xlsx,,,,1,1.0,#64748b,5
work_order:202511025014,work_order:202511025014,工单 202511025014,,work_order,救援工单,,local:2025年200台电梯困人工单数据.xlsx,,,,2,7.0,#64748b,5
work_order:202511025032,work_order:202511025032,工单 202511025032,,work_order,救援工单,,local:2025年200台电梯困人工单数据.xlsx,,,,1,13.0,#64748b,5
work_order:202511025045,work_order:202511025045,工单 202511025045,,work_order,救援工单,,local:2025年200台电梯困人工单数据.xlsx,,,,1,5.0,#64748b,5
work_order:202511050008,work_order:202511050008,工单 202511050008,,work_order,救援工单,,local:2025年200台电梯困人工单数据.xlsx,,,,1,6.0,#64748b,5
work_order:202511075001,work_order:202511075001,工单 202511075001,,work_order,救援工单,,local:2025年200台电梯困人工单数据.xlsx,,,,1,15.0,#64748b,5
work_order:202511075010,work_order:202511075010,工单 202511075010,,work_order,救援工单,,local:2025年200台电梯困人工单数据.xlsx,,,,1,29.0,#64748b,5
work_order:202511090013,work_order:202511090013,工单 202511090013,,work_order,救援工单,,local:2025年200台电梯困人工单数据.xlsx,,,,2,9.0,#64748b,5
work_order:202511105014,work_order:202511105014,工单 202511105014,,work_order,救援工单,,local:2025年200台电梯困人工单数据.xlsx,,,,6,9.0,#64748b,5
work_order:202511140008,work_order:202511140008,工单 202511140008,,work_order,救援工单,,local:2025年200台电梯困人工单数据.xlsx,,,,3,5.0,#64748b,5
work_order:202511145010,work_order:202511145010,工单 202511145010,,work_order,救援工单,,local:2025年200台电梯困人工单数据.xlsx,,,,1,3.0,#64748b,5
work_order:202511195072,work_order:202511195072,工单 202511195072,,work_order,救援工单,,local:2025年200台电梯困人工单数据.xlsx,,,,1,3.0,#64748b,5
work_order:202511195108,work_order:202511195108,工单 202511195108,,work_order,救援工单,,local:2025年200台电梯困人工单数据.xlsx,,,,1,8.0,#64748b,5
work_order:202511225036,work_order:202511225036,工单 202511225036,,work_order,救援工单,,local:2025年200台电梯困人工单数据.xlsx,,,,1,6.0,#64748b,5
work_order:202511225088,work_order:202511225088,工单 202511225088,,work_order,救援工单,,local:2025年200台电梯困人工单数据.xlsx,,,,2,19.0,#64748b,5
work_order:202511255043,work_order:202511255043,工单 202511255043,,work_order,救援工单,,local:2025年200台电梯困人工单数据.xlsx,,,,1,2.0,#64748b,5
work_order:202511270002,work_order:202511270002,工单 202511270002,,work_order,救援工单,,local:2025年200台电梯困人工单数据.xlsx,,,,2,4.0,#64748b,5
work_order:202511275070,work_order:202511275070,工单 202511275070,,work_order,救援工单,,local:2025年200台电梯困人工单数据.xlsx,,,,2,2.0,#64748b,5
work_order:202511275078,work_order:202511275078,工单 202511275078,,work_order,救援工单,,local:2025年200台电梯困人工单数据.xlsx,,,,2,14.0,#64748b,5
work_order:202511280023,work_order:202511280023,工单 202511280023,,work_order,救援工单,,local:2025年200台电梯困人工单数据.xlsx,,,,2,12.0,#64748b,5
work_order:202511290044,work_order:202511290044,工单 202511290044,,work_order,救援工单,,local:2025年200台电梯困人工单数据.xlsx,,,,2,19.0,#64748b,5
work_order:202512015027,work_order:202512015027,工单 202512015027,,work_order,救援工单,,local:2025年200台电梯困人工单数据.xlsx,,,,1,3.0,#64748b,5
work_order:202512035019,work_order:202512035019,工单 202512035019,,work_order,救援工单,,local:2025年200台电梯困人工单数据.xlsx,,,,1,3.0,#64748b,5
work_order:202512035033,work_order:202512035033,工单 202512035033,,work_order,救援工单,,local:2025年200台电梯困人工单数据.xlsx,,,,1,3.0,#64748b,5
work_order:202512055038,work_order:202512055038,工单 202512055038,,work_order,救援工单,,local:2025年200台电梯困人工单数据.xlsx,,,,2,12.0,#64748b,5
work_order:202512085014,work_order:202512085014,工单 202512085014,,work_order,救援工单,,local:2025年200台电梯困人工单数据.xlsx,,,,1,3.0,#64748b,5
work_order:202512095043,work_order:202512095043,工单 202512095043,,work_order,救援工单,,local:2025年200台电梯困人工单数据.xlsx,,,,1,3.0,#64748b,5
work_order:202512100002,work_order:202512100002,工单 202512100002,,work_order,救援工单,,local:2025年200台电梯困人工单数据.xlsx,,,,2,12.0,#64748b,5
work_order:202512120018,work_order:202512120018,工单 202512120018,,work_order,救援工单,,local:2025年200台电梯困人工单数据.xlsx,,,,2,1.0,#64748b,5
work_order:202512145046,work_order:202512145046,工单 202512145046,,work_order,救援工单,,local:2025年200台电梯困人工单数据.xlsx,,,,1,15.0,#64748b,5
work_order:202512150036,work_order:202512150036,工单 202512150036,,work_order,救援工单,,local:2025年200台电梯困人工单数据.xlsx,,,,2,12.0,#64748b,5
work_order:202512155086,work_order:202512155086,工单 202512155086,,work_order,救援工单,,local:2025年200台电梯困人工单数据.xlsx,,,,1,7.0,#64748b,5
work_order:202512185081,work_order:202512185081,工单 202512185081,,work_order,救援工单,,local:2025年200台电梯困人工单数据.xlsx,,,,1,3.0,#64748b,5
work_order:202512190015,work_order:202512190015,工单 202512190015,,work_order,救援工单,,local:2025年200台电梯困人工单数据.xlsx,,,,2,13.0,#64748b,5
work_order:202512195019,work_order:202512195019,工单 202512195019,,work_order,救援工单,,local:2025年200台电梯困人工单数据.xlsx,,,,2,1.0,#64748b,5
work_order:202512220034,work_order:202512220034,工单 202512220034,,work_order,救援工单,,local:2025年200台电梯困人工单数据.xlsx,,,,2,7.0,#64748b,5
work_order:202512230022,work_order:202512230022,工单 202512230022,,work_order,救援工单,,local:2025年200台电梯困人工单数据.xlsx,,,,2,28.0,#64748b,5
work_order:202512235027,work_order:202512235027,工单 202512235027,,work_order,救援工单,,local:2025年200台电梯困人工单数据.xlsx,,,,1,18.0,#64748b,5
work_order:202512235042,work_order:202512235042,工单 202512235042,,work_order,救援工单,,local:2025年200台电梯困人工单数据.xlsx,,,,4,9.0,#64748b,5
work_order:202512240018,work_order:202512240018,工单 202512240018,,work_order,救援工单,,local:2025年200台电梯困人工单数据.xlsx,,,,2,4.0,#64748b,5
work_order:202512250031,work_order:202512250031,工单 202512250031,,work_order,救援工单,,local:2025年200台电梯困人工单数据.xlsx,,,,2,3.0,#64748b,5
work_order:202512255068,work_order:202512255068,工单 202512255068,,work_order,救援工单,,local:2025年200台电梯困人工单数据.xlsx,,,,3,5.0,#64748b,5
work_order:202512265025,work_order:202512265025,工单 202512265025,,work_order,救援工单,,local:2025年200台电梯困人工单数据.xlsx,,,,1,3.0,#64748b,5
work_order:202512280034,work_order:202512280034,工单 202512280034,,work_order,救援工单,,local:2025年200台电梯困人工单数据.xlsx,,,,2,8.0,#64748b,5
work_order:202601030006,work_order:202601030006,工单 202601030006,,work_order,救援工单,,local:2025年200台电梯困人工单数据.xlsx,,,,2,4.0,#64748b,5
work_order:202601050024,work_order:202601050024,工单 202601050024,,work_order,救援工单,,local:2025年200台电梯困人工单数据.xlsx,,,,2,6.0,#64748b,5
work_order:202601055023,work_order:202601055023,工单 202601055023,,work_order,救援工单,,local:2025年200台电梯困人工单数据.xlsx,,,,2,3.0,#64748b,5
work_order:202601080015,work_order:202601080015,工单 202601080015,,work_order,救援工单,,local:2025年200台电梯困人工单数据.xlsx,,,,2,4.0,#64748b,5
work_order:202601105079,work_order:202601105079,工单 202601105079,,work_order,救援工单,,local:2025年200台电梯困人工单数据.xlsx,,,,3,18.0,#64748b,5
work_order:202601195031,work_order:202601195031,工单 202601195031,,work_order,救援工单,,local:2025年200台电梯困人工单数据.xlsx,,,,1,6.0,#64748b,5
work_order:202601270026,work_order:202601270026,工单 202601270026,,work_order,救援工单,,local:2025年200台电梯困人工单数据.xlsx,,,,2,6.0,#64748b,5
work_order:202602070010,work_order:202602070010,工单 202602070010,,work_order,救援工单,,local:2025年200台电梯困人工单数据.xlsx,,,,2,9.0,#64748b,5
work_order:202602100017,work_order:202602100017,工单 202602100017,,work_order,救援工单,,local:2025年200台电梯困人工单数据.xlsx,,,,2,7.0,#64748b,5
work_order:202602115032,work_order:202602115032,工单 202602115032,,work_order,救援工单,,local:2025年200台电梯困人工单数据.xlsx,,,,3,7.0,#64748b,5
work_order:202602115045,work_order:202602115045,工单 202602115045,,work_order,救援工单,,local:2025年200台电梯困人工单数据.xlsx,,,,1,5.0,#64748b,5
work_order:202602130020,work_order:202602130020,工单 202602130020,,work_order,救援工单,,local:2025年200台电梯困人工单数据.xlsx,,,,2,8.0,#64748b,5
work_order:202602150013,work_order:202602150013,工单 202602150013,,work_order,救援工单,,local:2025年200台电梯困人工单数据.xlsx,,,,1,11.0,#64748b,5
work_order:202602180013,work_order:202602180013,工单 202602180013,,work_order,救援工单,,local:2025年200台电梯困人工单数据.xlsx,,,,3,9.0,#64748b,5
work_order:202602200002,work_order:202602200002,工单 202602200002,,work_order,救援工单,,local:2025年200台电梯困人工单数据.xlsx,,,,1,33.0,#64748b,5
work_order:202602225017,work_order:202602225017,工单 202602225017,,work_order,救援工单,,local:2025年200台电梯困人工单数据.xlsx,,,,3,3.0,#64748b,5
work_order:202602230014,work_order:202602230014,工单 202602230014,,work_order,救援工单,,local:2025年200台电梯困人工单数据.xlsx,,,,2,8.0,#64748b,5
work_order:202602250013,work_order:202602250013,工单 202602250013,,work_order,救援工单,,local:2025年200台电梯困人工单数据.xlsx,,,,15,7.0,#64748b,5
work_order:202602270003,work_order:202602270003,工单 202602270003,,work_order,救援工单,,local:2025年200台电梯困人工单数据.xlsx,,,,2,7.0,#64748b,5
work_order:202602270006,work_order:202602270006,工单 202602270006,,work_order,救援工单,,local:2025年200台电梯困人工单数据.xlsx,,,,1,14.0,#64748b,5
work_order:202603100013,work_order:202603100013,工单 202603100013,,work_order,救援工单,,local:2025年200台电梯困人工单数据.xlsx,,,,2,8.0,#64748b,5
work_order:202603175007,work_order:202603175007,工单 202603175007,,work_order,救援工单,,local:2025年200台电梯困人工单数据.xlsx,,,,1,11.0,#64748b,5
work_order:202603180002,work_order:202603180002,工单 202603180002,,work_order,救援工单,,local:2025年200台电梯困人工单数据.xlsx,,,,2,13.0,#64748b,5
work_order:202603215001,work_order:202603215001,工单 202603215001,,work_order,救援工单,,local:2025年200台电梯困人工单数据.xlsx,,,,8,0.0,#64748b,5
work_order:202603230002,work_order:202603230002,工单 202603230002,,work_order,救援工单,,local:2025年200台电梯困人工单数据.xlsx,,,,1,8.0,#64748b,5
work_order:202603260008,work_order:202603260008,工单 202603260008,,work_order,救援工单,,local:2025年200台电梯困人工单数据.xlsx,,,,2,6.0,#64748b,5
work_order:202603300015,work_order:202603300015,工单 202603300015,,work_order,救援工单,,local:2025年200台电梯困人工单数据.xlsx,,,,2,7.0,#64748b,5
work_order:202603300028,work_order:202603300028,工单 202603300028,,work_order,救援工单,,local:2025年200台电梯困人工单数据.xlsx,,,,2,18.0,#64748b,5
work_order:202604010027,work_order:202604010027,工单 202604010027,,work_order,救援工单,,local:2025年200台电梯困人工单数据.xlsx,,,,2,7.0,#64748b,5
work_order:202604060001,work_order:202604060001,工单 202604060001,,work_order,救援工单,,local:2025年200台电梯困人工单数据.xlsx,,,,1,14.0,#64748b,5
work_order:202604085035,work_order:202604085035,工单 202604085035,,work_order,救援工单,,local:2025年200台电梯困人工单数据.xlsx,,,,1,4.0,#64748b,5
work_order:38830,work_order:38830,工单 38830,,work_order,救援工单,,local:2025年200台电梯困人工单数据.xlsx,,,,2,6.0,#64748b,5
work_order:40600,work_order:40600,工单 40600,,work_order,救援工单,,local:2025年200台电梯困人工单数据.xlsx,,,,2,0.0,#64748b,5
work_order:44677,work_order:44677,工单 44677,,work_order,救援工单,,local:2025年200台电梯困人工单数据.xlsx,,,,2,0.0,#64748b,5
work_order:FFR-202510200003,work_order:FFR-202510200003,工单 FFR-202510200003,,work_order,救援工单,,local:2025年200台电梯困人工单数据.xlsx,,,,2,16.0,#64748b,5
work_order:HT202504210016,work_order:HT202504210016,工单 HT202504210016,,work_order,救援工单,,local:2025年200台电梯困人工单数据.xlsx,,,,1,4.0,#64748b,5
work_order:HT202504260013,work_order:HT202504260013,工单 HT202504260013,,work_order,救援工单,,local:2025年200台电梯困人工单数据.xlsx,,,,1,18.0,#64748b,5
work_order:HT202505010003,work_order:HT202505010003,工单 HT202505010003,,work_order,救援工单,,local:2025年200台电梯困人工单数据.xlsx,,,,1,12.0,#64748b,5
work_order:HT202505050023,work_order:HT202505050023,工单 HT202505050023,,work_order,救援工单,,local:2025年200台电梯困人工单数据.xlsx,,,,1,3.0,#64748b,5
work_order:HT202505230019,work_order:HT202505230019,工单 HT202505230019,,work_order,救援工单,,local:2025年200台电梯困人工单数据.xlsx,,,,1,7.0,#64748b,5
work_order:HT202506180044,work_order:HT202506180044,工单 HT202506180044,,work_order,救援工单,,local:2025年200台电梯困人工单数据.xlsx,,,,1,5.0,#64748b,5
work_order:HT202506290017,work_order:HT202506290017,工单 HT202506290017,,work_order,救援工单,,local:2025年200台电梯困人工单数据.xlsx,,,,1,2.0,#64748b,5
work_order:HT202506300032,work_order:HT202506300032,工单 HT202506300032,,work_order,救援工单,,local:2025年200台电梯困人工单数据.xlsx,,,,1,10.0,#64748b,5
work_order:HT202507030036,work_order:HT202507030036,工单 HT202507030036,,work_order,救援工单,,local:2025年200台电梯困人工单数据.xlsx,,,,1,4.0,#64748b,5
work_order:HT202507130004,work_order:HT202507130004,工单 HT202507130004,,work_order,救援工单,,local:2025年200台电梯困人工单数据.xlsx,,,,1,-3.0,#64748b,5
work_order:HT202507130014,work_order:HT202507130014,工单 HT202507130014,,work_order,救援工单,,local:2025年200台电梯困人工单数据.xlsx,,,,1,8.0,#64748b,5
work_order:HT202507170027,work_order:HT202507170027,工单 HT202507170027,,work_order,救援工单,,local:2025年200台电梯困人工单数据.xlsx,,,,1,15.0,#64748b,5
work_order:HT202507210019,work_order:HT202507210019,工单 HT202507210019,,work_order,救援工单,,local:2025年200台电梯困人工单数据.xlsx,,,,1,14.0,#64748b,5
work_order:HT202507270023,work_order:HT202507270023,工单 HT202507270023,,work_order,救援工单,,local:2025年200台电梯困人工单数据.xlsx,,,,1,9.0,#64748b,5
work_order:HT202508090002,work_order:HT202508090002,工单 HT202508090002,,work_order,救援工单,,local:2025年200台电梯困人工单数据.xlsx,,,,1,6.0,#64748b,5
work_order:HT202508180021,work_order:HT202508180021,工单 HT202508180021,,work_order,救援工单,,local:2025年200台电梯困人工单数据.xlsx,,,,1,13.0,#64748b,5
work_order:HT202508180024,work_order:HT202508180024,工单 HT202508180024,,work_order,救援工单,,local:2025年200台电梯困人工单数据.xlsx,,,,1,6.0,#64748b,5
work_order:HT202510160018,work_order:HT202510160018,工单 HT202510160018,,work_order,救援工单,,local:2025年200台电梯困人工单数据.xlsx,,,,1,10.0,#64748b,5
work_order:HT202510270009,work_order:HT202510270009,工单 HT202510270009,,work_order,救援工单,,local:2025年200台电梯困人工单数据.xlsx,,,,1,4.0,#64748b,5
work_order:HT202510270013,work_order:HT202510270013,工单 HT202510270013,,work_order,救援工单,,local:2025年200台电梯困人工单数据.xlsx,,,,1,14.0,#64748b,5
work_order:HT202510310017,work_order:HT202510310017,工单 HT202510310017,,work_order,救援工单,,local:2025年200台电梯困人工单数据.xlsx,,,,1,14.0,#64748b,5
work_order:HT202511030001,work_order:HT202511030001,工单 HT202511030001,,work_order,救援工单,,local:2025年200台电梯困人工单数据.xlsx,,,,1,9.0,#64748b,5
work_order:HT202511040021,work_order:HT202511040021,工单 HT202511040021,,work_order,救援工单,,local:2025年200台电梯困人工单数据.xlsx,,,,1,5.0,#64748b,5
work_order:HT202511230026,work_order:HT202511230026,工单 HT202511230026,,work_order,救援工单,,local:2025年200台电梯困人工单数据.xlsx,,,,1,6.0,#64748b,5
work_order:HT202511250004,work_order:HT202511250004,工单 HT202511250004,,work_order,救援工单,,local:2025年200台电梯困人工单数据.xlsx,,,,1,9.0,#64748b,5
work_order:HT202601060001,work_order:HT202601060001,工单 HT202601060001,,work_order,救援工单,,local:2025年200台电梯困人工单数据.xlsx,,,,1,19.0,#64748b,5
work_order:HT202601110011,work_order:HT202601110011,工单 HT202601110011,,work_order,救援工单,,local:2025年200台电梯困人工单数据.xlsx,,,,1,2.0,#64748b,5
work_order:HT202601220035,work_order:HT202601220035,工单 HT202601220035,,work_order,救援工单,,local:2025年200台电梯困人工单数据.xlsx,,,,1,16.0,#64748b,5
work_order:HT202601310009,work_order:HT202601310009,工单 HT202601310009,,work_order,救援工单,,local:2025年200台电梯困人工单数据.xlsx,,,,1,25.0,#64748b,5
work_order:HT202602020013,work_order:HT202602020013,工单 HT202602020013,,work_order,救援工单,,local:2025年200台电梯困人工单数据.xlsx,,,,1,7.0,#64748b,5
work_order:HT202602210017,work_order:HT202602210017,工单 HT202602210017,,work_order,救援工单,,local:2025年200台电梯困人工单数据.xlsx,,,,1,6.0,#64748b,5
work_order:HT202603140026,work_order:HT202603140026,工单 HT202603140026,,work_order,救援工单,,local:2025年200台电梯困人工单数据.xlsx,,,,1,4.0,#64748b,5
work_order:JS202101010155,work_order:JS202101010155,工单 JS202101010155,,work_order,救援工单,,local:2025年200台电梯困人工单数据.xlsx,,,,1,30.0,#64748b,5
work_order:JS202101030093,work_order:JS202101030093,工单 JS202101030093,,work_order,救援工单,,local:2025年200台电梯困人工单数据.xlsx,,,,1,11.0,#64748b,5
work_order:JS202101060133,work_order:JS202101060133,工单 JS202101060133,,work_order,救援工单,,local:2025年200台电梯困人工单数据.xlsx,,,,1,18.0,#64748b,5
work_order:JS202101070151,work_order:JS202101070151,工单 JS202101070151,,work_order,救援工单,,local:2025年200台电梯困人工单数据.xlsx,,,,1,12.0,#64748b,5
work_order:JS202101080264,work_order:JS202101080264,工单 JS202101080264,,work_order,救援工单,,local:2025年200台电梯困人工单数据.xlsx,,,,3,6.0,#64748b,5
work_order:JS202101090256,work_order:JS202101090256,工单 JS202101090256,,work_order,救援工单,,local:2025年200台电梯困人工单数据.xlsx,,,,10,20.0,#64748b,5
work_order:JS202101100100,work_order:JS202101100100,工单 JS202101100100,,work_order,救援工单,,local:2025年200台电梯困人工单数据.xlsx,,,,1,7.0,#64748b,5
work_order:JS202101130037,work_order:JS202101130037,工单 JS202101130037,,work_order,救援工单,,local:2025年200台电梯困人工单数据.xlsx,,,,1,1.0,#64748b,5
work_order:JS202101140112,work_order:JS202101140112,工单 JS202101140112,,work_order,救援工单,,local:2025年200台电梯困人工单数据.xlsx,,,,1,28.0,#64748b,5
work_order:JS202101150081,work_order:JS202101150081,工单 JS202101150081,,work_order,救援工单,,local:2025年200台电梯困人工单数据.xlsx,,,,5,5.0,#64748b,5
work_order:JS202101170050,work_order:JS202101170050,工单 JS202101170050,,work_order,救援工单,,local:2025年200台电梯困人工单数据.xlsx,,,,1,29.0,#64748b,5
work_order:JS202101180017,work_order:JS202101180017,工单 JS202101180017,,work_order,救援工单,,local:2025年200台电梯困人工单数据.xlsx,,,,1,18.0,#64748b,5
work_order:JS202101190103,work_order:JS202101190103,工单 JS202101190103,,work_order,救援工单,,local:2025年200台电梯困人工单数据.xlsx,,,,1,18.0,#64748b,5
work_order:JS202101190107,work_order:JS202101190107,工单 JS202101190107,,work_order,救援工单,,local:2025年200台电梯困人工单数据.xlsx,,,,3,5.0,#64748b,5
work_order:JS202101200074,work_order:JS202101200074,工单 JS202101200074,,work_order,救援工单,,local:2025年200台电梯困人工单数据.xlsx,,,,1,17.0,#64748b,5
work_order:JS202101210031,work_order:JS202101210031,工单 JS202101210031,,work_order,救援工单,,local:2025年200台电梯困人工单数据.xlsx,,,,1,6.0,#64748b,5
work_order:JS202101210041,work_order:JS202101210041,工单 JS202101210041,,work_order,救援工单,,local:2025年200台电梯困人工单数据.xlsx,,,,1,2.0,#64748b,5
work_order:JS202101220075,work_order:JS202101220075,工单 JS202101220075,,work_order,救援工单,,local:2025年200台电梯困人工单数据.xlsx,,,,1,29.0,#64748b,5
work_order:JS202101250028,work_order:JS202101250028,工单 JS202101250028,,work_order,救援工单,,local:2025年200台电梯困人工单数据.xlsx,,,,1,15.0,#64748b,5
work_order:JS202101250111,work_order:JS202101250111,工单 JS202101250111,,work_order,救援工单,,local:2025年200台电梯困人工单数据.xlsx,,,,1,3.0,#64748b,5
work_order:JS202101280006,work_order:JS202101280006,工单 JS202101280006,,work_order,救援工单,,local:2025年200台电梯困人工单数据.xlsx,,,,1,24.0,#64748b,5
work_order:JS202101280061,work_order:JS202101280061,工单 JS202101280061,,work_order,救援工单,,local:2025年200台电梯困人工单数据.xlsx,,,,1,1.0,#64748b,5
work_order:JS202101290104,work_order:JS202101290104,工单 JS202101290104,,work_order,救援工单,,local:2025年200台电梯困人工单数据.xlsx,,,,1,20.0,#64748b,5
work_order:JS202101300069,work_order:JS202101300069,工单 JS202101300069,,work_order,救援工单,,local:2025年200台电梯困人工单数据.xlsx,,,,1,12.0,#64748b,5
work_order:JS202102030034,work_order:JS202102030034,工单 JS202102030034,,work_order,救援工单,,local:2025年200台电梯困人工单数据.xlsx,,,,1,29.0,#64748b,5
work_order:JS202102050052,work_order:JS202102050052,工单 JS202102050052,,work_order,救援工单,,local:2025年200台电梯困人工单数据.xlsx,,,,1,29.0,#64748b,5
work_order:JS202102050071,work_order:JS202102050071,工单 JS202102050071,,work_order,救援工单,,local:2025年200台电梯困人工单数据.xlsx,,,,1,21.0,#64748b,5
work_order:JS202102110043,work_order:JS202102110043,工单 JS202102110043,,work_order,救援工单,,local:2025年200台电梯困人工单数据.xlsx,,,,1,17.0,#64748b,5
work_order:JS202102120013,work_order:JS202102120013,工单 JS202102120013,,work_order,救援工单,,local:2025年200台电梯困人工单数据.xlsx,,,,1,10.0,#64748b,5
work_order:JS202102140076,work_order:JS202102140076,工单 JS202102140076,,work_order,救援工单,,local:2025年200台电梯困人工单数据.xlsx,,,,1,2.0,#64748b,5
work_order:JS202102150079,work_order:JS202102150079,工单 JS202102150079,,work_order,救援工单,,local:2025年200台电梯困人工单数据.xlsx,,,,1,13.0,#64748b,5
work_order:JS202102200079,work_order:JS202102200079,工单 JS202102200079,,work_order,救援工单,,local:2025年200台电梯困人工单数据.xlsx,,,,6,22.0,#64748b,5
work_order:JS202102210112,work_order:JS202102210112,工单 JS202102210112,,work_order,救援工单,,local:2025年200台电梯困人工单数据.xlsx,,,,2,20.0,#64748b,5
work_order:JS202102220024,work_order:JS202102220024,工单 JS202102220024,,work_order,救援工单,,local:2025年200台电梯困人工单数据.xlsx,,,,1,20.0,#64748b,5
work_order:JS202102220110,work_order:JS202102220110,工单 JS202102220110,,work_order,救援工单,,local:2025年200台电梯困人工单数据.xlsx,,,,1,22.0,#64748b,5
work_order:JS202102280001,work_order:JS202102280001,工单 JS202102280001,,work_order,救援工单,,local:2025年200台电梯困人工单数据.xlsx,,,,1,5.0,#64748b,5
work_order:JS202103030028,work_order:JS202103030028,工单 JS202103030028,,work_order,救援工单,,local:2025年200台电梯困人工单数据.xlsx,,,,2,17.0,#64748b,5
work_order:JS202103030086,work_order:JS202103030086,工单 JS202103030086,,work_order,救援工单,,local:2025年200台电梯困人工单数据.xlsx,,,,2,6.0,#64748b,5
work_order:JS202103060050,work_order:JS202103060050,工单 JS202103060050,,work_order,救援工单,,local:2025年200台电梯困人工单数据.xlsx,,,,1,24.0,#64748b,5
work_order:JS202103100080,work_order:JS202103100080,工单 JS202103100080,,work_order,救援工单,,local:2025年200台电梯困人工单数据.xlsx,,,,1,7.0,#64748b,5
work_order:JS202103170088,work_order:JS202103170088,工单 JS202103170088,,work_order,救援工单,,local:2025年200台电梯困人工单数据.xlsx,,,,1,21.0,#64748b,5
work_order:JS202103210082,work_order:JS202103210082,工单 JS202103210082,,work_order,救援工单,,local:2025年200台电梯困人工单数据.xlsx,,,,1,6.0,#64748b,5
work_order:JS202103210085,work_order:JS202103210085,工单 JS202103210085,,work_order,救援工单,,local:2025年200台电梯困人工单数据.xlsx,,,,1,19.0,#64748b,5
work_order:JS202103290069,work_order:JS202103290069,工单 JS202103290069,,work_order,救援工单,,local:2025年200台电梯困人工单数据.xlsx,,,,1,22.0,#64748b,5
work_order:JS202104010084,work_order:JS202104010084,工单 JS202104010084,,work_order,救援工单,,local:2025年200台电梯困人工单数据.xlsx,,,,1,13.0,#64748b,5
work_order:JS202104040022,work_order:JS202104040022,工单 JS202104040022,,work_order,救援工单,,local:2025年200台电梯困人工单数据.xlsx,,,,1,5.0,#64748b,5
work_order:JS202104060090,work_order:JS202104060090,工单 JS202104060090,,work_order,救援工单,,local:2025年200台电梯困人工单数据.xlsx,,,,5,16.0,#64748b,5
work_order:JS202104070001,work_order:JS202104070001,工单 JS202104070001,,work_order,救援工单,,local:2025年200台电梯困人工单数据.xlsx,,,,1,6.0,#64748b,5
work_order:JS202104080078,work_order:JS202104080078,工单 JS202104080078,,work_order,救援工单,,local:2025年200台电梯困人工单数据.xlsx,,,,6,13.0,#64748b,5
work_order:JS202104090010,work_order:JS202104090010,工单 JS202104090010,,work_order,救援工单,,local:2025年200台电梯困人工单数据.xlsx,,,,1,18.0,#64748b,5
work_order:JS202104090020,work_order:JS202104090020,工单 JS202104090020,,work_order,救援工单,,local:2025年200台电梯困人工单数据.xlsx,,,,1,3.0,#64748b,5
work_order:JS202104090116,work_order:JS202104090116,工单 JS202104090116,,work_order,救援工单,,local:2025年200台电梯困人工单数据.xlsx,,,,1,2.0,#64748b,5
work_order:JS202104140031,work_order:JS202104140031,工单 JS202104140031,,work_order,救援工单,,local:2025年200台电梯困人工单数据.xlsx,,,,1,7.0,#64748b,5
work_order:JS202104150072,work_order:JS202104150072,工单 JS202104150072,,work_order,救援工单,,local:2025年200台电梯困人工单数据.xlsx,,,,3,21.0,#64748b,5
work_order:JS202104150084,work_order:JS202104150084,工单 JS202104150084,,work_order,救援工单,,local:2025年200台电梯困人工单数据.xlsx,,,,1,2.0,#64748b,5
work_order:JS202104200037,work_order:JS202104200037,工单 JS202104200037,,work_order,救援工单,,local:2025年200台电梯困人工单数据.xlsx,,,,4,6.0,#64748b,5
work_order:JS202104200093,work_order:JS202104200093,工单 JS202104200093,,work_order,救援工单,,local:2025年200台电梯困人工单数据.xlsx,,,,11,6.0,#64748b,5
work_order:JS202104210092,work_order:JS202104210092,工单 JS202104210092,,work_order,救援工单,,local:2025年200台电梯困人工单数据.xlsx,,,,1,9.0,#64748b,5
work_order:JS202104240038,work_order:JS202104240038,工单 JS202104240038,,work_order,救援工单,,local:2025年200台电梯困人工单数据.xlsx,,,,1,3.0,#64748b,5
work_order:JS202104240084,work_order:JS202104240084,工单 JS202104240084,,work_order,救援工单,,local:2025年200台电梯困人工单数据.xlsx,,,,10,11.0,#64748b,5
work_order:JS202104250009,work_order:JS202104250009,工单 JS202104250009,,work_order,救援工单,,local:2025年200台电梯困人工单数据.xlsx,,,,1,21.0,#64748b,5
work_order:JS202104260100,work_order:JS202104260100,工单 JS202104260100,,work_order,救援工单,,local:2025年200台电梯困人工单数据.xlsx,,,,1,10.0,#64748b,5
work_order:JS202104280102,work_order:JS202104280102,工单 JS202104280102,,work_order,救援工单,,local:2025年200台电梯困人工单数据.xlsx,,,,3,9.0,#64748b,5
work_order:JS202104290001,work_order:JS202104290001,工单 JS202104290001,,work_order,救援工单,,local:2025年200台电梯困人工单数据.xlsx,,,,1,18.0,#64748b,5
work_order:JS202104290129,work_order:JS202104290129,工单 JS202104290129,,work_order,救援工单,,local:2025年200台电梯困人工单数据.xlsx,,,,3,4.0,#64748b,5
work_order:JS202104290131,work_order:JS202104290131,工单 JS202104290131,,work_order,救援工单,,local:2025年200台电梯困人工单数据.xlsx,,,,3,2.0,#64748b,5
work_order:JS202104290152,work_order:JS202104290152,工单 JS202104290152,,work_order,救援工单,,local:2025年200台电梯困人工单数据.xlsx,,,,1,22.0,#64748b,5
work_order:JS202104300207,work_order:JS202104300207,工单 JS202104300207,,work_order,救援工单,,local:2025年200台电梯困人工单数据.xlsx,,,,1,17.0,#64748b,5
work_order:JS202104300209,work_order:JS202104300209,工单 JS202104300209,,work_order,救援工单,,local:2025年200台电梯困人工单数据.xlsx,,,,1,19.0,#64748b,5
work_order:JS202105010086,work_order:JS202105010086,工单 JS202105010086,,work_order,救援工单,,local:2025年200台电梯困人工单数据.xlsx,,,,1,1.0,#64748b,5
work_order:JS202105020048,work_order:JS202105020048,工单 JS202105020048,,work_order,救援工单,,local:2025年200台电梯困人工单数据.xlsx,,,,1,6.0,#64748b,5
work_order:JS202105050038,work_order:JS202105050038,工单 JS202105050038,,work_order,救援工单,,local:2025年200台电梯困人工单数据.xlsx,,,,2,11.0,#64748b,5
work_order:JS202105060069,work_order:JS202105060069,工单 JS202105060069,,work_order,救援工单,,local:2025年200台电梯困人工单数据.xlsx,,,,1,9.0,#64748b,5
work_order:JS202105060110,work_order:JS202105060110,工单 JS202105060110,,work_order,救援工单,,local:2025年200台电梯困人工单数据.xlsx,,,,2,17.0,#64748b,5
work_order:JS202105070096,work_order:JS202105070096,工单 JS202105070096,,work_order,救援工单,,local:2025年200台电梯困人工单数据.xlsx,,,,1,26.0,#64748b,5
work_order:JS202105120127,work_order:JS202105120127,工单 JS202105120127,,work_order,救援工单,,local:2025年200台电梯困人工单数据.xlsx,,,,1,6.0,#64748b,5
work_order:JS202105140052,work_order:JS202105140052,工单 JS202105140052,,work_order,救援工单,,local:2025年200台电梯困人工单数据.xlsx,,,,1,18.0,#64748b,5
work_order:JS202105170131,work_order:JS202105170131,工单 JS202105170131,,work_order,救援工单,,local:2025年200台电梯困人工单数据.xlsx,,,,1,11.0,#64748b,5
work_order:JS202105170132,work_order:JS202105170132,工单 JS202105170132,,work_order,救援工单,,local:2025年200台电梯困人工单数据.xlsx,,,,3,11.0,#64748b,5
work_order:JS202105190070,work_order:JS202105190070,工单 JS202105190070,,work_order,救援工单,,local:2025年200台电梯困人工单数据.xlsx,,,,1,3.0,#64748b,5
work_order:JS202105190117,work_order:JS202105190117,工单 JS202105190117,,work_order,救援工单,,local:2025年200台电梯困人工单数据.xlsx,,,,1,13.0,#64748b,5
work_order:JS202105200044,work_order:JS202105200044,工单 JS202105200044,,work_order,救援工单,,local:2025年200台电梯困人工单数据.xlsx,,,,4,12.0,#64748b,5
work_order:JS202105200115,work_order:JS202105200115,工单 JS202105200115,,work_order,救援工单,,local:2025年200台电梯困人工单数据.xlsx,,,,1,5.0,#64748b,5
work_order:JS202105220082,work_order:JS202105220082,工单 JS202105220082,,work_order,救援工单,,local:2025年200台电梯困人工单数据.xlsx,,,,1,5.0,#64748b,5
work_order:JS202105250022,work_order:JS202105250022,工单 JS202105250022,,work_order,救援工单,,local:2025年200台电梯困人工单数据.xlsx,,,,1,7.0,#64748b,5
work_order:JS202105250058,work_order:JS202105250058,工单 JS202105250058,,work_order,救援工单,,local:2025年200台电梯困人工单数据.xlsx,,,,2,5.0,#64748b,5
work_order:JS202105250107,work_order:JS202105250107,工单 JS202105250107,,work_order,救援工单,,local:2025年200台电梯困人工单数据.xlsx,,,,1,12.0,#64748b,5
work_order:JS202105260082,work_order:JS202105260082,工单 JS202105260082,,work_order,救援工单,,local:2025年200台电梯困人工单数据.xlsx,,,,3,19.0,#64748b,5
work_order:JS202105260099,work_order:JS202105260099,工单 JS202105260099,,work_order,救援工单,,local:2025年200台电梯困人工单数据.xlsx,,,,1,5.0,#64748b,5
work_order:JS202105300137,work_order:JS202105300137,工单 JS202105300137,,work_order,救援工单,,local:2025年200台电梯困人工单数据.xlsx,,,,1,8.0,#64748b,5
work_order:JS202105300151,work_order:JS202105300151,工单 JS202105300151,,work_order,救援工单,,local:2025年200台电梯困人工单数据.xlsx,,,,4,3.0,#64748b,5
work_order:JS202106030039,work_order:JS202106030039,工单 JS202106030039,,work_order,救援工单,,local:2025年200台电梯困人工单数据.xlsx,,,,1,4.0,#64748b,5
work_order:JS202106040128,work_order:JS202106040128,工单 JS202106040128,,work_order,救援工单,,local:2025年200台电梯困人工单数据.xlsx,,,,3,12.0,#64748b,5
work_order:JS202106060050,work_order:JS202106060050,工单 JS202106060050,,work_order,救援工单,,local:2025年200台电梯困人工单数据.xlsx,,,,2,,#64748b,5
work_order:JS202106070003,work_order:JS202106070003,工单 JS202106070003,,work_order,救援工单,,local:2025年200台电梯困人工单数据.xlsx,,,,1,12.0,#64748b,5
work_order:JS202106080054,work_order:JS202106080054,工单 JS202106080054,,work_order,救援工单,,local:2025年200台电梯困人工单数据.xlsx,,,,1,41.0,#64748b,5
work_order:JS202106090068,work_order:JS202106090068,工单 JS202106090068,,work_order,救援工单,,local:2025年200台电梯困人工单数据.xlsx,,,,1,5.0,#64748b,5
work_order:JS202106130042,work_order:JS202106130042,工单 JS202106130042,,work_order,救援工单,,local:2025年200台电梯困人工单数据.xlsx,,,,1,2.0,#64748b,5
work_order:JS202106130124,work_order:JS202106130124,工单 JS202106130124,,work_order,救援工单,,local:2025年200台电梯困人工单数据.xlsx,,,,1,9.0,#64748b,5
work_order:JS202106140028,work_order:JS202106140028,工单 JS202106140028,,work_order,救援工单,,local:2025年200台电梯困人工单数据.xlsx,,,,2,14.0,#64748b,5
work_order:JS202106150137,work_order:JS202106150137,工单 JS202106150137,,work_order,救援工单,,local:2025年200台电梯困人工单数据.xlsx,,,,10,4.0,#64748b,5
work_order:JS202106150138,work_order:JS202106150138,工单 JS202106150138,,work_order,救援工单,,local:2025年200台电梯困人工单数据.xlsx,,,,10,11.0,#64748b,5
work_order:JS202106160107,work_order:JS202106160107,工单 JS202106160107,,work_order,救援工单,,local:2025年200台电梯困人工单数据.xlsx,,,,2,20.0,#64748b,5
work_order:JS202106180018,work_order:JS202106180018,工单 JS202106180018,,work_order,救援工单,,local:2025年200台电梯困人工单数据.xlsx,,,,1,12.0,#64748b,5
work_order:JS202106180087,work_order:JS202106180087,工单 JS202106180087,,work_order,救援工单,,local:2025年200台电梯困人工单数据.xlsx,,,,1,-2.0,#64748b,5
work_order:JS202106180091,work_order:JS202106180091,工单 JS202106180091,,work_order,救援工单,,local:2025年200台电梯困人工单数据.xlsx,,,,2,27.0,#64748b,5
work_order:JS202106190031,work_order:JS202106190031,工单 JS202106190031,,work_order,救援工单,,local:2025年200台电梯困人工单数据.xlsx,,,,1,10.0,#64748b,5
work_order:JS202106190037,work_order:JS202106190037,工单 JS202106190037,,work_order,救援工单,,local:2025年200台电梯困人工单数据.xlsx,,,,2,19.0,#64748b,5
work_order:JS202106190063,work_order:JS202106190063,工单 JS202106190063,,work_order,救援工单,,local:2025年200台电梯困人工单数据.xlsx,,,,8,19.0,#64748b,5
work_order:JS202106190111,work_order:JS202106190111,工单 JS202106190111,,work_order,救援工单,,local:2025年200台电梯困人工单数据.xlsx,,,,1,10.0,#64748b,5
work_order:JS202106200047,work_order:JS202106200047,工单 JS202106200047,,work_order,救援工单,,local:2025年200台电梯困人工单数据.xlsx,,,,1,4.0,#64748b,5
work_order:JS202106200051,work_order:JS202106200051,工单 JS202106200051,,work_order,救援工单,,local:2025年200台电梯困人工单数据.xlsx,,,,4,1.0,#64748b,5
work_order:JS202106210120,work_order:JS202106210120,工单 JS202106210120,,work_order,救援工单,,local:2025年200台电梯困人工单数据.xlsx,,,,5,6.0,#64748b,5
work_order:JS202106220146,work_order:JS202106220146,工单 JS202106220146,,work_order,救援工单,,local:2025年200台电梯困人工单数据.xlsx,,,,1,18.0,#64748b,5
work_order:JS202106290019,work_order:JS202106290019,工单 JS202106290019,,work_order,救援工单,,local:2025年200台电梯困人工单数据.xlsx,,,,1,19.0,#64748b,5
work_order:JS202106290036,work_order:JS202106290036,工单 JS202106290036,,work_order,救援工单,,local:2025年200台电梯困人工单数据.xlsx,,,,1,-43.0,#64748b,5
work_order:JS202106290060,work_order:JS202106290060,工单 JS202106290060,,work_order,救援工单,,local:2025年200台电梯困人工单数据.xlsx,,,,1,9.0,#64748b,5
work_order:JS202106290154,work_order:JS202106290154,工单 JS202106290154,,work_order,救援工单,,local:2025年200台电梯困人工单数据.xlsx,,,,1,22.0,#64748b,5
work_order:JS202106300033,work_order:JS202106300033,工单 JS202106300033,,work_order,救援工单,,local:2025年200台电梯困人工单数据.xlsx,,,,1,28.0,#64748b,5
work_order:JS202106300069,work_order:JS202106300069,工单 JS202106300069,,work_order,救援工单,,local:2025年200台电梯困人工单数据.xlsx,,,,1,10.0,#64748b,5
work_order:JS202107010129,work_order:JS202107010129,工单 JS202107010129,,work_order,救援工单,,local:2025年200台电梯困人工单数据.xlsx,,,,2,15.0,#64748b,5
work_order:JS202107010133,work_order:JS202107010133,工单 JS202107010133,,work_order,救援工单,,local:2025年200台电梯困人工单数据.xlsx,,,,2,15.0,#64748b,5
work_order:JS202107010156,work_order:JS202107010156,工单 JS202107010156,,work_order,救援工单,,local:2025年200台电梯困人工单数据.xlsx,,,,1,0.0,#64748b,5
work_order:JS202107010161,work_order:JS202107010161,工单 JS202107010161,,work_order,救援工单,,local:2025年200台电梯困人工单数据.xlsx,,,,1,6.0,#64748b,5
work_order:JS202107020112,work_order:JS202107020112,工单 JS202107020112,,work_order,救援工单,,local:2025年200台电梯困人工单数据.xlsx,,,,1,16.0,#64748b,5
work_order:JS202107030079,work_order:JS202107030079,工单 JS202107030079,,work_order,救援工单,,local:2025年200台电梯困人工单数据.xlsx,,,,1,10.0,#64748b,5
work_order:JS202107030130,work_order:JS202107030130,工单 JS202107030130,,work_order,救援工单,,local:2025年200台电梯困人工单数据.xlsx,,,,1,3.0,#64748b,5
work_order:JS202107040024,work_order:JS202107040024,工单 JS202107040024,,work_order,救援工单,,local:2025年200台电梯困人工单数据.xlsx,,,,1,17.0,#64748b,5
work_order:JS202107050014,work_order:JS202107050014,工单 JS202107050014,,work_order,救援工单,,local:2025年200台电梯困人工单数据.xlsx,,,,1,25.0,#64748b,5
work_order:JS202107050146,work_order:JS202107050146,工单 JS202107050146,,work_order,救援工单,,local:2025年200台电梯困人工单数据.xlsx,,,,1,9.0,#64748b,5
work_order:JS202107060171,work_order:JS202107060171,工单 JS202107060171,,work_order,救援工单,,local:2025年200台电梯困人工单数据.xlsx,,,,2,12.0,#64748b,5
work_order:JS202107070062,work_order:JS202107070062,工单 JS202107070062,,work_order,救援工单,,local:2025年200台电梯困人工单数据.xlsx,,,,2,5.0,#64748b,5
work_order:JS202107070106,work_order:JS202107070106,工单 JS202107070106,,work_order,救援工单,,local:2025年200台电梯困人工单数据.xlsx,,,,1,5.0,#64748b,5
work_order:JS202107070198,work_order:JS202107070198,工单 JS202107070198,,work_order,救援工单,,local:2025年200台电梯困人工单数据.xlsx,,,,1,15.0,#64748b,5
work_order:JS202107070199,work_order:JS202107070199,工单 JS202107070199,,work_order,救援工单,,local:2025年200台电梯困人工单数据.xlsx,,,,0,22.0,#64748b,5
work_order:JS202107080153,work_order:JS202107080153,工单 JS202107080153,,work_order,救援工单,,local:2025年200台电梯困人工单数据.xlsx,,,,1,4.0,#64748b,5
work_order:JS202107090014,work_order:JS202107090014,工单 JS202107090014,,work_order,救援工单,,local:2025年200台电梯困人工单数据.xlsx,,,,1,16.0,#64748b,5
work_order:JS202107090020,work_order:JS202107090020,工单 JS202107090020,,work_order,救援工单,,local:2025年200台电梯困人工单数据.xlsx,,,,1,22.0,#64748b,5
work_order:JS202107100209,work_order:JS202107100209,工单 JS202107100209,,work_order,救援工单,,local:2025年200台电梯困人工单数据.xlsx,,,,1,7.0,#64748b,5
work_order:JS202107110078,work_order:JS202107110078,工单 JS202107110078,,work_order,救援工单,,local:2025年200台电梯困人工单数据.xlsx,,,,1,11.0,#64748b,5
work_order:JS202107110192,work_order:JS202107110192,工单 JS202107110192,,work_order,救援工单,,local:2025年200台电梯困人工单数据.xlsx,,,,15,26.0,#64748b,5
work_order:JS202107120028,work_order:JS202107120028,工单 JS202107120028,,work_order,救援工单,,local:2025年200台电梯困人工单数据.xlsx,,,,1,15.0,#64748b,5
work_order:JS202107120057,work_order:JS202107120057,工单 JS202107120057,,work_order,救援工单,,local:2025年200台电梯困人工单数据.xlsx,,,,1,12.0,#64748b,5
work_order:JS202107130008,work_order:JS202107130008,工单 JS202107130008,,work_order,救援工单,,local:2025年200台电梯困人工单数据.xlsx,,,,1,5.0,#64748b,5
work_order:JS202107130113,work_order:JS202107130113,工单 JS202107130113,,work_order,救援工单,,local:2025年200台电梯困人工单数据.xlsx,,,,2,13.0,#64748b,5
work_order:JS202107130188,work_order:JS202107130188,工单 JS202107130188,,work_order,救援工单,,local:2025年200台电梯困人工单数据.xlsx,,,,1,2.0,#64748b,5
work_order:JS202107130208,work_order:JS202107130208,工单 JS202107130208,,work_order,救援工单,,local:2025年200台电梯困人工单数据.xlsx,,,,2,11.0,#64748b,5
work_order:JS202107150013,work_order:JS202107150013,工单 JS202107150013,,work_order,救援工单,,local:2025年200台电梯困人工单数据.xlsx,,,,1,17.0,#64748b,5
work_order:JS202107160121,work_order:JS202107160121,工单 JS202107160121,,work_order,救援工单,,local:2025年200台电梯困人工单数据.xlsx,,,,1,10.0,#64748b,5
work_order:JS202107180071,work_order:JS202107180071,工单 JS202107180071,,work_order,救援工单,,local:2025年200台电梯困人工单数据.xlsx,,,,4,,#64748b,5
work_order:JS202107180130,work_order:JS202107180130,工单 JS202107180130,,work_order,救援工单,,local:2025年200台电梯困人工单数据.xlsx,,,,1,13.0,#64748b,5
work_order:JS202107190031,work_order:JS202107190031,工单 JS202107190031,,work_order,救援工单,,local:2025年200台电梯困人工单数据.xlsx,,,,1,11.0,#64748b,5
work_order:JS202107190136,work_order:JS202107190136,工单 JS202107190136,,work_order,救援工单,,local:2025年200台电梯困人工单数据.xlsx,,,,1,12.0,#64748b,5
work_order:JS202107210084,work_order:JS202107210084,工单 JS202107210084,,work_order,救援工单,,local:2025年200台电梯困人工单数据.xlsx,,,,1,24.0,#64748b,5
work_order:JS202107210136,work_order:JS202107210136,工单 JS202107210136,,work_order,救援工单,,local:2025年200台电梯困人工单数据.xlsx,,,,2,28.0,#64748b,5
work_order:JS202107220066,work_order:JS202107220066,工单 JS202107220066,,work_order,救援工单,,local:2025年200台电梯困人工单数据.xlsx,,,,3,15.0,#64748b,5
work_order:JS202107220131,work_order:JS202107220131,工单 JS202107220131,,work_order,救援工单,,local:2025年200台电梯困人工单数据.xlsx,,,,4,3.0,#64748b,5
work_order:JS202107220158,work_order:JS202107220158,工单 JS202107220158,,work_order,救援工单,,local:2025年200台电梯困人工单数据.xlsx,,,,1,7.0,#64748b,5
work_order:JS202107230038,work_order:JS202107230038,工单 JS202107230038,,work_order,救援工单,,local:2025年200台电梯困人工单数据.xlsx,,,,1,2.0,#64748b,5
work_order:JS202107250103,work_order:JS202107250103,工单 JS202107250103,,work_order,救援工单,,local:2025年200台电梯困人工单数据.xlsx,,,,1,3.0,#64748b,5
work_order:JS202107250178,work_order:JS202107250178,工单 JS202107250178,,work_order,救援工单,,local:2025年200台电梯困人工单数据.xlsx,,,,1,7.0,#64748b,5
work_order:JS202107250186,work_order:JS202107250186,工单 JS202107250186,,work_order,救援工单,,local:2025年200台电梯困人工单数据.xlsx,,,,5,3.0,#64748b,5
work_order:JS202107250195,work_order:JS202107250195,工单 JS202107250195,,work_order,救援工单,,local:2025年200台电梯困人工单数据.xlsx,,,,2,15.0,#64748b,5
work_order:JS202107260147,work_order:JS202107260147,工单 JS202107260147,,work_order,救援工单,,local:2025年200台电梯困人工单数据.xlsx,,,,1,6.0,#64748b,5
work_order:JS202107270051,work_order:JS202107270051,工单 JS202107270051,,work_order,救援工单,,local:2025年200台电梯困人工单数据.xlsx,,,,1,12.0,#64748b,5
work_order:JS202107270175,work_order:JS202107270175,工单 JS202107270175,,work_order,救援工单,,local:2025年200台电梯困人工单数据.xlsx,,,,1,14.0,#64748b,5
work_order:JS202107300012,work_order:JS202107300012,工单 JS202107300012,,work_order,救援工单,,local:2025年200台电梯困人工单数据.xlsx,,,,1,-15.0,#64748b,5
work_order:JS202107310148,work_order:JS202107310148,工单 JS202107310148,,work_order,救援工单,,local:2025年200台电梯困人工单数据.xlsx,,,,1,18.0,#64748b,5
work_order:JS202108010050,work_order:JS202108010050,工单 JS202108010050,,work_order,救援工单,,local:2025年200台电梯困人工单数据.xlsx,,,,1,3.0,#64748b,5
work_order:JS202108010139,work_order:JS202108010139,工单 JS202108010139,,work_order,救援工单,,local:2025年200台电梯困人工单数据.xlsx,,,,1,18.0,#64748b,5
work_order:JS202108020142,work_order:JS202108020142,工单 JS202108020142,,work_order,救援工单,,local:2025年200台电梯困人工单数据.xlsx,,,,1,24.0,#64748b,5
work_order:JS202108040135,work_order:JS202108040135,工单 JS202108040135,,work_order,救援工单,,local:2025年200台电梯困人工单数据.xlsx,,,,1,5.0,#64748b,5
work_order:JS202108050073,work_order:JS202108050073,工单 JS202108050073,,work_order,救援工单,,local:2025年200台电梯困人工单数据.xlsx,,,,2,19.0,#64748b,5
work_order:JS202108060033,work_order:JS202108060033,工单 JS202108060033,,work_order,救援工单,,local:2025年200台电梯困人工单数据.xlsx,,,,1,11.0,#64748b,5
work_order:JS202108060043,work_order:JS202108060043,工单 JS202108060043,,work_order,救援工单,,local:2025年200台电梯困人工单数据.xlsx,,,,1,11.0,#64748b,5
work_order:JS202108060103,work_order:JS202108060103,工单 JS202108060103,,work_order,救援工单,,local:2025年200台电梯困人工单数据.xlsx,,,,2,5.0,#64748b,5
work_order:JS202108080010,work_order:JS202108080010,工单 JS202108080010,,work_order,救援工单,,local:2025年200台电梯困人工单数据.xlsx,,,,1,20.0,#64748b,5
work_order:JS202108090125,work_order:JS202108090125,工单 JS202108090125,,work_order,救援工单,,local:2025年200台电梯困人工单数据.xlsx,,,,1,28.0,#64748b,5
work_order:JS202108090130,work_order:JS202108090130,工单 JS202108090130,,work_order,救援工单,,local:2025年200台电梯困人工单数据.xlsx,,,,1,18.0,#64748b,5
work_order:JS202108120040,work_order:JS202108120040,工单 JS202108120040,,work_order,救援工单,,local:2025年200台电梯困人工单数据.xlsx,,,,6,16.0,#64748b,5
work_order:JS202108120107,work_order:JS202108120107,工单 JS202108120107,,work_order,救援工单,,local:2025年200台电梯困人工单数据.xlsx,,,,1,18.0,#64748b,5
work_order:JS202108130085,work_order:JS202108130085,工单 JS202108130085,,work_order,救援工单,,local:2025年200台电梯困人工单数据.xlsx,,,,2,26.0,#64748b,5
work_order:JS202108130105,work_order:JS202108130105,工单 JS202108130105,,work_order,救援工单,,local:2025年200台电梯困人工单数据.xlsx,,,,1,11.0,#64748b,5
work_order:JS202108130116,work_order:JS202108130116,工单 JS202108130116,,work_order,救援工单,,local:2025年200台电梯困人工单数据.xlsx,,,,1,4.0,#64748b,5
work_order:JS202108140051,work_order:JS202108140051,工单 JS202108140051,,work_order,救援工单,,local:2025年200台电梯困人工单数据.xlsx,,,,1,23.0,#64748b,5
work_order:JS202108180115,work_order:JS202108180115,工单 JS202108180115,,work_order,救援工单,,local:2025年200台电梯困人工单数据.xlsx,,,,1,18.0,#64748b,5
work_order:JS202108180129,work_order:JS202108180129,工单 JS202108180129,,work_order,救援工单,,local:2025年200台电梯困人工单数据.xlsx,,,,1,3.0,#64748b,5
work_order:JS202108190084,work_order:JS202108190084,工单 JS202108190084,,work_order,救援工单,,local:2025年200台电梯困人工单数据.xlsx,,,,1,10.0,#64748b,5
work_order:JS202108220008,work_order:JS202108220008,工单 JS202108220008,,work_order,救援工单,,local:2025年200台电梯困人工单数据.xlsx,,,,1,5.0,#64748b,5
work_order:JS202108240101,work_order:JS202108240101,工单 JS202108240101,,work_order,救援工单,,local:2025年200台电梯困人工单数据.xlsx,,,,1,11.0,#64748b,5
work_order:JS202108250064,work_order:JS202108250064,工单 JS202108250064,,work_order,救援工单,,local:2025年200台电梯困人工单数据.xlsx,,,,1,14.0,#64748b,5
work_order:JS202108250097,work_order:JS202108250097,工单 JS202108250097,,work_order,救援工单,,local:2025年200台电梯困人工单数据.xlsx,,,,5,9.0,#64748b,5
work_order:JS202108250099,work_order:JS202108250099,工单 JS202108250099,,work_order,救援工单,,local:2025年200台电梯困人工单数据.xlsx,,,,1,13.0,#64748b,5
work_order:JS202108260096,work_order:JS202108260096,工单 JS202108260096,,work_order,救援工单,,local:2025年200台电梯困人工单数据.xlsx,,,,1,21.0,#64748b,5
work_order:JS202108270125,work_order:JS202108270125,工单 JS202108270125,,work_order,救援工单,,local:2025年200台电梯困人工单数据.xlsx,,,,1,5.0,#64748b,5
work_order:JS202108280114,work_order:JS202108280114,工单 JS202108280114,,work_order,救援工单,,local:2025年200台电梯困人工单数据.xlsx,,,,1,1.0,#64748b,5
work_order:JS202108290018,work_order:JS202108290018,工单 JS202108290018,,work_order,救援工单,,local:2025年200台电梯困人工单数据.xlsx,,,,1,10.0,#64748b,5
work_order:JS202108290148,work_order:JS202108290148,工单 JS202108290148,,work_order,救援工单,,local:2025年200台电梯困人工单数据.xlsx,,,,1,-1.0,#64748b,5
work_order:JS202108300119,work_order:JS202108300119,工单 JS202108300119,,work_order,救援工单,,local:2025年200台电梯困人工单数据.xlsx,,,,1,18.0,#64748b,5
work_order:JS202108310108,work_order:JS202108310108,工单 JS202108310108,,work_order,救援工单,,local:2025年200台电梯困人工单数据.xlsx,,,,1,9.0,#64748b,5
work_order:JS202108310162,work_order:JS202108310162,工单 JS202108310162,,work_order,救援工单,,local:2025年200台电梯困人工单数据.xlsx,,,,1,4.0,#64748b,5
work_order:JS202109010018,work_order:JS202109010018,工单 JS202109010018,,work_order,救援工单,,local:2025年200台电梯困人工单数据.xlsx,,,,1,31.0,#64748b,5
work_order:JS202109010047,work_order:JS202109010047,工单 JS202109010047,,work_order,救援工单,,local:2025年200台电梯困人工单数据.xlsx,,,,1,23.0,#64748b,5
work_order:JS202109010081,work_order:JS202109010081,工单 JS202109010081,,work_order,救援工单,,local:2025年200台电梯困人工单数据.xlsx,,,,1,5.0,#64748b,5
work_order:JS202109020030,work_order:JS202109020030,工单 JS202109020030,,work_order,救援工单,,local:2025年200台电梯困人工单数据.xlsx,,,,1,18.0,#64748b,5
work_order:JS202109030023,work_order:JS202109030023,工单 JS202109030023,,work_order,救援工单,,local:2025年200台电梯困人工单数据.xlsx,,,,4,18.0,#64748b,5
work_order:JS202109060055,work_order:JS202109060055,工单 JS202109060055,,work_order,救援工单,,local:2025年200台电梯困人工单数据.xlsx,,,,7,,#64748b,5
work_order:JS202109070011,work_order:JS202109070011,工单 JS202109070011,,work_order,救援工单,,local:2025年200台电梯困人工单数据.xlsx,,,,1,11.0,#64748b,5
work_order:JS202109080081,work_order:JS202109080081,工单 JS202109080081,,work_order,救援工单,,local:2025年200台电梯困人工单数据.xlsx,,,,1,9.0,#64748b,5
work_order:JS202109080141,work_order:JS202109080141,工单 JS202109080141,,work_order,救援工单,,local:2025年200台电梯困人工单数据.xlsx,,,,1,25.0,#64748b,5
work_order:JS202109090053,work_order:JS202109090053,工单 JS202109090053,,work_order,救援工单,,local:2025年200台电梯困人工单数据.xlsx,,,,1,14.0,#64748b,5
work_order:JS202109090104,work_order:JS202109090104,工单 JS202109090104,,work_order,救援工单,,local:2025年200台电梯困人工单数据.xlsx,,,,1,28.0,#64748b,5
work_order:JS202109120087,work_order:JS202109120087,工单 JS202109120087,,work_order,救援工单,,local:2025年200台电梯困人工单数据.xlsx,,,,1,13.0,#64748b,5
work_order:JS202109140045,work_order:JS202109140045,工单 JS202109140045,,work_order,救援工单,,local:2025年200台电梯困人工单数据.xlsx,,,,1,10.0,#64748b,5
work_order:JS202109170021,work_order:JS202109170021,工单 JS202109170021,,work_order,救援工单,,local:2025年200台电梯困人工单数据.xlsx,,,,1,5.0,#64748b,5
work_order:JS202109190116,work_order:JS202109190116,工单 JS202109190116,,work_order,救援工单,,local:2025年200台电梯困人工单数据.xlsx,,,,1,5.0,#64748b,5
work_order:JS202109190117,work_order:JS202109190117,工单 JS202109190117,,work_order,救援工单,,local:2025年200台电梯困人工单数据.xlsx,,,,2,28.0,#64748b,5
work_order:JS202109210007,work_order:JS202109210007,工单 JS202109210007,,work_order,救援工单,,local:2025年200台电梯困人工单数据.xlsx,,,,1,12.0,#64748b,5
work_order:JS202109210094,work_order:JS202109210094,工单 JS202109210094,,work_order,救援工单,,local:2025年200台电梯困人工单数据.xlsx,,,,1,20.0,#64748b,5
work_order:JS202109220136,work_order:JS202109220136,工单 JS202109220136,,work_order,救援工单,,local:2025年200台电梯困人工单数据.xlsx,,,,1,10.0,#64748b,5
work_order:JS202109230044,work_order:JS202109230044,工单 JS202109230044,,work_order,救援工单,,local:2025年200台电梯困人工单数据.xlsx,,,,1,5.0,#64748b,5
work_order:JS202109230082,work_order:JS202109230082,工单 JS202109230082,,work_order,救援工单,,local:2025年200台电梯困人工单数据.xlsx,,,,1,7.0,#64748b,5
work_order:JS202109250008,work_order:JS202109250008,工单 JS202109250008,,work_order,救援工单,,local:2025年200台电梯困人工单数据.xlsx,,,,1,20.0,#64748b,5
work_order:JS202109250146,work_order:JS202109250146,工单 JS202109250146,,work_order,救援工单,,local:2025年200台电梯困人工单数据.xlsx,,,,1,3.0,#64748b,5
work_order:JS202109250151,work_order:JS202109250151,工单 JS202109250151,,work_order,救援工单,,local:2025年200台电梯困人工单数据.xlsx,,,,1,3.0,#64748b,5
work_order:JS202109260016,work_order:JS202109260016,工单 JS202109260016,,work_order,救援工单,,local:2025年200台电梯困人工单数据.xlsx,,,,1,3.0,#64748b,5
work_order:JS202109260085,work_order:JS202109260085,工单 JS202109260085,,work_order,救援工单,,local:2025年200台电梯困人工单数据.xlsx,,,,1,15.0,#64748b,5
work_order:JS202109270041,work_order:JS202109270041,工单 JS202109270041,,work_order,救援工单,,local:2025年200台电梯困人工单数据.xlsx,,,,1,10.0,#64748b,5
work_order:JS202109270052,work_order:JS202109270052,工单 JS202109270052,,work_order,救援工单,,local:2025年200台电梯困人工单数据.xlsx,,,,1,6.0,#64748b,5
work_order:JS202109270065,work_order:JS202109270065,工单 JS202109270065,,work_order,救援工单,,local:2025年200台电梯困人工单数据.xlsx,,,,1,16.0,#64748b,5
work_order:JS202109270097,work_order:JS202109270097,工单 JS202109270097,,work_order,救援工单,,local:2025年200台电梯困人工单数据.xlsx,,,,1,5.0,#64748b,5
work_order:JS202109290069,work_order:JS202109290069,工单 JS202109290069,,work_order,救援工单,,local:2025年200台电梯困人工单数据.xlsx,,,,1,18.0,#64748b,5
work_order:JS202109290134,work_order:JS202109290134,工单 JS202109290134,,work_order,救援工单,,local:2025年200台电梯困人工单数据.xlsx,,,,1,16.0,#64748b,5
work_order:JS202109290146,work_order:JS202109290146,工单 JS202109290146,,work_order,救援工单,,local:2025年200台电梯困人工单数据.xlsx,,,,1,8.0,#64748b,5
work_order:JS202109290147,work_order:JS202109290147,工单 JS202109290147,,work_order,救援工单,,local:2025年200台电梯困人工单数据.xlsx,,,,1,3.0,#64748b,5
work_order:JS202110010139,work_order:JS202110010139,工单 JS202110010139,,work_order,救援工单,,local:2025年200台电梯困人工单数据.xlsx,,,,1,2.0,#64748b,5
work_order:JS202110010150,work_order:JS202110010150,工单 JS202110010150,,work_order,救援工单,,local:2025年200台电梯困人工单数据.xlsx,,,,1,11.0,#64748b,5
work_order:JS202110040065,work_order:JS202110040065,工单 JS202110040065,,work_order,救援工单,,local:2025年200台电梯困人工单数据.xlsx,,,,1,5.0,#64748b,5
work_order:JS202110040135,work_order:JS202110040135,工单 JS202110040135,,work_order,救援工单,,local:2025年200台电梯困人工单数据.xlsx,,,,1,14.0,#64748b,5
work_order:JS202110040152,work_order:JS202110040152,工单 JS202110040152,,work_order,救援工单,,local:2025年200台电梯困人工单数据.xlsx,,,,1,5.0,#64748b,5
work_order:JS202110060046,work_order:JS202110060046,工单 JS202110060046,,work_order,救援工单,,local:2025年200台电梯困人工单数据.xlsx,,,,1,7.0,#64748b,5
work_order:JS202110060058,work_order:JS202110060058,工单 JS202110060058,,work_order,救援工单,,local:2025年200台电梯困人工单数据.xlsx,,,,2,3.0,#64748b,5
work_order:JS202110060063,work_order:JS202110060063,工单 JS202110060063,,work_order,救援工单,,local:2025年200台电梯困人工单数据.xlsx,,,,1,13.0,#64748b,5
work_order:JS202110060102,work_order:JS202110060102,工单 JS202110060102,,work_order,救援工单,,local:2025年200台电梯困人工单数据.xlsx,,,,1,8.0,#64748b,5
work_order:JS202110080003,work_order:JS202110080003,工单 JS202110080003,,work_order,救援工单,,local:2025年200台电梯困人工单数据.xlsx,,,,1,7.0,#64748b,5
work_order:JS202110080059,work_order:JS202110080059,工单 JS202110080059,,work_order,救援工单,,local:2025年200台电梯困人工单数据.xlsx,,,,1,12.0,#64748b,5
work_order:JS202110080104,work_order:JS202110080104,工单 JS202110080104,,work_order,救援工单,,local:2025年200台电梯困人工单数据.xlsx,,,,1,7.0,#64748b,5
work_order:JS202110080161,work_order:JS202110080161,工单 JS202110080161,,work_order,救援工单,,local:2025年200台电梯困人工单数据.xlsx,,,,1,2.0,#64748b,5
work_order:JS202110100052,work_order:JS202110100052,工单 JS202110100052,,work_order,救援工单,,local:2025年200台电梯困人工单数据.xlsx,,,,1,5.0,#64748b,5
work_order:JS202110110010,work_order:JS202110110010,工单 JS202110110010,,work_order,救援工单,,local:2025年200台电梯困人工单数据.xlsx,,,,1,14.0,#64748b,5
work_order:JS202110110064,work_order:JS202110110064,工单 JS202110110064,,work_order,救援工单,,local:2025年200台电梯困人工单数据.xlsx,,,,1,9.0,#64748b,5
work_order:JS202110110094,work_order:JS202110110094,工单 JS202110110094,,work_order,救援工单,,local:2025年200台电梯困人工单数据.xlsx,,,,1,9.0,#64748b,5
work_order:JS202110120002,work_order:JS202110120002,工单 JS202110120002,,work_order,救援工单,,local:2025年200台电梯困人工单数据.xlsx,,,,1,25.0,#64748b,5
work_order:JS202110120094,work_order:JS202110120094,工单 JS202110120094,,work_order,救援工单,,local:2025年200台电梯困人工单数据.xlsx,,,,1,16.0,#64748b,5
work_order:JS202110130060,work_order:JS202110130060,工单 JS202110130060,,work_order,救援工单,,local:2025年200台电梯困人工单数据.xlsx,,,,2,18.0,#64748b,5
work_order:JS202110150130,work_order:JS202110150130,工单 JS202110150130,,work_order,救援工单,,local:2025年200台电梯困人工单数据.xlsx,,,,1,19.0,#64748b,5
work_order:JS202110170176,work_order:JS202110170176,工单 JS202110170176,,work_order,救援工单,,local:2025年200台电梯困人工单数据.xlsx,,,,1,28.0,#64748b,5
work_order:JS202110180036,work_order:JS202110180036,工单 JS202110180036,,work_order,救援工单,,local:2025年200台电梯困人工单数据.xlsx,,,,1,20.0,#64748b,5
work_order:JS202110180060,work_order:JS202110180060,工单 JS202110180060,,work_order,救援工单,,local:2025年200台电梯困人工单数据.xlsx,,,,7,9.0,#64748b,5
work_order:JS202110190007,work_order:JS202110190007,工单 JS202110190007,,work_order,救援工单,,local:2025年200台电梯困人工单数据.xlsx,,,,1,18.0,#64748b,5
work_order:JS202110190043,work_order:JS202110190043,工单 JS202110190043,,work_order,救援工单,,local:2025年200台电梯困人工单数据.xlsx,,,,1,-29.0,#64748b,5
work_order:JS202110190111,work_order:JS202110190111,工单 JS202110190111,,work_order,救援工单,,local:2025年200台电梯困人工单数据.xlsx,,,,1,14.0,#64748b,5
work_order:JS202110190140,work_order:JS202110190140,工单 JS202110190140,,work_order,救援工单,,local:2025年200台电梯困人工单数据.xlsx,,,,1,19.0,#64748b,5
work_order:JS202110200099,work_order:JS202110200099,工单 JS202110200099,,work_order,救援工单,,local:2025年200台电梯困人工单数据.xlsx,,,,1,13.0,#64748b,5
work_order:JS202110220037,work_order:JS202110220037,工单 JS202110220037,,work_order,救援工单,,local:2025年200台电梯困人工单数据.xlsx,,,,1,5.0,#64748b,5
work_order:JS202110220043,work_order:JS202110220043,工单 JS202110220043,,work_order,救援工单,,local:2025年200台电梯困人工单数据.xlsx,,,,1,29.0,#64748b,5
work_order:JS202110220137,work_order:JS202110220137,工单 JS202110220137,,work_order,救援工单,,local:2025年200台电梯困人工单数据.xlsx,,,,3,9.0,#64748b,5
work_order:JS202110240025,work_order:JS202110240025,工单 JS202110240025,,work_order,救援工单,,local:2025年200台电梯困人工单数据.xlsx,,,,1,9.0,#64748b,5
work_order:JS202110240079,work_order:JS202110240079,工单 JS202110240079,,work_order,救援工单,,local:2025年200台电梯困人工单数据.xlsx,,,,1,1.0,#64748b,5
work_order:JS202110260038,work_order:JS202110260038,工单 JS202110260038,,work_order,救援工单,,local:2025年200台电梯困人工单数据.xlsx,,,,2,10.0,#64748b,5
work_order:JS202110260049,work_order:JS202110260049,工单 JS202110260049,,work_order,救援工单,,local:2025年200台电梯困人工单数据.xlsx,,,,1,10.0,#64748b,5
work_order:JS202110270005,work_order:JS202110270005,工单 JS202110270005,,work_order,救援工单,,local:2025年200台电梯困人工单数据.xlsx,,,,1,9.0,#64748b,5
work_order:JS202110280106,work_order:JS202110280106,工单 JS202110280106,,work_order,救援工单,,local:2025年200台电梯困人工单数据.xlsx,,,,1,5.0,#64748b,5
work_order:JS202110280116,work_order:JS202110280116,工单 JS202110280116,,work_order,救援工单,,local:2025年200台电梯困人工单数据.xlsx,,,,2,23.0,#64748b,5
work_order:JS202110300060,work_order:JS202110300060,工单 JS202110300060,,work_order,救援工单,,local:2025年200台电梯困人工单数据.xlsx,,,,1,15.0,#64748b,5
work_order:JS202110300126,work_order:JS202110300126,工单 JS202110300126,,work_order,救援工单,,local:2025年200台电梯困人工单数据.xlsx,,,,1,15.0,#64748b,5
work_order:JS202110310111,work_order:JS202110310111,工单 JS202110310111,,work_order,救援工单,,local:2025年200台电梯困人工单数据.xlsx,,,,2,5.0,#64748b,5
work_order:JS202111010097,work_order:JS202111010097,工单 JS202111010097,,work_order,救援工单,,local:2025年200台电梯困人工单数据.xlsx,,,,1,5.0,#64748b,5
work_order:JS202111010106,work_order:JS202111010106,工单 JS202111010106,,work_order,救援工单,,local:2025年200台电梯困人工单数据.xlsx,,,,1,5.0,#64748b,5
work_order:JS202111020124,work_order:JS202111020124,工单 JS202111020124,,work_order,救援工单,,local:2025年200台电梯困人工单数据.xlsx,,,,2,23.0,#64748b,5
work_order:JS202111030108,work_order:JS202111030108,工单 JS202111030108,,work_order,救援工单,,local:2025年200台电梯困人工单数据.xlsx,,,,1,2.0,#64748b,5
work_order:JS202111040020,work_order:JS202111040020,工单 JS202111040020,,work_order,救援工单,,local:2025年200台电梯困人工单数据.xlsx,,,,1,18.0,#64748b,5
work_order:JS202111040110,work_order:JS202111040110,工单 JS202111040110,,work_order,救援工单,,local:2025年200台电梯困人工单数据.xlsx,,,,1,11.0,#64748b,5
work_order:JS202111050009,work_order:JS202111050009,工单 JS202111050009,,work_order,救援工单,,local:2025年200台电梯困人工单数据.xlsx,,,,1,20.0,#64748b,5
work_order:JS202111050089,work_order:JS202111050089,工单 JS202111050089,,work_order,救援工单,,local:2025年200台电梯困人工单数据.xlsx,,,,9,23.0,#64748b,5
work_order:JS202111050093,work_order:JS202111050093,工单 JS202111050093,,work_order,救援工单,,local:2025年200台电梯困人工单数据.xlsx,,,,5,17.0,#64748b,5
work_order:JS202111080076,work_order:JS202111080076,工单 JS202111080076,,work_order,救援工单,,local:2025年200台电梯困人工单数据.xlsx,,,,1,8.0,#64748b,5
work_order:JS202111090162,work_order:JS202111090162,工单 JS202111090162,,work_order,救援工单,,local:2025年200台电梯困人工单数据.xlsx,,,,1,5.0,#64748b,5
work_order:JS202111090169,work_order:JS202111090169,工单 JS202111090169,,work_order,救援工单,,local:2025年200台电梯困人工单数据.xlsx,,,,3,7.0,#64748b,5
work_order:JS202111090207,work_order:JS202111090207,工单 JS202111090207,,work_order,救援工单,,local:2025年200台电梯困人工单数据.xlsx,,,,2,22.0,#64748b,5
work_order:JS202111100039,work_order:JS202111100039,工单 JS202111100039,,work_order,救援工单,,local:2025年200台电梯困人工单数据.xlsx,,,,3,10.0,#64748b,5
work_order:JS202111100154,work_order:JS202111100154,工单 JS202111100154,,work_order,救援工单,,local:2025年200台电梯困人工单数据.xlsx,,,,3,5.0,#64748b,5
work_order:JS202111100177,work_order:JS202111100177,工单 JS202111100177,,work_order,救援工单,,local:2025年200台电梯困人工单数据.xlsx,,,,1,23.0,#64748b,5
work_order:JS202111110035,work_order:JS202111110035,工单 JS202111110035,,work_order,救援工单,,local:2025年200台电梯困人工单数据.xlsx,,,,1,9.0,#64748b,5
work_order:JS202111110081,work_order:JS202111110081,工单 JS202111110081,,work_order,救援工单,,local:2025年200台电梯困人工单数据.xlsx,,,,1,6.0,#64748b,5
work_order:JS202111120153,work_order:JS202111120153,工单 JS202111120153,,work_order,救援工单,,local:2025年200台电梯困人工单数据.xlsx,,,,1,21.0,#64748b,5
work_order:JS202111130071,work_order:JS202111130071,工单 JS202111130071,,work_order,救援工单,,local:2025年200台电梯困人工单数据.xlsx,,,,1,15.0,#64748b,5
work_order:JS202111130083,work_order:JS202111130083,工单 JS202111130083,,work_order,救援工单,,local:2025年200台电梯困人工单数据.xlsx,,,,1,15.0,#64748b,5
work_order:JS202111130089,work_order:JS202111130089,工单 JS202111130089,,work_order,救援工单,,local:2025年200台电梯困人工单数据.xlsx,,,,1,23.0,#64748b,5
work_order:JS202111150142,work_order:JS202111150142,工单 JS202111150142,,work_order,救援工单,,local:2025年200台电梯困人工单数据.xlsx,,,,1,22.0,#64748b,5
work_order:JS202111170117,work_order:JS202111170117,工单 JS202111170117,,work_order,救援工单,,local:2025年200台电梯困人工单数据.xlsx,,,,2,7.0,#64748b,5
work_order:JS202111180015,work_order:JS202111180015,工单 JS202111180015,,work_order,救援工单,,local:2025年200台电梯困人工单数据.xlsx,,,,1,11.0,#64748b,5
work_order:JS202111190114,work_order:JS202111190114,工单 JS202111190114,,work_order,救援工单,,local:2025年200台电梯困人工单数据.xlsx,,,,2,7.0,#64748b,5
work_order:JS202111200125,work_order:JS202111200125,工单 JS202111200125,,work_order,救援工单,,local:2025年200台电梯困人工单数据.xlsx,,,,1,15.0,#64748b,5
work_order:JS202111220017,work_order:JS202111220017,工单 JS202111220017,,work_order,救援工单,,local:2025年200台电梯困人工单数据.xlsx,,,,1,9.0,#64748b,5
work_order:JS202111220048,work_order:JS202111220048,工单 JS202111220048,,work_order,救援工单,,local:2025年200台电梯困人工单数据.xlsx,,,,1,7.0,#64748b,5
work_order:JS202111220072,work_order:JS202111220072,工单 JS202111220072,,work_order,救援工单,,local:2025年200台电梯困人工单数据.xlsx,,,,1,20.0,#64748b,5
work_order:JS202111240036,work_order:JS202111240036,工单 JS202111240036,,work_order,救援工单,,local:2025年200台电梯困人工单数据.xlsx,,,,1,9.0,#64748b,5
work_order:JS202111240076,work_order:JS202111240076,工单 JS202111240076,,work_order,救援工单,,local:2025年200台电梯困人工单数据.xlsx,,,,1,15.0,#64748b,5
work_order:JS202111250061,work_order:JS202111250061,工单 JS202111250061,,work_order,救援工单,,local:2025年200台电梯困人工单数据.xlsx,,,,1,21.0,#64748b,5
work_order:JS202111260029,work_order:JS202111260029,工单 JS202111260029,,work_order,救援工单,,local:2025年200台电梯困人工单数据.xlsx,,,,1,7.0,#64748b,5
work_order:JS202111260128,work_order:JS202111260128,工单 JS202111260128,,work_order,救援工单,,local:2025年200台电梯困人工单数据.xlsx,,,,4,20.0,#64748b,5
work_order:JS202111270092,work_order:JS202111270092,工单 JS202111270092,,work_order,救援工单,,local:2025年200台电梯困人工单数据.xlsx,,,,1,15.0,#64748b,5
work_order:JS202111270120,work_order:JS202111270120,工单 JS202111270120,,work_order,救援工单,,local:2025年200台电梯困人工单数据.xlsx,,,,2,5.0,#64748b,5
work_order:JS202111270134,work_order:JS202111270134,工单 JS202111270134,,work_order,救援工单,,local:2025年200台电梯困人工单数据.xlsx,,,,1,18.0,#64748b,5
work_order:JS202111280016,work_order:JS202111280016,工单 JS202111280016,,work_order,救援工单,,local:2025年200台电梯困人工单数据.xlsx,,,,1,20.0,#64748b,5
work_order:JS202111300023,work_order:JS202111300023,工单 JS202111300023,,work_order,救援工单,,local:2025年200台电梯困人工单数据.xlsx,,,,1,10.0,#64748b,5
work_order:JS202111300038,work_order:JS202111300038,工单 JS202111300038,,work_order,救援工单,,local:2025年200台电梯困人工单数据.xlsx,,,,1,26.0,#64748b,5
work_order:JS202111300098,work_order:JS202111300098,工单 JS202111300098,,work_order,救援工单,,local:2025年200台电梯困人工单数据.xlsx,,,,1,4.0,#64748b,5
work_order:JS202111300133,work_order:JS202111300133,工单 JS202111300133,,work_order,救援工单,,local:2025年200台电梯困人工单数据.xlsx,,,,1,13.0,#64748b,5
work_order:JS202112010184,work_order:JS202112010184,工单 JS202112010184,,work_order,救援工单,,local:2025年200台电梯困人工单数据.xlsx,,,,1,11.0,#64748b,5
work_order:JS202112020181,work_order:JS202112020181,工单 JS202112020181,,work_order,救援工单,,local:2025年200台电梯困人工单数据.xlsx,,,,5,7.0,#64748b,5
work_order:JS202112050057,work_order:JS202112050057,工单 JS202112050057,,work_order,救援工单,,local:2025年200台电梯困人工单数据.xlsx,,,,1,8.0,#64748b,5
work_order:JS202112060023,work_order:JS202112060023,工单 JS202112060023,,work_order,救援工单,,local:2025年200台电梯困人工单数据.xlsx,,,,1,14.0,#64748b,5
work_order:JS202112060095,work_order:JS202112060095,工单 JS202112060095,,work_order,救援工单,,local:2025年200台电梯困人工单数据.xlsx,,,,1,6.0,#64748b,5
work_order:JS202112060112,work_order:JS202112060112,工单 JS202112060112,,work_order,救援工单,,local:2025年200台电梯困人工单数据.xlsx,,,,1,6.0,#64748b,5
work_order:JS202112080093,work_order:JS202112080093,工单 JS202112080093,,work_order,救援工单,,local:2025年200台电梯困人工单数据.xlsx,,,,1,17.0,#64748b,5
work_order:JS202112080119,work_order:JS202112080119,工单 JS202112080119,,work_order,救援工单,,local:2025年200台电梯困人工单数据.xlsx,,,,1,11.0,#64748b,5
work_order:JS202112090028,work_order:JS202112090028,工单 JS202112090028,,work_order,救援工单,,local:2025年200台电梯困人工单数据.xlsx,,,,1,15.0,#64748b,5
work_order:JS202112090094,work_order:JS202112090094,工单 JS202112090094,,work_order,救援工单,,local:2025年200台电梯困人工单数据.xlsx,,,,1,9.0,#64748b,5
work_order:JS202112100097,work_order:JS202112100097,工单 JS202112100097,,work_order,救援工单,,local:2025年200台电梯困人工单数据.xlsx,,,,1,8.0,#64748b,5
work_order:JS202112110055,work_order:JS202112110055,工单 JS202112110055,,work_order,救援工单,,local:2025年200台电梯困人工单数据.xlsx,,,,1,11.0,#64748b,5
work_order:JS202112120001,work_order:JS202112120001,工单 JS202112120001,,work_order,救援工单,,local:2025年200台电梯困人工单数据.xlsx,,,,1,21.0,#64748b,5
work_order:JS202112120006,work_order:JS202112120006,工单 JS202112120006,,work_order,救援工单,,local:2025年200台电梯困人工单数据.xlsx,,,,1,15.0,#64748b,5
work_order:JS202112130045,work_order:JS202112130045,工单 JS202112130045,,work_order,救援工单,,local:2025年200台电梯困人工单数据.xlsx,,,,1,24.0,#64748b,5
work_order:JS202112140059,work_order:JS202112140059,工单 JS202112140059,,work_order,救援工单,,local:2025年200台电梯困人工单数据.xlsx,,,,1,10.0,#64748b,5
work_order:JS202112140066,work_order:JS202112140066,工单 JS202112140066,,work_order,救援工单,,local:2025年200台电梯困人工单数据.xlsx,,,,1,4.0,#64748b,5
work_order:JS202112140118,work_order:JS202112140118,工单 JS202112140118,,work_order,救援工单,,local:2025年200台电梯困人工单数据.xlsx,,,,3,20.0,#64748b,5
work_order:JS202112150042,work_order:JS202112150042,工单 JS202112150042,,work_order,救援工单,,local:2025年200台电梯困人工单数据.xlsx,,,,1,5.0,#64748b,5
work_order:JS202112150111,work_order:JS202112150111,工单 JS202112150111,,work_order,救援工单,,local:2025年200台电梯困人工单数据.xlsx,,,,3,11.0,#64748b,5
work_order:JS202112180120,work_order:JS202112180120,工单 JS202112180120,,work_order,救援工单,,local:2025年200台电梯困人工单数据.xlsx,,,,1,18.0,#64748b,5
work_order:JS202112180188,work_order:JS202112180188,工单 JS202112180188,,work_order,救援工单,,local:2025年200台电梯困人工单数据.xlsx,,,,4,13.0,#64748b,5
work_order:JS202112190033,work_order:JS202112190033,工单 JS202112190033,,work_order,救援工单,,local:2025年200台电梯困人工单数据.xlsx,,,,1,12.0,#64748b,5
work_order:JS202112190156,work_order:JS202112190156,工单 JS202112190156,,work_order,救援工单,,local:2025年200台电梯困人工单数据.xlsx,,,,1,18.0,#64748b,5
work_order:JS202112190173,work_order:JS202112190173,工单 JS202112190173,,work_order,救援工单,,local:2025年200台电梯困人工单数据.xlsx,,,,1,24.0,#64748b,5
work_order:JS202112200119,work_order:JS202112200119,工单 JS202112200119,,work_order,救援工单,,local:2025年200台电梯困人工单数据.xlsx,,,,4,20.0,#64748b,5
work_order:JS202112230073,work_order:JS202112230073,工单 JS202112230073,,work_order,救援工单,,local:2025年200台电梯困人工单数据.xlsx,,,,1,7.0,#64748b,5
work_order:JS202112240004,work_order:JS202112240004,工单 JS202112240004,,work_order,救援工单,,local:2025年200台电梯困人工单数据.xlsx,,,,1,12.0,#64748b,5
work_order:JS202112240051,work_order:JS202112240051,工单 JS202112240051,,work_order,救援工单,,local:2025年200台电梯困人工单数据.xlsx,,,,1,7.0,#64748b,5
work_order:JS202112240136,work_order:JS202112240136,工单 JS202112240136,,work_order,救援工单,,local:2025年200台电梯困人工单数据.xlsx,,,,1,7.0,#64748b,5
work_order:JS202112250055,work_order:JS202112250055,工单 JS202112250055,,work_order,救援工单,,local:2025年200台电梯困人工单数据.xlsx,,,,1,19.0,#64748b,5
work_order:JS202112250080,work_order:JS202112250080,工单 JS202112250080,,work_order,救援工单,,local:2025年200台电梯困人工单数据.xlsx,,,,1,19.0,#64748b,5
work_order:JS202112250170,work_order:JS202112250170,工单 JS202112250170,,work_order,救援工单,,local:2025年200台电梯困人工单数据.xlsx,,,,1,9.0,#64748b,5
work_order:JS202112260281,work_order:JS202112260281,工单 JS202112260281,,work_order,救援工单,,local:2025年200台电梯困人工单数据.xlsx,,,,1,12.0,#64748b,5
work_order:JS202112270060,work_order:JS202112270060,工单 JS202112270060,,work_order,救援工单,,local:2025年200台电梯困人工单数据.xlsx,,,,2,5.0,#64748b,5
work_order:JS202112280059,work_order:JS202112280059,工单 JS202112280059,,work_order,救援工单,,local:2025年200台电梯困人工单数据.xlsx,,,,1,9.0,#64748b,5
work_order:JS202112290005,work_order:JS202112290005,工单 JS202112290005,,work_order,救援工单,,local:2025年200台电梯困人工单数据.xlsx,,,,1,13.0,#64748b,5
work_order:JS202112290031,work_order:JS202112290031,工单 JS202112290031,,work_order,救援工单,,local:2025年200台电梯困人工单数据.xlsx,,,,1,16.0,#64748b,5
work_order:JS202112290076,work_order:JS202112290076,工单 JS202112290076,,work_order,救援工单,,local:2025年200台电梯困人工单数据.xlsx,,,,2,17.0,#64748b,5
work_order:JS202112290084,work_order:JS202112290084,工单 JS202112290084,,work_order,救援工单,,local:2025年200台电梯困人工单数据.xlsx,,,,1,10.0,#64748b,5
work_order:JS202112300023,work_order:JS202112300023,工单 JS202112300023,,work_order,救援工单,,local:2025年200台电梯困人工单数据.xlsx,,,,1,16.0,#64748b,5
work_order:JS202112300072,work_order:JS202112300072,工单 JS202112300072,,work_order,救援工单,,local:2025年200台电梯困人工单数据.xlsx,,,,1,14.0,#64748b,5
work_order:JS202112300078,work_order:JS202112300078,工单 JS202112300078,,work_order,救援工单,,local:2025年200台电梯困人工单数据.xlsx,,,,1,15.0,#64748b,5
work_order:JS202201020073,work_order:JS202201020073,工单 JS202201020073,,work_order,救援工单,,local:2025年200台电梯困人工单数据.xlsx,,,,1,18.0,#64748b,5
work_order:JS202201020090,work_order:JS202201020090,工单 JS202201020090,,work_order,救援工单,,local:2025年200台电梯困人工单数据.xlsx,,,,1,10.0,#64748b,5
work_order:JS202201030116,work_order:JS202201030116,工单 JS202201030116,,work_order,救援工单,,local:2025年200台电梯困人工单数据.xlsx,,,,1,3.0,#64748b,5
work_order:JS202201040013,work_order:JS202201040013,工单 JS202201040013,,work_order,救援工单,,local:2025年200台电梯困人工单数据.xlsx,,,,1,13.0,#64748b,5
work_order:JS202201040025,work_order:JS202201040025,工单 JS202201040025,,work_order,救援工单,,local:2025年200台电梯困人工单数据.xlsx,,,,1,28.0,#64748b,5
work_order:JS202201040090,work_order:JS202201040090,工单 JS202201040090,,work_order,救援工单,,local:2025年200台电梯困人工单数据.xlsx,,,,1,29.0,#64748b,5
work_order:JS202201040110,work_order:JS202201040110,工单 JS202201040110,,work_order,救援工单,,local:2025年200台电梯困人工单数据.xlsx,,,,2,13.0,#64748b,5
work_order:JS202201050080,work_order:JS202201050080,工单 JS202201050080,,work_order,救援工单,,local:2025年200台电梯困人工单数据.xlsx,,,,1,22.0,#64748b,5
work_order:JS202201050121,work_order:JS202201050121,工单 JS202201050121,,work_order,救援工单,,local:2025年200台电梯困人工单数据.xlsx,,,,4,6.0,#64748b,5
work_order:JS202201060105,work_order:JS202201060105,工单 JS202201060105,,work_order,救援工单,,local:2025年200台电梯困人工单数据.xlsx,,,,1,24.0,#64748b,5
work_order:JS202201070051,work_order:JS202201070051,工单 JS202201070051,,work_order,救援工单,,local:2025年200台电梯困人工单数据.xlsx,,,,1,6.0,#64748b,5
work_order:JS202201070063,work_order:JS202201070063,工单 JS202201070063,,work_order,救援工单,,local:2025年200台电梯困人工单数据.xlsx,,,,1,9.0,#64748b,5
work_order:JS202201080002,work_order:JS202201080002,工单 JS202201080002,,work_order,救援工单,,local:2025年200台电梯困人工单数据.xlsx,,,,10,,#64748b,5
work_order:JS202201080044,work_order:JS202201080044,工单 JS202201080044,,work_order,救援工单,,local:2025年200台电梯困人工单数据.xlsx,,,,1,4.0,#64748b,5
work_order:JS202201080080,work_order:JS202201080080,工单 JS202201080080,,work_order,救援工单,,local:2025年200台电梯困人工单数据.xlsx,,,,1,8.0,#64748b,5
work_order:JS202201120005,work_order:JS202201120005,工单 JS202201120005,,work_order,救援工单,,local:2025年200台电梯困人工单数据.xlsx,,,,1,13.0,#64748b,5
work_order:JS202201120074,work_order:JS202201120074,工单 JS202201120074,,work_order,救援工单,,local:2025年200台电梯困人工单数据.xlsx,,,,1,7.0,#64748b,5
work_order:JS202201140068,work_order:JS202201140068,工单 JS202201140068,,work_order,救援工单,,local:2025年200台电梯困人工单数据.xlsx,,,,4,4.0,#64748b,5
work_order:JS202201150039,work_order:JS202201150039,工单 JS202201150039,,work_order,救援工单,,local:2025年200台电梯困人工单数据.xlsx,,,,1,9.0,#64748b,5
work_order:JS202201180071,work_order:JS202201180071,工单 JS202201180071,,work_order,救援工单,,local:2025年200台电梯困人工单数据.xlsx,,,,1,10.0,#64748b,5
work_order:JS202201190082,work_order:JS202201190082,工单 JS202201190082,,work_order,救援工单,,local:2025年200台电梯困人工单数据.xlsx,,,,1,1.0,#64748b,5
work_order:JS202201190115,work_order:JS202201190115,工单 JS202201190115,,work_order,救援工单,,local:2025年200台电梯困人工单数据.xlsx,,,,1,22.0,#64748b,5
work_order:JS202201210123,work_order:JS202201210123,工单 JS202201210123,,work_order,救援工单,,local:2025年200台电梯困人工单数据.xlsx,,,,1,10.0,#64748b,5
work_order:JS202201230070,work_order:JS202201230070,工单 JS202201230070,,work_order,救援工单,,local:2025年200台电梯困人工单数据.xlsx,,,,1,13.0,#64748b,5
work_order:JS202201260027,work_order:JS202201260027,工单 JS202201260027,,work_order,救援工单,,local:2025年200台电梯困人工单数据.xlsx,,,,1,11.0,#64748b,5
work_order:JS202201290039,work_order:JS202201290039,工单 JS202201290039,,work_order,救援工单,,local:2025年200台电梯困人工单数据.xlsx,,,,1,13.0,#64748b,5
work_order:JS202201290090,work_order:JS202201290090,工单 JS202201290090,,work_order,救援工单,,local:2025年200台电梯困人工单数据.xlsx,,,,1,17.0,#64748b,5
work_order:JS202202020042,work_order:JS202202020042,工单 JS202202020042,,work_order,救援工单,,local:2025年200台电梯困人工单数据.xlsx,,,,1,19.0,#64748b,5
work_order:JS202202040043,work_order:JS202202040043,工单 JS202202040043,,work_order,救援工单,,local:2025年200台电梯困人工单数据.xlsx,,,,1,9.0,#64748b,5
work_order:JS202202080008,work_order:JS202202080008,工单 JS202202080008,,work_order,救援工单,,local:2025年200台电梯困人工单数据.xlsx,,,,1,0.0,#64748b,5
work_order:JS202202080056,work_order:JS202202080056,工单 JS202202080056,,work_order,救援工单,,local:2025年200台电梯困人工单数据.xlsx,,,,1,21.0,#64748b,5
work_order:JS202202080109,work_order:JS202202080109,工单 JS202202080109,,work_order,救援工单,,local:2025年200台电梯困人工单数据.xlsx,,,,5,8.0,#64748b,5
work_order:JS202202090006,work_order:JS202202090006,工单 JS202202090006,,work_order,救援工单,,local:2025年200台电梯困人工单数据.xlsx,,,,1,9.0,#64748b,5
work_order:JS202202090012,work_order:JS202202090012,工单 JS202202090012,,work_order,救援工单,,local:2025年200台电梯困人工单数据.xlsx,,,,1,0.0,#64748b,5
work_order:JS202202090046,work_order:JS202202090046,工单 JS202202090046,,work_order,救援工单,,local:2025年200台电梯困人工单数据.xlsx,,,,1,19.0,#64748b,5
work_order:JS202202090092,work_order:JS202202090092,工单 JS202202090092,,work_order,救援工单,,local:2025年200台电梯困人工单数据.xlsx,,,,1,8.0,#64748b,5
work_order:JS202202100046,work_order:JS202202100046,工单 JS202202100046,,work_order,救援工单,,local:2025年200台电梯困人工单数据.xlsx,,,,1,3.0,#64748b,5
work_order:JS202202100084,work_order:JS202202100084,工单 JS202202100084,,work_order,救援工单,,local:2025年200台电梯困人工单数据.xlsx,,,,1,3.0,#64748b,5
work_order:JS202202120028,work_order:JS202202120028,工单 JS202202120028,,work_order,救援工单,,local:2025年200台电梯困人工单数据.xlsx,,,,1,16.0,#64748b,5
work_order:JS202202130034,work_order:JS202202130034,工单 JS202202130034,,work_order,救援工单,,local:2025年200台电梯困人工单数据.xlsx,,,,7,25.0,#64748b,5
work_order:JS202202140059,work_order:JS202202140059,工单 JS202202140059,,work_order,救援工单,,local:2025年200台电梯困人工单数据.xlsx,,,,1,24.0,#64748b,5
work_order:JS202202140070,work_order:JS202202140070,工单 JS202202140070,,work_order,救援工单,,local:2025年200台电梯困人工单数据.xlsx,,,,1,2.0,#64748b,5
work_order:JS202202140081,work_order:JS202202140081,工单 JS202202140081,,work_order,救援工单,,local:2025年200台电梯困人工单数据.xlsx,,,,9,25.0,#64748b,5
work_order:JS202202160036,work_order:JS202202160036,工单 JS202202160036,,work_order,救援工单,,local:2025年200台电梯困人工单数据.xlsx,,,,1,14.0,#64748b,5
work_order:JS202202160063,work_order:JS202202160063,工单 JS202202160063,,work_order,救援工单,,local:2025年200台电梯困人工单数据.xlsx,,,,1,18.0,#64748b,5
work_order:JS202202170079,work_order:JS202202170079,工单 JS202202170079,,work_order,救援工单,,local:2025年200台电梯困人工单数据.xlsx,,,,1,5.0,#64748b,5
work_order:JS202202170080,work_order:JS202202170080,工单 JS202202170080,,work_order,救援工单,,local:2025年200台电梯困人工单数据.xlsx,,,,1,19.0,#64748b,5
work_order:JS202202170081,work_order:JS202202170081,工单 JS202202170081,,work_order,救援工单,,local:2025年200台电梯困人工单数据.xlsx,,,,1,13.0,#64748b,5
work_order:JS202202170120,work_order:JS202202170120,工单 JS202202170120,,work_order,救援工单,,local:2025年200台电梯困人工单数据.xlsx,,,,4,13.0,#64748b,5
work_order:JS202202190041,work_order:JS202202190041,工单 JS202202190041,,work_order,救援工单,,local:2025年200台电梯困人工单数据.xlsx,,,,1,3.0,#64748b,5
work_order:JS202202200087,work_order:JS202202200087,工单 JS202202200087,,work_order,救援工单,,local:2025年200台电梯困人工单数据.xlsx,,,,8,12.0,#64748b,5
work_order:JS202202210041,work_order:JS202202210041,工单 JS202202210041,,work_order,救援工单,,local:2025年200台电梯困人工单数据.xlsx,,,,1,19.0,#64748b,5
work_order:JS202202210054,work_order:JS202202210054,工单 JS202202210054,,work_order,救援工单,,local:2025年200台电梯困人工单数据.xlsx,,,,1,26.0,#64748b,5
work_order:JS202202210070,work_order:JS202202210070,工单 JS202202210070,,work_order,救援工单,,local:2025年200台电梯困人工单数据.xlsx,,,,1,9.0,#64748b,5
work_order:JS202202220028,work_order:JS202202220028,工单 JS202202220028,,work_order,救援工单,,local:2025年200台电梯困人工单数据.xlsx,,,,1,0.0,#64748b,5
work_order:JS202202220062,work_order:JS202202220062,工单 JS202202220062,,work_order,救援工单,,local:2025年200台电梯困人工单数据.xlsx,,,,1,0.0,#64748b,5
work_order:JS202202220100,work_order:JS202202220100,工单 JS202202220100,,work_order,救援工单,,local:2025年200台电梯困人工单数据.xlsx,,,,1,13.0,#64748b,5
work_order:JS202202230060,work_order:JS202202230060,工单 JS202202230060,,work_order,救援工单,,local:2025年200台电梯困人工单数据.xlsx,,,,3,2.0,#64748b,5
work_order:JS202202240083,work_order:JS202202240083,工单 JS202202240083,,work_order,救援工单,,local:2025年200台电梯困人工单数据.xlsx,,,,1,12.0,#64748b,5
work_order:JS202202250086,work_order:JS202202250086,工单 JS202202250086,,work_order,救援工单,,local:2025年200台电梯困人工单数据.xlsx,,,,1,16.0,#64748b,5
work_order:JS202202260013,work_order:JS202202260013,工单 JS202202260013,,work_order,救援工单,,local:2025年200台电梯困人工单数据.xlsx,,,,1,17.0,#64748b,5
work_order:JS202202260133,work_order:JS202202260133,工单 JS202202260133,,work_order,救援工单,,local:2025年200台电梯困人工单数据.xlsx,,,,1,14.0,#64748b,5
work_order:JS202202270105,work_order:JS202202270105,工单 JS202202270105,,work_order,救援工单,,local:2025年200台电梯困人工单数据.xlsx,,,,1,6.0,#64748b,5
work_order:JS202202280155,work_order:JS202202280155,工单 JS202202280155,,work_order,救援工单,,local:2025年200台电梯困人工单数据.xlsx,,,,2,35.0,#64748b,5
work_order:JS202203010078,work_order:JS202203010078,工单 JS202203010078,,work_order,救援工单,,local:2025年200台电梯困人工单数据.xlsx,,,,1,1.0,#64748b,5
work_order:JS202203020076,work_order:JS202203020076,工单 JS202203020076,,work_order,救援工单,,local:2025年200台电梯困人工单数据.xlsx,,,,1,18.0,#64748b,5
work_order:JS202203030013,work_order:JS202203030013,工单 JS202203030013,,work_order,救援工单,,local:2025年200台电梯困人工单数据.xlsx,,,,1,14.0,#64748b,5
work_order:JS202203040018,work_order:JS202203040018,工单 JS202203040018,,work_order,救援工单,,local:2025年200台电梯困人工单数据.xlsx,,,,1,8.0,#64748b,5
work_order:JS202203040103,work_order:JS202203040103,工单 JS202203040103,,work_order,救援工单,,local:2025年200台电梯困人工单数据.xlsx,,,,1,22.0,#64748b,5
work_order:JS202203050053,work_order:JS202203050053,工单 JS202203050053,,work_order,救援工单,,local:2025年200台电梯困人工单数据.xlsx,,,,1,8.0,#64748b,5
work_order:JS202203050098,work_order:JS202203050098,工单 JS202203050098,,work_order,救援工单,,local:2025年200台电梯困人工单数据.xlsx,,,,1,2.0,#64748b,5
work_order:JS202203050100,work_order:JS202203050100,工单 JS202203050100,,work_order,救援工单,,local:2025年200台电梯困人工单数据.xlsx,,,,1,15.0,#64748b,5
work_order:JS202203070028,work_order:JS202203070028,工单 JS202203070028,,work_order,救援工单,,local:2025年200台电梯困人工单数据.xlsx,,,,1,14.0,#64748b,5
work_order:JS202203080009,work_order:JS202203080009,工单 JS202203080009,,work_order,救援工单,,local:2025年200台电梯困人工单数据.xlsx,,,,1,4.0,#64748b,5
work_order:JS202203080102,work_order:JS202203080102,工单 JS202203080102,,work_order,救援工单,,local:2025年200台电梯困人工单数据.xlsx,,,,2,10.0,#64748b,5
work_order:JS202203090012,work_order:JS202203090012,工单 JS202203090012,,work_order,救援工单,,local:2025年200台电梯困人工单数据.xlsx,,,,1,16.0,#64748b,5
work_order:JS202203100010,work_order:JS202203100010,工单 JS202203100010,,work_order,救援工单,,local:2025年200台电梯困人工单数据.xlsx,,,,1,-13.0,#64748b,5
work_order:JS202203100083,work_order:JS202203100083,工单 JS202203100083,,work_order,救援工单,,local:2025年200台电梯困人工单数据.xlsx,,,,1,11.0,#64748b,5
work_order:JS202203100123,work_order:JS202203100123,工单 JS202203100123,,work_order,救援工单,,local:2025年200台电梯困人工单数据.xlsx,,,,1,13.0,#64748b,5
work_order:JS202203110122,work_order:JS202203110122,工单 JS202203110122,,work_order,救援工单,,local:2025年200台电梯困人工单数据.xlsx,,,,2,17.0,#64748b,5
work_order:JS202203120073,work_order:JS202203120073,工单 JS202203120073,,work_order,救援工单,,local:2025年200台电梯困人工单数据.xlsx,,,,1,19.0,#64748b,5
work_order:JS202203130007,work_order:JS202203130007,工单 JS202203130007,,work_order,救援工单,,local:2025年200台电梯困人工单数据.xlsx,,,,1,13.0,#64748b,5
work_order:JS202203160033,work_order:JS202203160033,工单 JS202203160033,,work_order,救援工单,,local:2025年200台电梯困人工单数据.xlsx,,,,1,7.0,#64748b,5
work_order:JS202203160076,work_order:JS202203160076,工单 JS202203160076,,work_order,救援工单,,local:2025年200台电梯困人工单数据.xlsx,,,,1,5.0,#64748b,5
work_order:JS202203180101,work_order:JS202203180101,工单 JS202203180101,,work_order,救援工单,,local:2025年200台电梯困人工单数据.xlsx,,,,1,15.0,#64748b,5
work_order:JS202203200066,work_order:JS202203200066,工单 JS202203200066,,work_order,救援工单,,local:2025年200台电梯困人工单数据.xlsx,,,,1,17.0,#64748b,5
work_order:JS202203210068,work_order:JS202203210068,工单 JS202203210068,,work_order,救援工单,,local:2025年200台电梯困人工单数据.xlsx,,,,1,8.0,#64748b,5
work_order:JS202203220073,work_order:JS202203220073,工单 JS202203220073,,work_order,救援工单,,local:2025年200台电梯困人工单数据.xlsx,,,,1,0.0,#64748b,5
work_order:JS202203230066,work_order:JS202203230066,工单 JS202203230066,,work_order,救援工单,,local:2025年200台电梯困人工单数据.xlsx,,,,1,14.0,#64748b,5
work_order:JS202203240086,work_order:JS202203240086,工单 JS202203240086,,work_order,救援工单,,local:2025年200台电梯困人工单数据.xlsx,,,,1,9.0,#64748b,5
work_order:JS202203250097,work_order:JS202203250097,工单 JS202203250097,,work_order,救援工单,,local:2025年200台电梯困人工单数据.xlsx,,,,1,13.0,#64748b,5
work_order:JS202203260055,work_order:JS202203260055,工单 JS202203260055,,work_order,救援工单,,local:2025年200台电梯困人工单数据.xlsx,,,,1,1.0,#64748b,5
work_order:JS202203260082,work_order:JS202203260082,工单 JS202203260082,,work_order,救援工单,,local:2025年200台电梯困人工单数据.xlsx,,,,1,-1.0,#64748b,5
work_order:JS202203270022,work_order:JS202203270022,工单 JS202203270022,,work_order,救援工单,,local:2025年200台电梯困人工单数据.xlsx,,,,1,5.0,#64748b,5
work_order:JS202203270041,work_order:JS202203270041,工单 JS202203270041,,work_order,救援工单,,local:2025年200台电梯困人工单数据.xlsx,,,,1,18.0,#64748b,5
work_order:JS202203280066,work_order:JS202203280066,工单 JS202203280066,,work_order,救援工单,,local:2025年200台电梯困人工单数据.xlsx,,,,1,5.0,#64748b,5
work_order:JS202203310022,work_order:JS202203310022,工单 JS202203310022,,work_order,救援工单,,local:2025年200台电梯困人工单数据.xlsx,,,,1,11.0,#64748b,5
work_order:JS202203310025,work_order:JS202203310025,工单 JS202203310025,,work_order,救援工单,,local:2025年200台电梯困人工单数据.xlsx,,,,1,3.0,#64748b,5
work_order:JS202203310066,work_order:JS202203310066,工单 JS202203310066,,work_order,救援工单,,local:2025年200台电梯困人工单数据.xlsx,,,,2,,#64748b,5
work_order:JS202204030065,work_order:JS202204030065,工单 JS202204030065,,work_order,救援工单,,local:2025年200台电梯困人工单数据.xlsx,,,,1,19.0,#64748b,5
work_order:JS202204040029,work_order:JS202204040029,工单 JS202204040029,,work_order,救援工单,,local:2025年200台电梯困人工单数据.xlsx,,,,1,8.0,#64748b,5
work_order:JS202204050081,work_order:JS202204050081,工单 JS202204050081,,work_order,救援工单,,local:2025年200台电梯困人工单数据.xlsx,,,,1,23.0,#64748b,5
work_order:JS202204090037,work_order:JS202204090037,工单 JS202204090037,,work_order,救援工单,,local:2025年200台电梯困人工单数据.xlsx,,,,1,15.0,#64748b,5
work_order:JS202204110014,work_order:JS202204110014,工单 JS202204110014,,work_order,救援工单,,local:2025年200台电梯困人工单数据.xlsx,,,,1,45.0,#64748b,5
work_order:JS202204110097,work_order:JS202204110097,工单 JS202204110097,,work_order,救援工单,,local:2025年200台电梯困人工单数据.xlsx,,,,1,19.0,#64748b,5
work_order:JS202204120097,work_order:JS202204120097,工单 JS202204120097,,work_order,救援工单,,local:2025年200台电梯困人工单数据.xlsx,,,,1,10.0,#64748b,5
work_order:JS202204130017,work_order:JS202204130017,工单 JS202204130017,,work_order,救援工单,,local:2025年200台电梯困人工单数据.xlsx,,,,1,7.0,#64748b,5
work_order:JS202204140011,work_order:JS202204140011,工单 JS202204140011,,work_order,救援工单,,local:2025年200台电梯困人工单数据.xlsx,,,,1,16.0,#64748b,5
work_order:JS202204140055,work_order:JS202204140055,工单 JS202204140055,,work_order,救援工单,,local:2025年200台电梯困人工单数据.xlsx,,,,1,20.0,#64748b,5
work_order:JS202204140058,work_order:JS202204140058,工单 JS202204140058,,work_order,救援工单,,local:2025年200台电梯困人工单数据.xlsx,,,,1,13.0,#64748b,5
work_order:JS202204160054,work_order:JS202204160054,工单 JS202204160054,,work_order,救援工单,,local:2025年200台电梯困人工单数据.xlsx,,,,1,23.0,#64748b,5
work_order:JS202204180001,work_order:JS202204180001,工单 JS202204180001,,work_order,救援工单,,local:2025年200台电梯困人工单数据.xlsx,,,,1,10.0,#64748b,5
work_order:JS202204180044,work_order:JS202204180044,工单 JS202204180044,,work_order,救援工单,,local:2025年200台电梯困人工单数据.xlsx,,,,1,3.0,#64748b,5
work_order:JS202204180048,work_order:JS202204180048,工单 JS202204180048,,work_order,救援工单,,local:2025年200台电梯困人工单数据.xlsx,,,,1,17.0,#64748b,5
work_order:JS202204190075,work_order:JS202204190075,工单 JS202204190075,,work_order,救援工单,,local:2025年200台电梯困人工单数据.xlsx,,,,1,10.0,#64748b,5
work_order:JS202204200065,work_order:JS202204200065,工单 JS202204200065,,work_order,救援工单,,local:2025年200台电梯困人工单数据.xlsx,,,,1,9.0,#64748b,5
work_order:JS202204210078,work_order:JS202204210078,工单 JS202204210078,,work_order,救援工单,,local:2025年200台电梯困人工单数据.xlsx,,,,1,5.0,#64748b,5
work_order:JS202204210084,work_order:JS202204210084,工单 JS202204210084,,work_order,救援工单,,local:2025年200台电梯困人工单数据.xlsx,,,,1,5.0,#64748b,5
work_order:JS202204220011,work_order:JS202204220011,工单 JS202204220011,,work_order,救援工单,,local:2025年200台电梯困人工单数据.xlsx,,,,1,6.0,#64748b,5
work_order:JS202204220101,work_order:JS202204220101,工单 JS202204220101,,work_order,救援工单,,local:2025年200台电梯困人工单数据.xlsx,,,,1,15.0,#64748b,5
work_order:JS202204240096,work_order:JS202204240096,工单 JS202204240096,,work_order,救援工单,,local:2025年200台电梯困人工单数据.xlsx,,,,1,28.0,#64748b,5
work_order:JS202204260096,work_order:JS202204260096,工单 JS202204260096,,work_order,救援工单,,local:2025年200台电梯困人工单数据.xlsx,,,,1,13.0,#64748b,5
work_order:JS202205010058,work_order:JS202205010058,工单 JS202205010058,,work_order,救援工单,,local:2025年200台电梯困人工单数据.xlsx,,,,1,13.0,#64748b,5
work_order:JS202205060073,work_order:JS202205060073,工单 JS202205060073,,work_order,救援工单,,local:2025年200台电梯困人工单数据.xlsx,,,,1,13.0,#64748b,5
work_order:JS202205070016,work_order:JS202205070016,工单 JS202205070016,,work_order,救援工单,,local:2025年200台电梯困人工单数据.xlsx,,,,1,17.0,#64748b,5
work_order:JS202205080017,work_order:JS202205080017,工单 JS202205080017,,work_order,救援工单,,local:2025年200台电梯困人工单数据.xlsx,,,,3,7.0,#64748b,5
work_order:JS202205080100,work_order:JS202205080100,工单 JS202205080100,,work_order,救援工单,,local:2025年200台电梯困人工单数据.xlsx,,,,2,15.0,#64748b,5
work_order:JS202205090036,work_order:JS202205090036,工单 JS202205090036,,work_order,救援工单,,local:2025年200台电梯困人工单数据.xlsx,,,,1,3.0,#64748b,5
work_order:JS202205090068,work_order:JS202205090068,工单 JS202205090068,,work_order,救援工单,,local:2025年200台电梯困人工单数据.xlsx,,,,1,4.0,#64748b,5
work_order:JS202205110037,work_order:JS202205110037,工单 JS202205110037,,work_order,救援工单,,local:2025年200台电梯困人工单数据.xlsx,,,,1,11.0,#64748b,5
work_order:JS202205150024,work_order:JS202205150024,工单 JS202205150024,,work_order,救援工单,,local:2025年200台电梯困人工单数据.xlsx,,,,2,17.0,#64748b,5
work_order:JS202205150114,work_order:JS202205150114,工单 JS202205150114,,work_order,救援工单,,local:2025年200台电梯困人工单数据.xlsx,,,,1,21.0,#64748b,5
work_order:JS202205160008,work_order:JS202205160008,工单 JS202205160008,,work_order,救援工单,,local:2025年200台电梯困人工单数据.xlsx,,,,1,8.0,#64748b,5
work_order:JS202205160022,work_order:JS202205160022,工单 JS202205160022,,work_order,救援工单,,local:2025年200台电梯困人工单数据.xlsx,,,,4,11.0,#64748b,5
work_order:JS202205160079,work_order:JS202205160079,工单 JS202205160079,,work_order,救援工单,,local:2025年200台电梯困人工单数据.xlsx,,,,1,13.0,#64748b,5
work_order:JS202205170127,work_order:JS202205170127,工单 JS202205170127,,work_order,救援工单,,local:2025年200台电梯困人工单数据.xlsx,,,,1,19.0,#64748b,5
work_order:JS202205180057,work_order:JS202205180057,工单 JS202205180057,,work_order,救援工单,,local:2025年200台电梯困人工单数据.xlsx,,,,1,7.0,#64748b,5
work_order:JS202205190028,work_order:JS202205190028,工单 JS202205190028,,work_order,救援工单,,local:2025年200台电梯困人工单数据.xlsx,,,,1,21.0,#64748b,5
work_order:JS202205200080,work_order:JS202205200080,工单 JS202205200080,,work_order,救援工单,,local:2025年200台电梯困人工单数据.xlsx,,,,3,8.0,#64748b,5
work_order:JS202205200130,work_order:JS202205200130,工单 JS202205200130,,work_order,救援工单,,local:2025年200台电梯困人工单数据.xlsx,,,,1,13.0,#64748b,5
work_order:JS202205210027,work_order:JS202205210027,工单 JS202205210027,,work_order,救援工单,,local:2025年200台电梯困人工单数据.xlsx,,,,1,5.0,#64748b,5
work_order:JS202205220103,work_order:JS202205220103,工单 JS202205220103,,work_order,救援工单,,local:2025年200台电梯困人工单数据.xlsx,,,,2,17.0,#64748b,5
work_order:JS202205280083,work_order:JS202205280083,工单 JS202205280083,,work_order,救援工单,,local:2025年200台电梯困人工单数据.xlsx,,,,1,9.0,#64748b,5
work_order:JS202205280127,work_order:JS202205280127,工单 JS202205280127,,work_order,救援工单,,local:2025年200台电梯困人工单数据.xlsx,,,,2,8.0,#64748b,5
work_order:JS202205280134,work_order:JS202205280134,工单 JS202205280134,,work_order,救援工单,,local:2025年200台电梯困人工单数据.xlsx,,,,1,24.0,#64748b,5
work_order:JS202205280137,work_order:JS202205280137,工单 JS202205280137,,work_order,救援工单,,local:2025年200台电梯困人工单数据.xlsx,,,,1,23.0,#64748b,5
work_order:JS202205300036,work_order:JS202205300036,工单 JS202205300036,,work_order,救援工单,,local:2025年200台电梯困人工单数据.xlsx,,,,1,4.0,#64748b,5
work_order:JS202205300091,work_order:JS202205300091,工单 JS202205300091,,work_order,救援工单,,local:2025年200台电梯困人工单数据.xlsx,,,,1,5.0,#64748b,5
work_order:JS202205310021,work_order:JS202205310021,工单 JS202205310021,,work_order,救援工单,,local:2025年200台电梯困人工单数据.xlsx,,,,1,16.0,#64748b,5
work_order:JS202205310023,work_order:JS202205310023,工单 JS202205310023,,work_order,救援工单,,local:2025年200台电梯困人工单数据.xlsx,,,,1,29.0,#64748b,5
work_order:JS202205310040,work_order:JS202205310040,工单 JS202205310040,,work_order,救援工单,,local:2025年200台电梯困人工单数据.xlsx,,,,11,11.0,#64748b,5
work_order:JS202206010084,work_order:JS202206010084,工单 JS202206010084,,work_order,救援工单,,local:2025年200台电梯困人工单数据.xlsx,,,,1,14.0,#64748b,5
work_order:JS202206020078,work_order:JS202206020078,工单 JS202206020078,,work_order,救援工单,,local:2025年200台电梯困人工单数据.xlsx,,,,1,17.0,#64748b,5
work_order:JS202206020086,work_order:JS202206020086,工单 JS202206020086,,work_order,救援工单,,local:2025年200台电梯困人工单数据.xlsx,,,,1,7.0,#64748b,5
work_order:JS202206020143,work_order:JS202206020143,工单 JS202206020143,,work_order,救援工单,,local:2025年200台电梯困人工单数据.xlsx,,,,1,19.0,#64748b,5
work_order:JS202206020159,work_order:JS202206020159,工单 JS202206020159,,work_order,救援工单,,local:2025年200台电梯困人工单数据.xlsx,,,,1,9.0,#64748b,5
work_order:JS202206020173,work_order:JS202206020173,工单 JS202206020173,,work_order,救援工单,,local:2025年200台电梯困人工单数据.xlsx,,,,1,4.0,#64748b,5
work_order:JS202206030127,work_order:JS202206030127,工单 JS202206030127,,work_order,救援工单,,local:2025年200台电梯困人工单数据.xlsx,,,,3,4.0,#64748b,5
work_order:JS202206050111,work_order:JS202206050111,工单 JS202206050111,,work_order,救援工单,,local:2025年200台电梯困人工单数据.xlsx,,,,1,11.0,#64748b,5
work_order:JS202206060031,work_order:JS202206060031,工单 JS202206060031,,work_order,救援工单,,local:2025年200台电梯困人工单数据.xlsx,,,,7,15.0,#64748b,5
work_order:JS202206060141,work_order:JS202206060141,工单 JS202206060141,,work_order,救援工单,,local:2025年200台电梯困人工单数据.xlsx,,,,2,10.0,#64748b,5
work_order:JS202206060191,work_order:JS202206060191,工单 JS202206060191,,work_order,救援工单,,local:2025年200台电梯困人工单数据.xlsx,,,,3,16.0,#64748b,5
work_order:JS202206070039,work_order:JS202206070039,工单 JS202206070039,,work_order,救援工单,,local:2025年200台电梯困人工单数据.xlsx,,,,1,20.0,#64748b,5
work_order:JS202206110041,work_order:JS202206110041,工单 JS202206110041,,work_order,救援工单,,local:2025年200台电梯困人工单数据.xlsx,,,,1,5.0,#64748b,5
work_order:JS202206110066,work_order:JS202206110066,工单 JS202206110066,,work_order,救援工单,,local:2025年200台电梯困人工单数据.xlsx,,,,1,14.0,#64748b,5
work_order:JS202206120065,work_order:JS202206120065,工单 JS202206120065,,work_order,救援工单,,local:2025年200台电梯困人工单数据.xlsx,,,,1,9.0,#64748b,5
work_order:JS202206120092,work_order:JS202206120092,工单 JS202206120092,,work_order,救援工单,,local:2025年200台电梯困人工单数据.xlsx,,,,1,12.0,#64748b,5
work_order:JS202206150131,work_order:JS202206150131,工单 JS202206150131,,work_order,救援工单,,local:2025年200台电梯困人工单数据.xlsx,,,,1,24.0,#64748b,5
work_order:JS202206150133,work_order:JS202206150133,工单 JS202206150133,,work_order,救援工单,,local:2025年200台电梯困人工单数据.xlsx,,,,1,10.0,#64748b,5
work_order:JS202206160014,work_order:JS202206160014,工单 JS202206160014,,work_order,救援工单,,local:2025年200台电梯困人工单数据.xlsx,,,,1,18.0,#64748b,5
work_order:JS202206170071,work_order:JS202206170071,工单 JS202206170071,,work_order,救援工单,,local:2025年200台电梯困人工单数据.xlsx,,,,1,9.0,#64748b,5
work_order:JS202206170131,work_order:JS202206170131,工单 JS202206170131,,work_order,救援工单,,local:2025年200台电梯困人工单数据.xlsx,,,,1,3.0,#64748b,5
work_order:JS202206190162,work_order:JS202206190162,工单 JS202206190162,,work_order,救援工单,,local:2025年200台电梯困人工单数据.xlsx,,,,1,24.0,#64748b,5
work_order:JS202206200089,work_order:JS202206200089,工单 JS202206200089,,work_order,救援工单,,local:2025年200台电梯困人工单数据.xlsx,,,,1,18.0,#64748b,5
work_order:JS202206200135,work_order:JS202206200135,工单 JS202206200135,,work_order,救援工单,,local:2025年200台电梯困人工单数据.xlsx,,,,1,13.0,#64748b,5
work_order:JS202206210089,work_order:JS202206210089,工单 JS202206210089,,work_order,救援工单,,local:2025年200台电梯困人工单数据.xlsx,,,,1,14.0,#64748b,5
work_order:JS202206220096,work_order:JS202206220096,工单 JS202206220096,,work_order,救援工单,,local:2025年200台电梯困人工单数据.xlsx,,,,1,13.0,#64748b,5
work_order:JS202206220105,work_order:JS202206220105,工单 JS202206220105,,work_order,救援工单,,local:2025年200台电梯困人工单数据.xlsx,,,,1,7.0,#64748b,5
work_order:JS202206230017,work_order:JS202206230017,工单 JS202206230017,,work_order,救援工单,,local:2025年200台电梯困人工单数据.xlsx,,,,1,17.0,#64748b,5
work_order:JS202206230057,work_order:JS202206230057,工单 JS202206230057,,work_order,救援工单,,local:2025年200台电梯困人工单数据.xlsx,,,,1,19.0,#64748b,5
work_order:JS202206230084,work_order:JS202206230084,工单 JS202206230084,,work_order,救援工单,,local:2025年200台电梯困人工单数据.xlsx,,,,2,8.0,#64748b,5
work_order:JS202206240019,work_order:JS202206240019,工单 JS202206240019,,work_order,救援工单,,local:2025年200台电梯困人工单数据.xlsx,,,,1,15.0,#64748b,5
work_order:JS202206260055,work_order:JS202206260055,工单 JS202206260055,,work_order,救援工单,,local:2025年200台电梯困人工单数据.xlsx,,,,1,7.0,#64748b,5
work_order:JS202206270057,work_order:JS202206270057,工单 JS202206270057,,work_order,救援工单,,local:2025年200台电梯困人工单数据.xlsx,,,,1,25.0,#64748b,5
work_order:JS202206280025,work_order:JS202206280025,工单 JS202206280025,,work_order,救援工单,,local:2025年200台电梯困人工单数据.xlsx,,,,1,13.0,#64748b,5
work_order:JS202206280028,work_order:JS202206280028,工单 JS202206280028,,work_order,救援工单,,local:2025年200台电梯困人工单数据.xlsx,,,,1,1.0,#64748b,5
work_order:JS202206280080,work_order:JS202206280080,工单 JS202206280080,,work_order,救援工单,,local:2025年200台电梯困人工单数据.xlsx,,,,1,13.0,#64748b,5
work_order:JS202206280107,work_order:JS202206280107,工单 JS202206280107,,work_order,救援工单,,local:2025年200台电梯困人工单数据.xlsx,,,,1,19.0,#64748b,5
work_order:JS202206280125,work_order:JS202206280125,工单 JS202206280125,,work_order,救援工单,,local:2025年200台电梯困人工单数据.xlsx,,,,1,13.0,#64748b,5
work_order:JS202206290060,work_order:JS202206290060,工单 JS202206290060,,work_order,救援工单,,local:2025年200台电梯困人工单数据.xlsx,,,,1,7.0,#64748b,5
work_order:JS202206300042,work_order:JS202206300042,工单 JS202206300042,,work_order,救援工单,,local:2025年200台电梯困人工单数据.xlsx,,,,1,12.0,#64748b,5
work_order:JS202207010053,work_order:JS202207010053,工单 JS202207010053,,work_order,救援工单,,local:2025年200台电梯困人工单数据.xlsx,,,,1,8.0,#64748b,5
work_order:JS202207030114,work_order:JS202207030114,工单 JS202207030114,,work_order,救援工单,,local:2025年200台电梯困人工单数据.xlsx,,,,1,4.0,#64748b,5
work_order:JS202207030132,work_order:JS202207030132,工单 JS202207030132,,work_order,救援工单,,local:2025年200台电梯困人工单数据.xlsx,,,,1,10.0,#64748b,5
work_order:JS202207040063,work_order:JS202207040063,工单 JS202207040063,,work_order,救援工单,,local:2025年200台电梯困人工单数据.xlsx,,,,1,14.0,#64748b,5
work_order:JS202207040076,work_order:JS202207040076,工单 JS202207040076,,work_order,救援工单,,local:2025年200台电梯困人工单数据.xlsx,,,,1,3.0,#64748b,5
work_order:JS202207040095,work_order:JS202207040095,工单 JS202207040095,,work_order,救援工单,,local:2025年200台电梯困人工单数据.xlsx,,,,5,23.0,#64748b,5
work_order:JS202207040128,work_order:JS202207040128,工单 JS202207040128,,work_order,救援工单,,local:2025年200台电梯困人工单数据.xlsx,,,,1,14.0,#64748b,5
work_order:JS202207050162,work_order:JS202207050162,工单 JS202207050162,,work_order,救援工单,,local:2025年200台电梯困人工单数据.xlsx,,,,1,16.0,#64748b,5
work_order:JS202207070100,work_order:JS202207070100,工单 JS202207070100,,work_order,救援工单,,local:2025年200台电梯困人工单数据.xlsx,,,,4,10.0,#64748b,5
work_order:JS202207080062,work_order:JS202207080062,工单 JS202207080062,,work_order,救援工单,,local:2025年200台电梯困人工单数据.xlsx,,,,1,15.0,#64748b,5
work_order:JS202207090056,work_order:JS202207090056,工单 JS202207090056,,work_order,救援工单,,local:2025年200台电梯困人工单数据.xlsx,,,,3,2.0,#64748b,5
work_order:JS202207090059,work_order:JS202207090059,工单 JS202207090059,,work_order,救援工单,,local:2025年200台电梯困人工单数据.xlsx,,,,2,4.0,#64748b,5
work_order:JS202207100042,work_order:JS202207100042,工单 JS202207100042,,work_order,救援工单,,local:2025年200台电梯困人工单数据.xlsx,,,,1,22.0,#64748b,5
work_order:JS202207100050,work_order:JS202207100050,工单 JS202207100050,,work_order,救援工单,,local:2025年200台电梯困人工单数据.xlsx,,,,4,5.0,#64748b,5
work_order:JS202207110019,work_order:JS202207110019,工单 JS202207110019,,work_order,救援工单,,local:2025年200台电梯困人工单数据.xlsx,,,,1,9.0,#64748b,5
work_order:JS202207110094,work_order:JS202207110094,工单 JS202207110094,,work_order,救援工单,,local:2025年200台电梯困人工单数据.xlsx,,,,1,3.0,#64748b,5
work_order:JS202207150019,work_order:JS202207150019,工单 JS202207150019,,work_order,救援工单,,local:2025年200台电梯困人工单数据.xlsx,,,,1,11.0,#64748b,5
work_order:JS202207150064,work_order:JS202207150064,工单 JS202207150064,,work_order,救援工单,,local:2025年200台电梯困人工单数据.xlsx,,,,1,1.0,#64748b,5
work_order:JS202207150181,work_order:JS202207150181,工单 JS202207150181,,work_order,救援工单,,local:2025年200台电梯困人工单数据.xlsx,,,,1,12.0,#64748b,5
work_order:JS202207160040,work_order:JS202207160040,工单 JS202207160040,,work_order,救援工单,,local:2025年200台电梯困人工单数据.xlsx,,,,1,4.0,#64748b,5
work_order:JS202207160153,work_order:JS202207160153,工单 JS202207160153,,work_order,救援工单,,local:2025年200台电梯困人工单数据.xlsx,,,,1,7.0,#64748b,5
work_order:JS202207170038,work_order:JS202207170038,工单 JS202207170038,,work_order,救援工单,,local:2025年200台电梯困人工单数据.xlsx,,,,1,16.0,#64748b,5
work_order:JS202207170150,work_order:JS202207170150,工单 JS202207170150,,work_order,救援工单,,local:2025年200台电梯困人工单数据.xlsx,,,,1,20.0,#64748b,5
work_order:JS202207180094,work_order:JS202207180094,工单 JS202207180094,,work_order,救援工单,,local:2025年200台电梯困人工单数据.xlsx,,,,12,14.0,#64748b,5
work_order:JS202207190094,work_order:JS202207190094,工单 JS202207190094,,work_order,救援工单,,local:2025年200台电梯困人工单数据.xlsx,,,,1,1.0,#64748b,5
work_order:JS202207200089,work_order:JS202207200089,工单 JS202207200089,,work_order,救援工单,,local:2025年200台电梯困人工单数据.xlsx,,,,1,16.0,#64748b,5
work_order:JS202207210056,work_order:JS202207210056,工单 JS202207210056,,work_order,救援工单,,local:2025年200台电梯困人工单数据.xlsx,,,,1,5.0,#64748b,5
work_order:JS202207220027,work_order:JS202207220027,工单 JS202207220027,,work_order,救援工单,,local:2025年200台电梯困人工单数据.xlsx,,,,1,18.0,#64748b,5
work_order:JS202207230015,work_order:JS202207230015,工单 JS202207230015,,work_order,救援工单,,local:2025年200台电梯困人工单数据.xlsx,,,,1,15.0,#64748b,5
work_order:JS202207230045,work_order:JS202207230045,工单 JS202207230045,,work_order,救援工单,,local:2025年200台电梯困人工单数据.xlsx,,,,3,13.0,#64748b,5
work_order:JS202207250012,work_order:JS202207250012,工单 JS202207250012,,work_order,救援工单,,local:2025年200台电梯困人工单数据.xlsx,,,,1,5.0,#64748b,5
work_order:JS202207250015,work_order:JS202207250015,工单 JS202207250015,,work_order,救援工单,,local:2025年200台电梯困人工单数据.xlsx,,,,8,12.0,#64748b,5
work_order:JS202207260037,work_order:JS202207260037,工单 JS202207260037,,work_order,救援工单,,local:2025年200台电梯困人工单数据.xlsx,,,,1,12.0,#64748b,5
work_order:JS202207270019,work_order:JS202207270019,工单 JS202207270019,,work_order,救援工单,,local:2025年200台电梯困人工单数据.xlsx,,,,2,12.0,#64748b,5
work_order:JS202207300016,work_order:JS202207300016,工单 JS202207300016,,work_order,救援工单,,local:2025年200台电梯困人工单数据.xlsx,,,,1,30.0,#64748b,5
work_order:JS202207300064,work_order:JS202207300064,工单 JS202207300064,,work_order,救援工单,,local:2025年200台电梯困人工单数据.xlsx,,,,1,6.0,#64748b,5
work_order:JS202207300167,work_order:JS202207300167,工单 JS202207300167,,work_order,救援工单,,local:2025年200台电梯困人工单数据.xlsx,,,,3,10.0,#64748b,5
work_order:JS202208020154,work_order:JS202208020154,工单 JS202208020154,,work_order,救援工单,,local:2025年200台电梯困人工单数据.xlsx,,,,1,4.0,#64748b,5
work_order:JS202208030078,work_order:JS202208030078,工单 JS202208030078,,work_order,救援工单,,local:2025年200台电梯困人工单数据.xlsx,,,,1,2.0,#64748b,5
work_order:JS202208050007,work_order:JS202208050007,工单 JS202208050007,,work_order,救援工单,,local:2025年200台电梯困人工单数据.xlsx,,,,1,13.0,#64748b,5
work_order:JS202208050069,work_order:JS202208050069,工单 JS202208050069,,work_order,救援工单,,local:2025年200台电梯困人工单数据.xlsx,,,,1,12.0,#64748b,5
work_order:JS202208050136,work_order:JS202208050136,工单 JS202208050136,,work_order,救援工单,,local:2025年200台电梯困人工单数据.xlsx,,,,2,4.0,#64748b,5
work_order:JS202208050151,work_order:JS202208050151,工单 JS202208050151,,work_order,救援工单,,local:2025年200台电梯困人工单数据.xlsx,,,,1,17.0,#64748b,5
work_order:JS202208060046,work_order:JS202208060046,工单 JS202208060046,,work_order,救援工单,,local:2025年200台电梯困人工单数据.xlsx,,,,12,16.0,#64748b,5
work_order:JS202208060088,work_order:JS202208060088,工单 JS202208060088,,work_order,救援工单,,local:2025年200台电梯困人工单数据.xlsx,,,,1,7.0,#64748b,5
work_order:JS202208080001,work_order:JS202208080001,工单 JS202208080001,,work_order,救援工单,,local:2025年200台电梯困人工单数据.xlsx,,,,1,14.0,#64748b,5
work_order:JS202208080008,work_order:JS202208080008,工单 JS202208080008,,work_order,救援工单,,local:2025年200台电梯困人工单数据.xlsx,,,,3,10.0,#64748b,5
work_order:JS202208080058,work_order:JS202208080058,工单 JS202208080058,,work_order,救援工单,,local:2025年200台电梯困人工单数据.xlsx,,,,1,8.0,#64748b,5
work_order:JS202208080127,work_order:JS202208080127,工单 JS202208080127,,work_order,救援工单,,local:2025年200台电梯困人工单数据.xlsx,,,,1,1.0,#64748b,5
work_order:JS202208080131,work_order:JS202208080131,工单 JS202208080131,,work_order,救援工单,,local:2025年200台电梯困人工单数据.xlsx,,,,1,6.0,#64748b,5
work_order:JS202208090128,work_order:JS202208090128,工单 JS202208090128,,work_order,救援工单,,local:2025年200台电梯困人工单数据.xlsx,,,,1,15.0,#64748b,5
work_order:JS202208110035,work_order:JS202208110035,工单 JS202208110035,,work_order,救援工单,,local:2025年200台电梯困人工单数据.xlsx,,,,1,19.0,#64748b,5
work_order:JS202208110083,work_order:JS202208110083,工单 JS202208110083,,work_order,救援工单,,local:2025年200台电梯困人工单数据.xlsx,,,,1,6.0,#64748b,5
work_order:JS202208120141,work_order:JS202208120141,工单 JS202208120141,,work_order,救援工单,,local:2025年200台电梯困人工单数据.xlsx,,,,1,19.0,#64748b,5
work_order:JS202208130123,work_order:JS202208130123,工单 JS202208130123,,work_order,救援工单,,local:2025年200台电梯困人工单数据.xlsx,,,,1,5.0,#64748b,5
work_order:JS202208150041,work_order:JS202208150041,工单 JS202208150041,,work_order,救援工单,,local:2025年200台电梯困人工单数据.xlsx,,,,1,6.0,#64748b,5
work_order:JS202208150049,work_order:JS202208150049,工单 JS202208150049,,work_order,救援工单,,local:2025年200台电梯困人工单数据.xlsx,,,,1,5.0,#64748b,5
work_order:JS202208150167,work_order:JS202208150167,工单 JS202208150167,,work_order,救援工单,,local:2025年200台电梯困人工单数据.xlsx,,,,1,10.0,#64748b,5
work_order:JS202208160006,work_order:JS202208160006,工单 JS202208160006,,work_order,救援工单,,local:2025年200台电梯困人工单数据.xlsx,,,,1,12.0,#64748b,5
work_order:JS202208160031,work_order:JS202208160031,工单 JS202208160031,,work_order,救援工单,,local:2025年200台电梯困人工单数据.xlsx,,,,1,8.0,#64748b,5
work_order:JS202208170121,work_order:JS202208170121,工单 JS202208170121,,work_order,救援工单,,local:2025年200台电梯困人工单数据.xlsx,,,,1,10.0,#64748b,5
work_order:JS202208200060,work_order:JS202208200060,工单 JS202208200060,,work_order,救援工单,,local:2025年200台电梯困人工单数据.xlsx,,,,2,11.0,#64748b,5
work_order:JS202208200105,work_order:JS202208200105,工单 JS202208200105,,work_order,救援工单,,local:2025年200台电梯困人工单数据.xlsx,,,,1,5.0,#64748b,5
work_order:JS202208210012,work_order:JS202208210012,工单 JS202208210012,,work_order,救援工单,,local:2025年200台电梯困人工单数据.xlsx,,,,1,4.0,#64748b,5
work_order:JS202208210040,work_order:JS202208210040,工单 JS202208210040,,work_order,救援工单,,local:2025年200台电梯困人工单数据.xlsx,,,,10,19.0,#64748b,5
work_order:JS202208210075,work_order:JS202208210075,工单 JS202208210075,,work_order,救援工单,,local:2025年200台电梯困人工单数据.xlsx,,,,3,20.0,#64748b,5
work_order:JS202208210102,work_order:JS202208210102,工单 JS202208210102,,work_order,救援工单,,local:2025年200台电梯困人工单数据.xlsx,,,,1,2.0,#64748b,5
work_order:JS202208230085,work_order:JS202208230085,工单 JS202208230085,,work_order,救援工单,,local:2025年200台电梯困人工单数据.xlsx,,,,1,0.0,#64748b,5
work_order:JS202208240007,work_order:JS202208240007,工单 JS202208240007,,work_order,救援工单,,local:2025年200台电梯困人工单数据.xlsx,,,,1,13.0,#64748b,5
work_order:JS202208240023,work_order:JS202208240023,工单 JS202208240023,,work_order,救援工单,,local:2025年200台电梯困人工单数据.xlsx,,,,2,17.0,#64748b,5
work_order:JS202208240044,work_order:JS202208240044,工单 JS202208240044,,work_order,救援工单,,local:2025年200台电梯困人工单数据.xlsx,,,,3,19.0,#64748b,5
work_order:JS202208260020,work_order:JS202208260020,工单 JS202208260020,,work_order,救援工单,,local:2025年200台电梯困人工单数据.xlsx,,,,1,3.0,#64748b,5
work_order:JS202208260115,work_order:JS202208260115,工单 JS202208260115,,work_order,救援工单,,local:2025年200台电梯困人工单数据.xlsx,,,,6,5.0,#64748b,5
work_order:JS202208270074,work_order:JS202208270074,工单 JS202208270074,,work_order,救援工单,,local:2025年200台电梯困人工单数据.xlsx,,,,1,16.0,#64748b,5
work_order:JS202208280082,work_order:JS202208280082,工单 JS202208280082,,work_order,救援工单,,local:2025年200台电梯困人工单数据.xlsx,,,,1,15.0,#64748b,5
work_order:JS202208280141,work_order:JS202208280141,工单 JS202208280141,,work_order,救援工单,,local:2025年200台电梯困人工单数据.xlsx,,,,2,5.0,#64748b,5
work_order:JS202208290012,work_order:JS202208290012,工单 JS202208290012,,work_order,救援工单,,local:2025年200台电梯困人工单数据.xlsx,,,,1,5.0,#64748b,5
work_order:JS202208290097,work_order:JS202208290097,工单 JS202208290097,,work_order,救援工单,,local:2025年200台电梯困人工单数据.xlsx,,,,1,1.0,#64748b,5
work_order:JS202208290135,work_order:JS202208290135,工单 JS202208290135,,work_order,救援工单,,local:2025年200台电梯困人工单数据.xlsx,,,,2,6.0,#64748b,5
work_order:JS202209010066,work_order:JS202209010066,工单 JS202209010066,,work_order,救援工单,,local:2025年200台电梯困人工单数据.xlsx,,,,1,12.0,#64748b,5
work_order:JS202209010112,work_order:JS202209010112,工单 JS202209010112,,work_order,救援工单,,local:2025年200台电梯困人工单数据.xlsx,,,,1,8.0,#64748b,5
work_order:JS202209030038,work_order:JS202209030038,工单 JS202209030038,,work_order,救援工单,,local:2025年200台电梯困人工单数据.xlsx,,,,1,5.0,#64748b,5
work_order:JS202209030137,work_order:JS202209030137,工单 JS202209030137,,work_order,救援工单,,local:2025年200台电梯困人工单数据.xlsx,,,,2,3.0,#64748b,5
work_order:JS202209040074,work_order:JS202209040074,工单 JS202209040074,,work_order,救援工单,,local:2025年200台电梯困人工单数据.xlsx,,,,1,10.0,#64748b,5
work_order:JS202209040122,work_order:JS202209040122,工单 JS202209040122,,work_order,救援工单,,local:2025年200台电梯困人工单数据.xlsx,,,,1,7.0,#64748b,5
work_order:JS202209050012,work_order:JS202209050012,工单 JS202209050012,,work_order,救援工单,,local:2025年200台电梯困人工单数据.xlsx,,,,1,1.0,#64748b,5
work_order:JS202209060152,work_order:JS202209060152,工单 JS202209060152,,work_order,救援工单,,local:2025年200台电梯困人工单数据.xlsx,,,,1,15.0,#64748b,5
work_order:JS202209070126,work_order:JS202209070126,工单 JS202209070126,,work_order,救援工单,,local:2025年200台电梯困人工单数据.xlsx,,,,1,25.0,#64748b,5
work_order:JS202209080110,work_order:JS202209080110,工单 JS202209080110,,work_order,救援工单,,local:2025年200台电梯困人工单数据.xlsx,,,,1,4.0,#64748b,5
work_order:JS202209090003,work_order:JS202209090003,工单 JS202209090003,,work_order,救援工单,,local:2025年200台电梯困人工单数据.xlsx,,,,1,1.0,#64748b,5
work_order:JS202209090034,work_order:JS202209090034,工单 JS202209090034,,work_order,救援工单,,local:2025年200台电梯困人工单数据.xlsx,,,,1,1.0,#64748b,5
work_order:JS202209090087,work_order:JS202209090087,工单 JS202209090087,,work_order,救援工单,,local:2025年200台电梯困人工单数据.xlsx,,,,1,2.0,#64748b,5
work_order:JS202209090106,work_order:JS202209090106,工单 JS202209090106,,work_order,救援工单,,local:2025年200台电梯困人工单数据.xlsx,,,,1,22.0,#64748b,5
work_order:JS202209090141,work_order:JS202209090141,工单 JS202209090141,,work_order,救援工单,,local:2025年200台电梯困人工单数据.xlsx,,,,2,4.0,#64748b,5
work_order:JS202209100020,work_order:JS202209100020,工单 JS202209100020,,work_order,救援工单,,local:2025年200台电梯困人工单数据.xlsx,,,,2,8.0,#64748b,5
work_order:JS202209100023,work_order:JS202209100023,工单 JS202209100023,,work_order,救援工单,,local:2025年200台电梯困人工单数据.xlsx,,,,1,12.0,#64748b,5
work_order:JS202209100122,work_order:JS202209100122,工单 JS202209100122,,work_order,救援工单,,local:2025年200台电梯困人工单数据.xlsx,,,,2,17.0,#64748b,5
work_order:JS202209100130,work_order:JS202209100130,工单 JS202209100130,,work_order,救援工单,,local:2025年200台电梯困人工单数据.xlsx,,,,10,18.0,#64748b,5
work_order:JS202209110035,work_order:JS202209110035,工单 JS202209110035,,work_order,救援工单,,local:2025年200台电梯困人工单数据.xlsx,,,,1,13.0,#64748b,5
work_order:JS202209120019,work_order:JS202209120019,工单 JS202209120019,,work_order,救援工单,,local:2025年200台电梯困人工单数据.xlsx,,,,1,2.0,#64748b,5
work_order:JS202209120030,work_order:JS202209120030,工单 JS202209120030,,work_order,救援工单,,local:2025年200台电梯困人工单数据.xlsx,,,,1,8.0,#64748b,5
work_order:JS202209120042,work_order:JS202209120042,工单 JS202209120042,,work_order,救援工单,,local:2025年200台电梯困人工单数据.xlsx,,,,1,8.0,#64748b,5
work_order:JS202209120076,work_order:JS202209120076,工单 JS202209120076,,work_order,救援工单,,local:2025年200台电梯困人工单数据.xlsx,,,,3,13.0,#64748b,5
work_order:JS202209130021,work_order:JS202209130021,工单 JS202209130021,,work_order,救援工单,,local:2025年200台电梯困人工单数据.xlsx,,,,10,9.0,#64748b,5
work_order:JS202209130120,work_order:JS202209130120,工单 JS202209130120,,work_order,救援工单,,local:2025年200台电梯困人工单数据.xlsx,,,,1,13.0,#64748b,5
work_order:JS202209140117,work_order:JS202209140117,工单 JS202209140117,,work_order,救援工单,,local:2025年200台电梯困人工单数据.xlsx,,,,1,7.0,#64748b,5
work_order:JS202209150058,work_order:JS202209150058,工单 JS202209150058,,work_order,救援工单,,local:2025年200台电梯困人工单数据.xlsx,,,,1,17.0,#64748b,5
work_order:JS202209160100,work_order:JS202209160100,工单 JS202209160100,,work_order,救援工单,,local:2025年200台电梯困人工单数据.xlsx,,,,2,5.0,#64748b,5
work_order:JS202209170046,work_order:JS202209170046,工单 JS202209170046,,work_order,救援工单,,local:2025年200台电梯困人工单数据.xlsx,,,,1,6.0,#64748b,5
work_order:JS202209180086,work_order:JS202209180086,工单 JS202209180086,,work_order,救援工单,,local:2025年200台电梯困人工单数据.xlsx,,,,1,13.0,#64748b,5
work_order:JS202209210082,work_order:JS202209210082,工单 JS202209210082,,work_order,救援工单,,local:2025年200台电梯困人工单数据.xlsx,,,,1,18.0,#64748b,5
work_order:JS202209210141,work_order:JS202209210141,工单 JS202209210141,,work_order,救援工单,,local:2025年200台电梯困人工单数据.xlsx,,,,1,23.0,#64748b,5
work_order:JS202209220131,work_order:JS202209220131,工单 JS202209220131,,work_order,救援工单,,local:2025年200台电梯困人工单数据.xlsx,,,,1,10.0,#64748b,5
work_order:JS202209230096,work_order:JS202209230096,工单 JS202209230096,,work_order,救援工单,,local:2025年200台电梯困人工单数据.xlsx,,,,1,16.0,#64748b,5
work_order:JS202209230113,work_order:JS202209230113,工单 JS202209230113,,work_order,救援工单,,local:2025年200台电梯困人工单数据.xlsx,,,,1,19.0,#64748b,5
work_order:JS202209260021,work_order:JS202209260021,工单 JS202209260021,,work_order,救援工单,,local:2025年200台电梯困人工单数据.xlsx,,,,1,5.0,#64748b,5
work_order:JS202209270055,work_order:JS202209270055,工单 JS202209270055,,work_order,救援工单,,local:2025年200台电梯困人工单数据.xlsx,,,,1,19.0,#64748b,5
work_order:JS202209290089,work_order:JS202209290089,工单 JS202209290089,,work_order,救援工单,,local:2025年200台电梯困人工单数据.xlsx,,,,1,25.0,#64748b,5
work_order:JS202209290107,work_order:JS202209290107,工单 JS202209290107,,work_order,救援工单,,local:2025年200台电梯困人工单数据.xlsx,,,,1,12.0,#64748b,5
work_order:JS202209290118,work_order:JS202209290118,工单 JS202209290118,,work_order,救援工单,,local:2025年200台电梯困人工单数据.xlsx,,,,1,10.0,#64748b,5
work_order:JS202209300134,work_order:JS202209300134,工单 JS202209300134,,work_order,救援工单,,local:2025年200台电梯困人工单数据.xlsx,,,,1,8.0,#64748b,5
work_order:JS202210010066,work_order:JS202210010066,工单 JS202210010066,,work_order,救援工单,,local:2025年200台电梯困人工单数据.xlsx,,,,1,7.0,#64748b,5
work_order:JS202210010082,work_order:JS202210010082,工单 JS202210010082,,work_order,救援工单,,local:2025年200台电梯困人工单数据.xlsx,,,,1,18.0,#64748b,5
work_order:JS202210010111,work_order:JS202210010111,工单 JS202210010111,,work_order,救援工单,,local:2025年200台电梯困人工单数据.xlsx,,,,1,7.0,#64748b,5
work_order:JS202210020029,work_order:JS202210020029,工单 JS202210020029,,work_order,救援工单,,local:2025年200台电梯困人工单数据.xlsx,,,,1,11.0,#64748b,5
work_order:JS202210040087,work_order:JS202210040087,工单 JS202210040087,,work_order,救援工单,,local:2025年200台电梯困人工单数据.xlsx,,,,1,7.0,#64748b,5
work_order:JS202210050134,work_order:JS202210050134,工单 JS202210050134,,work_order,救援工单,,local:2025年200台电梯困人工单数据.xlsx,,,,1,14.0,#64748b,5
work_order:JS202210060041,work_order:JS202210060041,工单 JS202210060041,,work_order,救援工单,,local:2025年200台电梯困人工单数据.xlsx,,,,1,1.0,#64748b,5
work_order:JS202210060045,work_order:JS202210060045,工单 JS202210060045,,work_order,救援工单,,local:2025年200台电梯困人工单数据.xlsx,,,,1,1.0,#64748b,5
work_order:JS202210060113,work_order:JS202210060113,工单 JS202210060113,,work_order,救援工单,,local:2025年200台电梯困人工单数据.xlsx,,,,1,9.0,#64748b,5
work_order:JS202210070132,work_order:JS202210070132,工单 JS202210070132,,work_order,救援工单,,local:2025年200台电梯困人工单数据.xlsx,,,,8,16.0,#64748b,5
work_order:JS202210080001,work_order:JS202210080001,工单 JS202210080001,,work_order,救援工单,,local:2025年200台电梯困人工单数据.xlsx,,,,10,12.0,#64748b,5
work_order:JS202210080093,work_order:JS202210080093,工单 JS202210080093,,work_order,救援工单,,local:2025年200台电梯困人工单数据.xlsx,,,,1,6.0,#64748b,5
work_order:JS202210090087,work_order:JS202210090087,工单 JS202210090087,,work_order,救援工单,,local:2025年200台电梯困人工单数据.xlsx,,,,1,9.0,#64748b,5
work_order:JS202210100230,work_order:JS202210100230,工单 JS202210100230,,work_order,救援工单,,local:2025年200台电梯困人工单数据.xlsx,,,,1,15.0,#64748b,5
work_order:JS202210100234,work_order:JS202210100234,工单 JS202210100234,,work_order,救援工单,,local:2025年200台电梯困人工单数据.xlsx,,,,1,12.0,#64748b,5
work_order:JS202210100237,work_order:JS202210100237,工单 JS202210100237,,work_order,救援工单,,local:2025年200台电梯困人工单数据.xlsx,,,,3,8.0,#64748b,5
work_order:JS202210110027,work_order:JS202210110027,工单 JS202210110027,,work_order,救援工单,,local:2025年200台电梯困人工单数据.xlsx,,,,1,6.0,#64748b,5
work_order:JS202210120053,work_order:JS202210120053,工单 JS202210120053,,work_order,救援工单,,local:2025年200台电梯困人工单数据.xlsx,,,,1,6.0,#64748b,5
work_order:JS202210120077,work_order:JS202210120077,工单 JS202210120077,,work_order,救援工单,,local:2025年200台电梯困人工单数据.xlsx,,,,2,18.0,#64748b,5
work_order:JS202210130067,work_order:JS202210130067,工单 JS202210130067,,work_order,救援工单,,local:2025年200台电梯困人工单数据.xlsx,,,,1,3.0,#64748b,5
work_order:JS202210140022,work_order:JS202210140022,工单 JS202210140022,,work_order,救援工单,,local:2025年200台电梯困人工单数据.xlsx,,,,1,20.0,#64748b,5
work_order:JS202210140057,work_order:JS202210140057,工单 JS202210140057,,work_order,救援工单,,local:2025年200台电梯困人工单数据.xlsx,,,,1,4.0,#64748b,5
work_order:JS202210170056,work_order:JS202210170056,工单 JS202210170056,,work_order,救援工单,,local:2025年200台电梯困人工单数据.xlsx,,,,3,19.0,#64748b,5
work_order:JS202210180110,work_order:JS202210180110,工单 JS202210180110,,work_order,救援工单,,local:2025年200台电梯困人工单数据.xlsx,,,,1,17.0,#64748b,5
work_order:JS202210180141,work_order:JS202210180141,工单 JS202210180141,,work_order,救援工单,,local:2025年200台电梯困人工单数据.xlsx,,,,1,9.0,#64748b,5
work_order:JS202210190014,work_order:JS202210190014,工单 JS202210190014,,work_order,救援工单,,local:2025年200台电梯困人工单数据.xlsx,,,,1,0.0,#64748b,5
work_order:JS202210200110,work_order:JS202210200110,工单 JS202210200110,,work_order,救援工单,,local:2025年200台电梯困人工单数据.xlsx,,,,6,20.0,#64748b,5
work_order:JS202210220070,work_order:JS202210220070,工单 JS202210220070,,work_order,救援工单,,local:2025年200台电梯困人工单数据.xlsx,,,,1,6.0,#64748b,5
work_order:JS202210220092,work_order:JS202210220092,工单 JS202210220092,,work_order,救援工单,,local:2025年200台电梯困人工单数据.xlsx,,,,3,11.0,#64748b,5
work_order:JS202210220094,work_order:JS202210220094,工单 JS202210220094,,work_order,救援工单,,local:2025年200台电梯困人工单数据.xlsx,,,,1,19.0,#64748b,5
work_order:JS202210240061,work_order:JS202210240061,工单 JS202210240061,,work_order,救援工单,,local:2025年200台电梯困人工单数据.xlsx,,,,2,18.0,#64748b,5
work_order:JS202210250070,work_order:JS202210250070,工单 JS202210250070,,work_order,救援工单,,local:2025年200台电梯困人工单数据.xlsx,,,,1,7.0,#64748b,5
work_order:JS202210260037,work_order:JS202210260037,工单 JS202210260037,,work_order,救援工单,,local:2025年200台电梯困人工单数据.xlsx,,,,1,12.0,#64748b,5
work_order:JS202210260073,work_order:JS202210260073,工单 JS202210260073,,work_order,救援工单,,local:2025年200台电梯困人工单数据.xlsx,,,,1,5.0,#64748b,5
work_order:JS202210260097,work_order:JS202210260097,工单 JS202210260097,,work_order,救援工单,,local:2025年200台电梯困人工单数据.xlsx,,,,1,5.0,#64748b,5
work_order:JS202210270018,work_order:JS202210270018,工单 JS202210270018,,work_order,救援工单,,local:2025年200台电梯困人工单数据.xlsx,,,,1,11.0,#64748b,5
work_order:JS202210300003,work_order:JS202210300003,工单 JS202210300003,,work_order,救援工单,,local:2025年200台电梯困人工单数据.xlsx,,,,1,10.0,#64748b,5
work_order:JS202210300004,work_order:JS202210300004,工单 JS202210300004,,work_order,救援工单,,local:2025年200台电梯困人工单数据.xlsx,,,,1,6.0,#64748b,5
work_order:JS202210300092,work_order:JS202210300092,工单 JS202210300092,,work_order,救援工单,,local:2025年200台电梯困人工单数据.xlsx,,,,2,17.0,#64748b,5
work_order:JS202210310051,work_order:JS202210310051,工单 JS202210310051,,work_order,救援工单,,local:2025年200台电梯困人工单数据.xlsx,,,,1,5.0,#64748b,5
work_order:JS202210310119,work_order:JS202210310119,工单 JS202210310119,,work_order,救援工单,,local:2025年200台电梯困人工单数据.xlsx,,,,1,16.0,#64748b,5
work_order:JS202211010008,work_order:JS202211010008,工单 JS202211010008,,work_order,救援工单,,local:2025年200台电梯困人工单数据.xlsx,,,,1,20.0,#64748b,5
work_order:JS202211020024,work_order:JS202211020024,工单 JS202211020024,,work_order,救援工单,,local:2025年200台电梯困人工单数据.xlsx,,,,1,3.0,#64748b,5
work_order:JS202211060129,work_order:JS202211060129,工单 JS202211060129,,work_order,救援工单,,local:2025年200台电梯困人工单数据.xlsx,,,,2,19.0,#64748b,5
work_order:JS202211100026,work_order:JS202211100026,工单 JS202211100026,,work_order,救援工单,,local:2025年200台电梯困人工单数据.xlsx,,,,1,10.0,#64748b,5
work_order:JS202211110034,work_order:JS202211110034,工单 JS202211110034,,work_order,救援工单,,local:2025年200台电梯困人工单数据.xlsx,,,,2,14.0,#64748b,5
work_order:JS202211120018,work_order:JS202211120018,工单 JS202211120018,,work_order,救援工单,,local:2025年200台电梯困人工单数据.xlsx,,,,1,-3.0,#64748b,5
work_order:JS202211140092,work_order:JS202211140092,工单 JS202211140092,,work_order,救援工单,,local:2025年200台电梯困人工单数据.xlsx,,,,1,2.0,#64748b,5
work_order:JS202211140116,work_order:JS202211140116,工单 JS202211140116,,work_order,救援工单,,local:2025年200台电梯困人工单数据.xlsx,,,,1,16.0,#64748b,5
work_order:JS202211140169,work_order:JS202211140169,工单 JS202211140169,,work_order,救援工单,,local:2025年200台电梯困人工单数据.xlsx,,,,1,7.0,#64748b,5
work_order:JS202211150003,work_order:JS202211150003,工单 JS202211150003,,work_order,救援工单,,local:2025年200台电梯困人工单数据.xlsx,,,,1,13.0,#64748b,5
work_order:JS202211150031,work_order:JS202211150031,工单 JS202211150031,,work_order,救援工单,,local:2025年200台电梯困人工单数据.xlsx,,,,1,12.0,#64748b,5
work_order:JS202211150156,work_order:JS202211150156,工单 JS202211150156,,work_order,救援工单,,local:2025年200台电梯困人工单数据.xlsx,,,,1,12.0,#64748b,5
work_order:JS202211170014,work_order:JS202211170014,工单 JS202211170014,,work_order,救援工单,,local:2025年200台电梯困人工单数据.xlsx,,,,1,14.0,#64748b,5
work_order:JS202211170017,work_order:JS202211170017,工单 JS202211170017,,work_order,救援工单,,local:2025年200台电梯困人工单数据.xlsx,,,,1,6.0,#64748b,5
work_order:JS202211200021,work_order:JS202211200021,工单 JS202211200021,,work_order,救援工单,,local:2025年200台电梯困人工单数据.xlsx,,,,2,18.0,#64748b,5
work_order:JS202211200062,work_order:JS202211200062,工单 JS202211200062,,work_order,救援工单,,local:2025年200台电梯困人工单数据.xlsx,,,,1,5.0,#64748b,5
work_order:JS202211200102,work_order:JS202211200102,工单 JS202211200102,,work_order,救援工单,,local:2025年200台电梯困人工单数据.xlsx,,,,2,18.0,#64748b,5
work_order:JS202211200112,work_order:JS202211200112,工单 JS202211200112,,work_order,救援工单,,local:2025年200台电梯困人工单数据.xlsx,,,,4,18.0,#64748b,5
work_order:JS202211210104,work_order:JS202211210104,工单 JS202211210104,,work_order,救援工单,,local:2025年200台电梯困人工单数据.xlsx,,,,1,5.0,#64748b,5
work_order:JS202211210117,work_order:JS202211210117,工单 JS202211210117,,work_order,救援工单,,local:2025年200台电梯困人工单数据.xlsx,,,,1,22.0,#64748b,5
work_order:JS202211220013,work_order:JS202211220013,工单 JS202211220013,,work_order,救援工单,,local:2025年200台电梯困人工单数据.xlsx,,,,1,13.0,#64748b,5
work_order:JS202211220019,work_order:JS202211220019,工单 JS202211220019,,work_order,救援工单,,local:2025年200台电梯困人工单数据.xlsx,,,,1,4.0,#64748b,5
work_order:JS202211270066,work_order:JS202211270066,工单 JS202211270066,,work_order,救援工单,,local:2025年200台电梯困人工单数据.xlsx,,,,2,4.0,#64748b,5
work_order:JS202211270113,work_order:JS202211270113,工单 JS202211270113,,work_order,救援工单,,local:2025年200台电梯困人工单数据.xlsx,,,,1,17.0,#64748b,5
work_order:JS202211290179,work_order:JS202211290179,工单 JS202211290179,,work_order,救援工单,,local:2025年200台电梯困人工单数据.xlsx,,,,1,13.0,#64748b,5
work_order:JS202211300090,work_order:JS202211300090,工单 JS202211300090,,work_order,救援工单,,local:2025年200台电梯困人工单数据.xlsx,,,,1,7.0,#64748b,5
work_order:JS202211300260,work_order:JS202211300260,工单 JS202211300260,,work_order,救援工单,,local:2025年200台电梯困人工单数据.xlsx,,,,1,20.0,#64748b,5
work_order:JS202212010120,work_order:JS202212010120,工单 JS202212010120,,work_order,救援工单,,local:2025年200台电梯困人工单数据.xlsx,,,,1,11.0,#64748b,5
work_order:JS202212010252,work_order:JS202212010252,工单 JS202212010252,,work_order,救援工单,,local:2025年200台电梯困人工单数据.xlsx,,,,1,5.0,#64748b,5
work_order:JS202212010275,work_order:JS202212010275,工单 JS202212010275,,work_order,救援工单,,local:2025年200台电梯困人工单数据.xlsx,,,,3,5.0,#64748b,5
work_order:JS202212020042,work_order:JS202212020042,工单 JS202212020042,,work_order,救援工单,,local:2025年200台电梯困人工单数据.xlsx,,,,1,10.0,#64748b,5
work_order:JS202212040055,work_order:JS202212040055,工单 JS202212040055,,work_order,救援工单,,local:2025年200台电梯困人工单数据.xlsx,,,,1,4.0,#64748b,5
work_order:JS202212040105,work_order:JS202212040105,工单 JS202212040105,,work_order,救援工单,,local:2025年200台电梯困人工单数据.xlsx,,,,2,5.0,#64748b,5
work_order:JS202212040167,work_order:JS202212040167,工单 JS202212040167,,work_order,救援工单,,local:2025年200台电梯困人工单数据.xlsx,,,,1,20.0,#64748b,5
work_order:JS202212050058,work_order:JS202212050058,工单 JS202212050058,,work_order,救援工单,,local:2025年200台电梯困人工单数据.xlsx,,,,1,1.0,#64748b,5
work_order:JS202212050161,work_order:JS202212050161,工单 JS202212050161,,work_order,救援工单,,local:2025年200台电梯困人工单数据.xlsx,,,,1,5.0,#64748b,5
work_order:JS202212060080,work_order:JS202212060080,工单 JS202212060080,,work_order,救援工单,,local:2025年200台电梯困人工单数据.xlsx,,,,1,,#64748b,5
work_order:JS202212070112,work_order:JS202212070112,工单 JS202212070112,,work_order,救援工单,,local:2025年200台电梯困人工单数据.xlsx,,,,1,8.0,#64748b,5
work_order:JS202212080081,work_order:JS202212080081,工单 JS202212080081,,work_order,救援工单,,local:2025年200台电梯困人工单数据.xlsx,,,,1,9.0,#64748b,5
work_order:JS202212100030,work_order:JS202212100030,工单 JS202212100030,,work_order,救援工单,,local:2025年200台电梯困人工单数据.xlsx,,,,2,9.0,#64748b,5
work_order:JS202212100123,work_order:JS202212100123,工单 JS202212100123,,work_order,救援工单,,local:2025年200台电梯困人工单数据.xlsx,,,,2,18.0,#64748b,5
work_order:JS202212110103,work_order:JS202212110103,工单 JS202212110103,,work_order,救援工单,,local:2025年200台电梯困人工单数据.xlsx,,,,10,15.0,#64748b,5
work_order:JS202212170229,work_order:JS202212170229,工单 JS202212170229,,work_order,救援工单,,local:2025年200台电梯困人工单数据.xlsx,,,,1,17.0,#64748b,5
work_order:JS202212180091,work_order:JS202212180091,工单 JS202212180091,,work_order,救援工单,,local:2025年200台电梯困人工单数据.xlsx,,,,1,5.0,#64748b,5
work_order:JS202212180092,work_order:JS202212180092,工单 JS202212180092,,work_order,救援工单,,local:2025年200台电梯困人工单数据.xlsx,,,,5,5.0,#64748b,5
work_order:JS202212180124,work_order:JS202212180124,工单 JS202212180124,,work_order,救援工单,,local:2025年200台电梯困人工单数据.xlsx,,,,1,5.0,#64748b,5
work_order:JS202212190040,work_order:JS202212190040,工单 JS202212190040,,work_order,救援工单,,local:2025年200台电梯困人工单数据.xlsx,,,,1,1.0,#64748b,5
work_order:JS202212190045,work_order:JS202212190045,工单 JS202212190045,,work_order,救援工单,,local:2025年200台电梯困人工单数据.xlsx,,,,1,7.0,#64748b,5
work_order:JS202212210022,work_order:JS202212210022,工单 JS202212210022,,work_order,救援工单,,local:2025年200台电梯困人工单数据.xlsx,,,,1,5.0,#64748b,5
work_order:JS202212210096,work_order:JS202212210096,工单 JS202212210096,,work_order,救援工单,,local:2025年200台电梯困人工单数据.xlsx,,,,1,24.0,#64748b,5
work_order:JS202212220016,work_order:JS202212220016,工单 JS202212220016,,work_order,救援工单,,local:2025年200台电梯困人工单数据.xlsx,,,,2,18.0,#64748b,5
work_order:JS202212220049,work_order:JS202212220049,工单 JS202212220049,,work_order,救援工单,,local:2025年200台电梯困人工单数据.xlsx,,,,3,3.0,#64748b,5
work_order:JS202212220068,work_order:JS202212220068,工单 JS202212220068,,work_order,救援工单,,local:2025年200台电梯困人工单数据.xlsx,,,,1,4.0,#64748b,5
work_order:JS202212280063,work_order:JS202212280063,工单 JS202212280063,,work_order,救援工单,,local:2025年200台电梯困人工单数据.xlsx,,,,1,9.0,#64748b,5
work_order:JS202212290030,work_order:JS202212290030,工单 JS202212290030,,work_order,救援工单,,local:2025年200台电梯困人工单数据.xlsx,,,,1,4.0,#64748b,5
work_order:JS202212290047,work_order:JS202212290047,工单 JS202212290047,,work_order,救援工单,,local:2025年200台电梯困人工单数据.xlsx,,,,1,24.0,#64748b,5
work_order:JS202301030102,work_order:JS202301030102,工单 JS202301030102,,work_order,救援工单,,local:2025年200台电梯困人工单数据.xlsx,,,,1,5.0,#64748b,5
work_order:JS202301030104,work_order:JS202301030104,工单 JS202301030104,,work_order,救援工单,,local:2025年200台电梯困人工单数据.xlsx,,,,1,17.0,#64748b,5
work_order:JS202301050040,work_order:JS202301050040,工单 JS202301050040,,work_order,救援工单,,local:2025年200台电梯困人工单数据.xlsx,,,,1,4.0,#64748b,5
work_order:JS202301080029,work_order:JS202301080029,工单 JS202301080029,,work_order,救援工单,,local:2025年200台电梯困人工单数据.xlsx,,,,1,8.0,#64748b,5
work_order:JS202301110114,work_order:JS202301110114,工单 JS202301110114,,work_order,救援工单,,local:2025年200台电梯困人工单数据.xlsx,,,,2,20.0,#64748b,5
work_order:JS202301110116,work_order:JS202301110116,工单 JS202301110116,,work_order,救援工单,,local:2025年200台电梯困人工单数据.xlsx,,,,2,17.0,#64748b,5
work_order:JS202301120032,work_order:JS202301120032,工单 JS202301120032,,work_order,救援工单,,local:2025年200台电梯困人工单数据.xlsx,,,,1,5.0,#64748b,5
work_order:JS202301140088,work_order:JS202301140088,工单 JS202301140088,,work_order,救援工单,,local:2025年200台电梯困人工单数据.xlsx,,,,2,5.0,#64748b,5
work_order:JS202301140150,work_order:JS202301140150,工单 JS202301140150,,work_order,救援工单,,local:2025年200台电梯困人工单数据.xlsx,,,,3,18.0,#64748b,5
work_order:JS202301150016,work_order:JS202301150016,工单 JS202301150016,,work_order,救援工单,,local:2025年200台电梯困人工单数据.xlsx,,,,1,8.0,#64748b,5
work_order:JS202301150181,work_order:JS202301150181,工单 JS202301150181,,work_order,救援工单,,local:2025年200台电梯困人工单数据.xlsx,,,,7,14.0,#64748b,5
work_order:JS202301150187,work_order:JS202301150187,工单 JS202301150187,,work_order,救援工单,,local:2025年200台电梯困人工单数据.xlsx,,,,2,18.0,#64748b,5
work_order:JS202301160012,work_order:JS202301160012,工单 JS202301160012,,work_order,救援工单,,local:2025年200台电梯困人工单数据.xlsx,,,,10,9.0,#64748b,5
work_order:JS202301170127,work_order:JS202301170127,工单 JS202301170127,,work_order,救援工单,,local:2025年200台电梯困人工单数据.xlsx,,,,1,17.0,#64748b,5
work_order:JS202301200098,work_order:JS202301200098,工单 JS202301200098,,work_order,救援工单,,local:2025年200台电梯困人工单数据.xlsx,,,,6,25.0,#64748b,5
work_order:JS202301200110,work_order:JS202301200110,工单 JS202301200110,,work_order,救援工单,,local:2025年200台电梯困人工单数据.xlsx,,,,1,15.0,#64748b,5
work_order:JS202301210002,work_order:JS202301210002,工单 JS202301210002,,work_order,救援工单,,local:2025年200台电梯困人工单数据.xlsx,,,,3,16.0,#64748b,5
work_order:JS202301220053,work_order:JS202301220053,工单 JS202301220053,,work_order,救援工单,,local:2025年200台电梯困人工单数据.xlsx,,,,1,16.0,#64748b,5
work_order:JS202301240006,work_order:JS202301240006,工单 JS202301240006,,work_order,救援工单,,local:2025年200台电梯困人工单数据.xlsx,,,,1,4.0,#64748b,5
work_order:JS202301240055,work_order:JS202301240055,工单 JS202301240055,,work_order,救援工单,,local:2025年200台电梯困人工单数据.xlsx,,,,3,0.0,#64748b,5
work_order:JS202301250179,work_order:JS202301250179,工单 JS202301250179,,work_order,救援工单,,local:2025年200台电梯困人工单数据.xlsx,,,,1,15.0,#64748b,5
work_order:JS202301260097,work_order:JS202301260097,工单 JS202301260097,,work_order,救援工单,,local:2025年200台电梯困人工单数据.xlsx,,,,1,10.0,#64748b,5
work_order:JS202301270151,work_order:JS202301270151,工单 JS202301270151,,work_order,救援工单,,local:2025年200台电梯困人工单数据.xlsx,,,,1,17.0,#64748b,5
work_order:JS202301290142,work_order:JS202301290142,工单 JS202301290142,,work_order,救援工单,,local:2025年200台电梯困人工单数据.xlsx,,,,1,9.0,#64748b,5
work_order:JS202301300132,work_order:JS202301300132,工单 JS202301300132,,work_order,救援工单,,local:2025年200台电梯困人工单数据.xlsx,,,,2,13.0,#64748b,5
work_order:JS202302010001,work_order:JS202302010001,工单 JS202302010001,,work_order,救援工单,,local:2025年200台电梯困人工单数据.xlsx,,,,1,2.0,#64748b,5
work_order:JS202302010013,work_order:JS202302010013,工单 JS202302010013,,work_order,救援工单,,local:2025年200台电梯困人工单数据.xlsx,,,,1,11.0,#64748b,5
work_order:JS202302010034,work_order:JS202302010034,工单 JS202302010034,,work_order,救援工单,,local:2025年200台电梯困人工单数据.xlsx,,,,1,19.0,#64748b,5
work_order:JS202302010036,work_order:JS202302010036,工单 JS202302010036,,work_order,救援工单,,local:2025年200台电梯困人工单数据.xlsx,,,,11,7.0,#64748b,5
work_order:JS202302010093,work_order:JS202302010093,工单 JS202302010093,,work_order,救援工单,,local:2025年200台电梯困人工单数据.xlsx,,,,1,21.0,#64748b,5
work_order:JS202302020041,work_order:JS202302020041,工单 JS202302020041,,work_order,救援工单,,local:2025年200台电梯困人工单数据.xlsx,,,,1,9.0,#64748b,5
work_order:JS202302020067,work_order:JS202302020067,工单 JS202302020067,,work_order,救援工单,,local:2025年200台电梯困人工单数据.xlsx,,,,1,8.0,#64748b,5
work_order:JS202302040080,work_order:JS202302040080,工单 JS202302040080,,work_order,救援工单,,local:2025年200台电梯困人工单数据.xlsx,,,,1,6.0,#64748b,5
work_order:JS202302060105,work_order:JS202302060105,工单 JS202302060105,,work_order,救援工单,,local:2025年200台电梯困人工单数据.xlsx,,,,1,4.0,#64748b,5
work_order:JS202302070058,work_order:JS202302070058,工单 JS202302070058,,work_order,救援工单,,local:2025年200台电梯困人工单数据.xlsx,,,,1,34.0,#64748b,5
work_order:JS202302090055,work_order:JS202302090055,工单 JS202302090055,,work_order,救援工单,,local:2025年200台电梯困人工单数据.xlsx,,,,1,8.0,#64748b,5
work_order:JS202302100052,work_order:JS202302100052,工单 JS202302100052,,work_order,救援工单,,local:2025年200台电梯困人工单数据.xlsx,,,,1,17.0,#64748b,5
work_order:JS202302110011,work_order:JS202302110011,工单 JS202302110011,,work_order,救援工单,,local:2025年200台电梯困人工单数据.xlsx,,,,3,17.0,#64748b,5
work_order:JS202302110031,work_order:JS202302110031,工单 JS202302110031,,work_order,救援工单,,local:2025年200台电梯困人工单数据.xlsx,,,,1,10.0,#64748b,5
work_order:JS202302110043,work_order:JS202302110043,工单 JS202302110043,,work_order,救援工单,,local:2025年200台电梯困人工单数据.xlsx,,,,1,3.0,#64748b,5
work_order:JS202302110058,work_order:JS202302110058,工单 JS202302110058,,work_order,救援工单,,local:2025年200台电梯困人工单数据.xlsx,,,,1,15.0,#64748b,5
work_order:JS202302110103,work_order:JS202302110103,工单 JS202302110103,,work_order,救援工单,,local:2025年200台电梯困人工单数据.xlsx,,,,1,13.0,#64748b,5
work_order:JS202302120001,work_order:JS202302120001,工单 JS202302120001,,work_order,救援工单,,local:2025年200台电梯困人工单数据.xlsx,,,,1,13.0,#64748b,5
work_order:JS202302130039,work_order:JS202302130039,工单 JS202302130039,,work_order,救援工单,,local:2025年200台电梯困人工单数据.xlsx,,,,1,7.0,#64748b,5
work_order:JS202302130041,work_order:JS202302130041,工单 JS202302130041,,work_order,救援工单,,local:2025年200台电梯困人工单数据.xlsx,,,,1,16.0,#64748b,5
work_order:JS202302140058,work_order:JS202302140058,工单 JS202302140058,,work_order,救援工单,,local:2025年200台电梯困人工单数据.xlsx,,,,1,3.0,#64748b,5
work_order:JS202302170100,work_order:JS202302170100,工单 JS202302170100,,work_order,救援工单,,local:2025年200台电梯困人工单数据.xlsx,,,,1,28.0,#64748b,5
work_order:JS202302180053,work_order:JS202302180053,工单 JS202302180053,,work_order,救援工单,,local:2025年200台电梯困人工单数据.xlsx,,,,1,7.0,#64748b,5
work_order:JS202302210031,work_order:JS202302210031,工单 JS202302210031,,work_order,救援工单,,local:2025年200台电梯困人工单数据.xlsx,,,,1,25.0,#64748b,5
work_order:JS202302240044,work_order:JS202302240044,工单 JS202302240044,,work_order,救援工单,,local:2025年200台电梯困人工单数据.xlsx,,,,1,12.0,#64748b,5
work_order:JS202302240070,work_order:JS202302240070,工单 JS202302240070,,work_order,救援工单,,local:2025年200台电梯困人工单数据.xlsx,,,,1,5.0,#64748b,5
work_order:JS202302260109,work_order:JS202302260109,工单 JS202302260109,,work_order,救援工单,,local:2025年200台电梯困人工单数据.xlsx,,,,1,2.0,#64748b,5
work_order:JS202302270068,work_order:JS202302270068,工单 JS202302270068,,work_order,救援工单,,local:2025年200台电梯困人工单数据.xlsx,,,,1,0.0,#64748b,5
work_order:JS202302270112,work_order:JS202302270112,工单 JS202302270112,,work_order,救援工单,,local:2025年200台电梯困人工单数据.xlsx,,,,3,14.0,#64748b,5
work_order:JS202303030034,work_order:JS202303030034,工单 JS202303030034,,work_order,救援工单,,local:2025年200台电梯困人工单数据.xlsx,,,,1,16.0,#64748b,5
work_order:JS202303030039,work_order:JS202303030039,工单 JS202303030039,,work_order,救援工单,,local:2025年200台电梯困人工单数据.xlsx,,,,1,13.0,#64748b,5
work_order:JS202303040033,work_order:JS202303040033,工单 JS202303040033,,work_order,救援工单,,local:2025年200台电梯困人工单数据.xlsx,,,,1,18.0,#64748b,5
work_order:JS202303060009,work_order:JS202303060009,工单 JS202303060009,,work_order,救援工单,,local:2025年200台电梯困人工单数据.xlsx,,,,1,9.0,#64748b,5
work_order:JS202303070005,work_order:JS202303070005,工单 JS202303070005,,work_order,救援工单,,local:2025年200台电梯困人工单数据.xlsx,,,,1,7.0,#64748b,5
work_order:JS202303080133,work_order:JS202303080133,工单 JS202303080133,,work_order,救援工单,,local:2025年200台电梯困人工单数据.xlsx,,,,2,9.0,#64748b,5
work_order:JS202303090017,work_order:JS202303090017,工单 JS202303090017,,work_order,救援工单,,local:2025年200台电梯困人工单数据.xlsx,,,,1,10.0,#64748b,5
work_order:JS202303090020,work_order:JS202303090020,工单 JS202303090020,,work_order,救援工单,,local:2025年200台电梯困人工单数据.xlsx,,,,1,13.0,#64748b,5
work_order:JS202303090024,work_order:JS202303090024,工单 JS202303090024,,work_order,救援工单,,local:2025年200台电梯困人工单数据.xlsx,,,,1,6.0,#64748b,5
work_order:JS202303090030,work_order:JS202303090030,工单 JS202303090030,,work_order,救援工单,,local:2025年200台电梯困人工单数据.xlsx,,,,2,3.0,#64748b,5
work_order:JS202303090142,work_order:JS202303090142,工单 JS202303090142,,work_order,救援工单,,local:2025年200台电梯困人工单数据.xlsx,,,,7,13.0,#64748b,5
work_order:JS202303100018,work_order:JS202303100018,工单 JS202303100018,,work_order,救援工单,,local:2025年200台电梯困人工单数据.xlsx,,,,1,16.0,#64748b,5
work_order:JS202303100110,work_order:JS202303100110,工单 JS202303100110,,work_order,救援工单,,local:2025年200台电梯困人工单数据.xlsx,,,,3,15.0,#64748b,5
work_order:JS202303100119,work_order:JS202303100119,工单 JS202303100119,,work_order,救援工单,,local:2025年200台电梯困人工单数据.xlsx,,,,5,12.0,#64748b,5
work_order:JS202303100124,work_order:JS202303100124,工单 JS202303100124,,work_order,救援工单,,local:2025年200台电梯困人工单数据.xlsx,,,,1,10.0,#64748b,5
work_order:JS202303110080,work_order:JS202303110080,工单 JS202303110080,,work_order,救援工单,,local:2025年200台电梯困人工单数据.xlsx,,,,1,1.0,#64748b,5
work_order:JS202303140145,work_order:JS202303140145,工单 JS202303140145,,work_order,救援工单,,local:2025年200台电梯困人工单数据.xlsx,,,,2,5.0,#64748b,5
work_order:JS202303160133,work_order:JS202303160133,工单 JS202303160133,,work_order,救援工单,,local:2025年200台电梯困人工单数据.xlsx,,,,1,4.0,#64748b,5
work_order:JS202303180044,work_order:JS202303180044,工单 JS202303180044,,work_order,救援工单,,local:2025年200台电梯困人工单数据.xlsx,,,,1,6.0,#64748b,5
work_order:JS202303180104,work_order:JS202303180104,工单 JS202303180104,,work_order,救援工单,,local:2025年200台电梯困人工单数据.xlsx,,,,7,7.0,#64748b,5
work_order:JS202303180114,work_order:JS202303180114,工单 JS202303180114,,work_order,救援工单,,local:2025年200台电梯困人工单数据.xlsx,,,,1,19.0,#64748b,5
work_order:JS202303180116,work_order:JS202303180116,工单 JS202303180116,,work_order,救援工单,,local:2025年200台电梯困人工单数据.xlsx,,,,3,15.0,#64748b,5
work_order:JS202303230017,work_order:JS202303230017,工单 JS202303230017,,work_order,救援工单,,local:2025年200台电梯困人工单数据.xlsx,,,,1,14.0,#64748b,5
work_order:JS202303230035,work_order:JS202303230035,工单 JS202303230035,,work_order,救援工单,,local:2025年200台电梯困人工单数据.xlsx,,,,4,10.0,#64748b,5
work_order:JS202303270016,work_order:JS202303270016,工单 JS202303270016,,work_order,救援工单,,local:2025年200台电梯困人工单数据.xlsx,,,,1,13.0,#64748b,5
work_order:JS202303270109,work_order:JS202303270109,工单 JS202303270109,,work_order,救援工单,,local:2025年200台电梯困人工单数据.xlsx,,,,4,5.0,#64748b,5
work_order:JS202303280039,work_order:JS202303280039,工单 JS202303280039,,work_order,救援工单,,local:2025年200台电梯困人工单数据.xlsx,,,,1,18.0,#64748b,5
work_order:JS202303280058,work_order:JS202303280058,工单 JS202303280058,,work_order,救援工单,,local:2025年200台电梯困人工单数据.xlsx,,,,2,16.0,#64748b,5
work_order:JS202303280073,work_order:JS202303280073,工单 JS202303280073,,work_order,救援工单,,local:2025年200台电梯困人工单数据.xlsx,,,,1,5.0,#64748b,5
work_order:JS202303290004,work_order:JS202303290004,工单 JS202303290004,,work_order,救援工单,,local:2025年200台电梯困人工单数据.xlsx,,,,1,-47.0,#64748b,5
work_order:JS202303290047,work_order:JS202303290047,工单 JS202303290047,,work_order,救援工单,,local:2025年200台电梯困人工单数据.xlsx,,,,1,7.0,#64748b,5
work_order:JS202303300039,work_order:JS202303300039,工单 JS202303300039,,work_order,救援工单,,local:2025年200台电梯困人工单数据.xlsx,,,,2,11.0,#64748b,5
work_order:JS202304010006,work_order:JS202304010006,工单 JS202304010006,,work_order,救援工单,,local:2025年200台电梯困人工单数据.xlsx,,,,2,5.0,#64748b,5
work_order:JS202304030065,work_order:JS202304030065,工单 JS202304030065,,work_order,救援工单,,local:2025年200台电梯困人工单数据.xlsx,,,,1,4.0,#64748b,5
work_order:JS202304030071,work_order:JS202304030071,工单 JS202304030071,,work_order,救援工单,,local:2025年200台电梯困人工单数据.xlsx,,,,1,0.0,#64748b,5
work_order:JS202304030082,work_order:JS202304030082,工单 JS202304030082,,work_order,救援工单,,local:2025年200台电梯困人工单数据.xlsx,,,,1,6.0,#64748b,5
work_order:JS202304060014,work_order:JS202304060014,工单 JS202304060014,,work_order,救援工单,,local:2025年200台电梯困人工单数据.xlsx,,,,1,3.0,#64748b,5
work_order:JS202304060018,work_order:JS202304060018,工单 JS202304060018,,work_order,救援工单,,local:2025年200台电梯困人工单数据.xlsx,,,,1,10.0,#64748b,5
work_order:JS202304060061,work_order:JS202304060061,工单 JS202304060061,,work_order,救援工单,,local:2025年200台电梯困人工单数据.xlsx,,,,1,12.0,#64748b,5
work_order:JS202304060096,work_order:JS202304060096,工单 JS202304060096,,work_order,救援工单,,local:2025年200台电梯困人工单数据.xlsx,,,,1,7.0,#64748b,5
work_order:JS202304070116,work_order:JS202304070116,工单 JS202304070116,,work_order,救援工单,,local:2025年200台电梯困人工单数据.xlsx,,,,1,12.0,#64748b,5
work_order:JS202304080018,work_order:JS202304080018,工单 JS202304080018,,work_order,救援工单,,local:2025年200台电梯困人工单数据.xlsx,,,,3,20.0,#64748b,5
work_order:JS202304080020,work_order:JS202304080020,工单 JS202304080020,,work_order,救援工单,,local:2025年200台电梯困人工单数据.xlsx,,,,2,1.0,#64748b,5
work_order:JS202304080108,work_order:JS202304080108,工单 JS202304080108,,work_order,救援工单,,local:2025年200台电梯困人工单数据.xlsx,,,,10,8.0,#64748b,5
work_order:JS202304090124,work_order:JS202304090124,工单 JS202304090124,,work_order,救援工单,,local:2025年200台电梯困人工单数据.xlsx,,,,1,11.0,#64748b,5
work_order:JS202304100043,work_order:JS202304100043,工单 JS202304100043,,work_order,救援工单,,local:2025年200台电梯困人工单数据.xlsx,,,,1,14.0,#64748b,5
work_order:JS202304100048,work_order:JS202304100048,工单 JS202304100048,,work_order,救援工单,,local:2025年200台电梯困人工单数据.xlsx,,,,2,16.0,#64748b,5
work_order:JS202304100136,work_order:JS202304100136,工单 JS202304100136,,work_order,救援工单,,local:2025年200台电梯困人工单数据.xlsx,,,,1,21.0,#64748b,5
work_order:JS202304120005,work_order:JS202304120005,工单 JS202304120005,,work_order,救援工单,,local:2025年200台电梯困人工单数据.xlsx,,,,1,5.0,#64748b,5
work_order:JS202304120015,work_order:JS202304120015,工单 JS202304120015,,work_order,救援工单,,local:2025年200台电梯困人工单数据.xlsx,,,,1,18.0,#64748b,5
work_order:JS202304130137,work_order:JS202304130137,工单 JS202304130137,,work_order,救援工单,,local:2025年200台电梯困人工单数据.xlsx,,,,1,9.0,#64748b,5
work_order:JS202304140066,work_order:JS202304140066,工单 JS202304140066,,work_order,救援工单,,local:2025年200台电梯困人工单数据.xlsx,,,,1,19.0,#64748b,5
work_order:JS202304150026,work_order:JS202304150026,工单 JS202304150026,,work_order,救援工单,,local:2025年200台电梯困人工单数据.xlsx,,,,1,5.0,#64748b,5
work_order:JS202304150138,work_order:JS202304150138,工单 JS202304150138,,work_order,救援工单,,local:2025年200台电梯困人工单数据.xlsx,,,,1,13.0,#64748b,5
work_order:JS202304160105,work_order:JS202304160105,工单 JS202304160105,,work_order,救援工单,,local:2025年200台电梯困人工单数据.xlsx,,,,6,16.0,#64748b,5
work_order:JS202304160127,work_order:JS202304160127,工单 JS202304160127,,work_order,救援工单,,local:2025年200台电梯困人工单数据.xlsx,,,,1,6.0,#64748b,5
work_order:JS202304180060,work_order:JS202304180060,工单 JS202304180060,,work_order,救援工单,,local:2025年200台电梯困人工单数据.xlsx,,,,1,14.0,#64748b,5
work_order:JS202304200013,work_order:JS202304200013,工单 JS202304200013,,work_order,救援工单,,local:2025年200台电梯困人工单数据.xlsx,,,,1,5.0,#64748b,5
work_order:JS202304200069,work_order:JS202304200069,工单 JS202304200069,,work_order,救援工单,,local:2025年200台电梯困人工单数据.xlsx,,,,1,9.0,#64748b,5
work_order:JS202304200075,work_order:JS202304200075,工单 JS202304200075,,work_order,救援工单,,local:2025年200台电梯困人工单数据.xlsx,,,,1,30.0,#64748b,5
work_order:JS202304230020,work_order:JS202304230020,工单 JS202304230020,,work_order,救援工单,,local:2025年200台电梯困人工单数据.xlsx,,,,1,12.0,#64748b,5
work_order:JS202304250110,work_order:JS202304250110,工单 JS202304250110,,work_order,救援工单,,local:2025年200台电梯困人工单数据.xlsx,,,,3,8.0,#64748b,5
work_order:JS202304290143,work_order:JS202304290143,工单 JS202304290143,,work_order,救援工单,,local:2025年200台电梯困人工单数据.xlsx,,,,1,19.0,#64748b,5
work_order:JS202304300025,work_order:JS202304300025,工单 JS202304300025,,work_order,救援工单,,local:2025年200台电梯困人工单数据.xlsx,,,,1,22.0,#64748b,5
work_order:JS202305010071,work_order:JS202305010071,工单 JS202305010071,,work_order,救援工单,,local:2025年200台电梯困人工单数据.xlsx,,,,1,4.0,#64748b,5
work_order:JS202305020140,work_order:JS202305020140,工单 JS202305020140,,work_order,救援工单,,local:2025年200台电梯困人工单数据.xlsx,,,,1,12.0,#64748b,5
work_order:JS202305030039,work_order:JS202305030039,工单 JS202305030039,,work_order,救援工单,,local:2025年200台电梯困人工单数据.xlsx,,,,1,18.0,#64748b,5
work_order:JS202305040009,work_order:JS202305040009,工单 JS202305040009,,work_order,救援工单,,local:2025年200台电梯困人工单数据.xlsx,,,,1,11.0,#64748b,5
work_order:JS202305040013,work_order:JS202305040013,工单 JS202305040013,,work_order,救援工单,,local:2025年200台电梯困人工单数据.xlsx,,,,1,9.0,#64748b,5
work_order:JS202305040029,work_order:JS202305040029,工单 JS202305040029,,work_order,救援工单,,local:2025年200台电梯困人工单数据.xlsx,,,,1,,#64748b,5
work_order:JS202305040193,work_order:JS202305040193,工单 JS202305040193,,work_order,救援工单,,local:2025年200台电梯困人工单数据.xlsx,,,,1,19.0,#64748b,5
work_order:JS202305050026,work_order:JS202305050026,工单 JS202305050026,,work_order,救援工单,,local:2025年200台电梯困人工单数据.xlsx,,,,1,7.0,#64748b,5
work_order:JS202305050045,work_order:JS202305050045,工单 JS202305050045,,work_order,救援工单,,local:2025年200台电梯困人工单数据.xlsx,,,,1,1.0,#64748b,5
work_order:JS202305060096,work_order:JS202305060096,工单 JS202305060096,,work_order,救援工单,,local:2025年200台电梯困人工单数据.xlsx,,,,1,4.0,#64748b,5
work_order:JS202305060116,work_order:JS202305060116,工单 JS202305060116,,work_order,救援工单,,local:2025年200台电梯困人工单数据.xlsx,,,,1,13.0,#64748b,5
work_order:JS202305070015,work_order:JS202305070015,工单 JS202305070015,,work_order,救援工单,,local:2025年200台电梯困人工单数据.xlsx,,,,2,4.0,#64748b,5
work_order:JS202305080059,work_order:JS202305080059,工单 JS202305080059,,work_order,救援工单,,local:2025年200台电梯困人工单数据.xlsx,,,,1,11.0,#64748b,5
work_order:JS202305080082,work_order:JS202305080082,工单 JS202305080082,,work_order,救援工单,,local:2025年200台电梯困人工单数据.xlsx,,,,1,21.0,#64748b,5
work_order:JS202305090010,work_order:JS202305090010,工单 JS202305090010,,work_order,救援工单,,local:2025年200台电梯困人工单数据.xlsx,,,,4,12.0,#64748b,5
work_order:JS202305100068,work_order:JS202305100068,工单 JS202305100068,,work_order,救援工单,,local:2025年200台电梯困人工单数据.xlsx,,,,1,23.0,#64748b,5
work_order:JS202305100113,work_order:JS202305100113,工单 JS202305100113,,work_order,救援工单,,local:2025年200台电梯困人工单数据.xlsx,,,,2,20.0,#64748b,5
work_order:JS202305110015,work_order:JS202305110015,工单 JS202305110015,,work_order,救援工单,,local:2025年200台电梯困人工单数据.xlsx,,,,1,14.0,#64748b,5
work_order:JS202305120018,work_order:JS202305120018,工单 JS202305120018,,work_order,救援工单,,local:2025年200台电梯困人工单数据.xlsx,,,,4,19.0,#64748b,5
work_order:JS202305120066,work_order:JS202305120066,工单 JS202305120066,,work_order,救援工单,,local:2025年200台电梯困人工单数据.xlsx,,,,1,6.0,#64748b,5
work_order:JS202305130020,work_order:JS202305130020,工单 JS202305130020,,work_order,救援工单,,local:2025年200台电梯困人工单数据.xlsx,,,,2,8.0,#64748b,5
work_order:JS202305130048,work_order:JS202305130048,工单 JS202305130048,,work_order,救援工单,,local:2025年200台电梯困人工单数据.xlsx,,,,1,4.0,#64748b,5
work_order:JS202305140165,work_order:JS202305140165,工单 JS202305140165,,work_order,救援工单,,local:2025年200台电梯困人工单数据.xlsx,,,,1,5.0,#64748b,5
work_order:JS202305160028,work_order:JS202305160028,工单 JS202305160028,,work_order,救援工单,,local:2025年200台电梯困人工单数据.xlsx,,,,1,13.0,#64748b,5
work_order:JS202305160045,work_order:JS202305160045,工单 JS202305160045,,work_order,救援工单,,local:2025年200台电梯困人工单数据.xlsx,,,,1,5.0,#64748b,5
work_order:JS202305160097,work_order:JS202305160097,工单 JS202305160097,,work_order,救援工单,,local:2025年200台电梯困人工单数据.xlsx,,,,1,12.0,#64748b,5
work_order:JS202305170050,work_order:JS202305170050,工单 JS202305170050,,work_order,救援工单,,local:2025年200台电梯困人工单数据.xlsx,,,,1,26.0,#64748b,5
work_order:JS202305170069,work_order:JS202305170069,工单 JS202305170069,,work_order,救援工单,,local:2025年200台电梯困人工单数据.xlsx,,,,1,15.0,#64748b,5
work_order:JS202305190029,work_order:JS202305190029,工单 JS202305190029,,work_order,救援工单,,local:2025年200台电梯困人工单数据.xlsx,,,,3,5.0,#64748b,5
work_order:JS202305200111,work_order:JS202305200111,工单 JS202305200111,,work_order,救援工单,,local:2025年200台电梯困人工单数据.xlsx,,,,1,14.0,#64748b,5
work_order:JS202305220023,work_order:JS202305220023,工单 JS202305220023,,work_order,救援工单,,local:2025年200台电梯困人工单数据.xlsx,,,,1,1.0,#64748b,5
work_order:JS202305220059,work_order:JS202305220059,工单 JS202305220059,,work_order,救援工单,,local:2025年200台电梯困人工单数据.xlsx,,,,1,3.0,#64748b,5
work_order:JS202305230041,work_order:JS202305230041,工单 JS202305230041,,work_order,救援工单,,local:2025年200台电梯困人工单数据.xlsx,,,,1,5.0,#64748b,5
work_order:JS202305230071,work_order:JS202305230071,工单 JS202305230071,,work_order,救援工单,,local:2025年200台电梯困人工单数据.xlsx,,,,2,,#64748b,5
work_order:JS202305230119,work_order:JS202305230119,工单 JS202305230119,,work_order,救援工单,,local:2025年200台电梯困人工单数据.xlsx,,,,1,14.0,#64748b,5
work_order:JS202305250043,work_order:JS202305250043,工单 JS202305250043,,work_order,救援工单,,local:2025年200台电梯困人工单数据.xlsx,,,,3,13.0,#64748b,5
work_order:JS202305250100,work_order:JS202305250100,工单 JS202305250100,,work_order,救援工单,,local:2025年200台电梯困人工单数据.xlsx,,,,1,6.0,#64748b,5
work_order:JS202305260067,work_order:JS202305260067,工单 JS202305260067,,work_order,救援工单,,local:2025年200台电梯困人工单数据.xlsx,,,,3,25.0,#64748b,5
work_order:JS202305260097,work_order:JS202305260097,工单 JS202305260097,,work_order,救援工单,,local:2025年200台电梯困人工单数据.xlsx,,,,5,18.0,#64748b,5
work_order:JS202305270005,work_order:JS202305270005,工单 JS202305270005,,work_order,救援工单,,local:2025年200台电梯困人工单数据.xlsx,,,,1,8.0,#64748b,5
work_order:JS202305280020,work_order:JS202305280020,工单 JS202305280020,,work_order,救援工单,,local:2025年200台电梯困人工单数据.xlsx,,,,1,25.0,#64748b,5
work_order:JS202305280204,work_order:JS202305280204,工单 JS202305280204,,work_order,救援工单,,local:2025年200台电梯困人工单数据.xlsx,,,,1,22.0,#64748b,5
work_order:JS202305280211,work_order:JS202305280211,工单 JS202305280211,,work_order,救援工单,,local:2025年200台电梯困人工单数据.xlsx,,,,1,5.0,#64748b,5
work_order:JS202305290135,work_order:JS202305290135,工单 JS202305290135,,work_order,救援工单,,local:2025年200台电梯困人工单数据.xlsx,,,,4,16.0,#64748b,5
work_order:JS202305290178,work_order:JS202305290178,工单 JS202305290178,,work_order,救援工单,,local:2025年200台电梯困人工单数据.xlsx,,,,1,1447.0,#64748b,5
work_order:JS202305300058,work_order:JS202305300058,工单 JS202305300058,,work_order,救援工单,,local:2025年200台电梯困人工单数据.xlsx,,,,1,3.0,#64748b,5
work_order:JS202305300064,work_order:JS202305300064,工单 JS202305300064,,work_order,救援工单,,local:2025年200台电梯困人工单数据.xlsx,,,,1,,#64748b,5
work_order:JS202305310035,work_order:JS202305310035,工单 JS202305310035,,work_order,救援工单,,local:2025年200台电梯困人工单数据.xlsx,,,,1,7.0,#64748b,5
work_order:JS202305310063,work_order:JS202305310063,工单 JS202305310063,,work_order,救援工单,,local:2025年200台电梯困人工单数据.xlsx,,,,1,2.0,#64748b,5
work_order:JS202305310138,work_order:JS202305310138,工单 JS202305310138,,work_order,救援工单,,local:2025年200台电梯困人工单数据.xlsx,,,,4,16.0,#64748b,5
work_order:JS202306020069,work_order:JS202306020069,工单 JS202306020069,,work_order,救援工单,,local:2025年200台电梯困人工单数据.xlsx,,,,1,4.0,#64748b,5
work_order:JS202306030022,work_order:JS202306030022,工单 JS202306030022,,work_order,救援工单,,local:2025年200台电梯困人工单数据.xlsx,,,,1,7.0,#64748b,5
work_order:JS202306030051,work_order:JS202306030051,工单 JS202306030051,,work_order,救援工单,,local:2025年200台电梯困人工单数据.xlsx,,,,1,0.0,#64748b,5
work_order:JS202306030133,work_order:JS202306030133,工单 JS202306030133,,work_order,救援工单,,local:2025年200台电梯困人工单数据.xlsx,,,,2,11.0,#64748b,5
work_order:JS202306060007,work_order:JS202306060007,工单 JS202306060007,,work_order,救援工单,,local:2025年200台电梯困人工单数据.xlsx,,,,1,6.0,#64748b,5
work_order:JS202306060100,work_order:JS202306060100,工单 JS202306060100,,work_order,救援工单,,local:2025年200台电梯困人工单数据.xlsx,,,,1,4.0,#64748b,5
work_order:JS202306060121,work_order:JS202306060121,工单 JS202306060121,,work_order,救援工单,,local:2025年200台电梯困人工单数据.xlsx,,,,1,20.0,#64748b,5
work_order:JS202306070120,work_order:JS202306070120,工单 JS202306070120,,work_order,救援工单,,local:2025年200台电梯困人工单数据.xlsx,,,,3,12.0,#64748b,5
work_order:JS202306100068,work_order:JS202306100068,工单 JS202306100068,,work_order,救援工单,,local:2025年200台电梯困人工单数据.xlsx,,,,1,8.0,#64748b,5
work_order:JS202306110040,work_order:JS202306110040,工单 JS202306110040,,work_order,救援工单,,local:2025年200台电梯困人工单数据.xlsx,,,,3,16.0,#64748b,5
work_order:JS202306130061,work_order:JS202306130061,工单 JS202306130061,,work_order,救援工单,,local:2025年200台电梯困人工单数据.xlsx,,,,5,3.0,#64748b,5
work_order:JS202306140020,work_order:JS202306140020,工单 JS202306140020,,work_order,救援工单,,local:2025年200台电梯困人工单数据.xlsx,,,,1,2.0,#64748b,5
work_order:JS202306150076,work_order:JS202306150076,工单 JS202306150076,,work_order,救援工单,,local:2025年200台电梯困人工单数据.xlsx,,,,3,5.0,#64748b,5
work_order:JS202306150143,work_order:JS202306150143,工单 JS202306150143,,work_order,救援工单,,local:2025年200台电梯困人工单数据.xlsx,,,,1,25.0,#64748b,5
work_order:JS202306160112,work_order:JS202306160112,工单 JS202306160112,,work_order,救援工单,,local:2025年200台电梯困人工单数据.xlsx,,,,1,11.0,#64748b,5
work_order:JS202306170071,work_order:JS202306170071,工单 JS202306170071,,work_order,救援工单,,local:2025年200台电梯困人工单数据.xlsx,,,,1,5.0,#64748b,5
work_order:JS202306170145,work_order:JS202306170145,工单 JS202306170145,,work_order,救援工单,,local:2025年200台电梯困人工单数据.xlsx,,,,3,6.0,#64748b,5
work_order:JS202306180067,work_order:JS202306180067,工单 JS202306180067,,work_order,救援工单,,local:2025年200台电梯困人工单数据.xlsx,,,,1,4.0,#64748b,5
work_order:JS202306180153,work_order:JS202306180153,工单 JS202306180153,,work_order,救援工单,,local:2025年200台电梯困人工单数据.xlsx,,,,2,7.0,#64748b,5
work_order:JS202306180154,work_order:JS202306180154,工单 JS202306180154,,work_order,救援工单,,local:2025年200台电梯困人工单数据.xlsx,,,,2,7.0,#64748b,5
work_order:JS202306180155,work_order:JS202306180155,工单 JS202306180155,,work_order,救援工单,,local:2025年200台电梯困人工单数据.xlsx,,,,2,13.0,#64748b,5
work_order:JS202306190062,work_order:JS202306190062,工单 JS202306190062,,work_order,救援工单,,local:2025年200台电梯困人工单数据.xlsx,,,,1,6.0,#64748b,5
work_order:JS202306210116,work_order:JS202306210116,工单 JS202306210116,,work_order,救援工单,,local:2025年200台电梯困人工单数据.xlsx,,,,1,9.0,#64748b,5
work_order:JS202306210149,work_order:JS202306210149,工单 JS202306210149,,work_order,救援工单,,local:2025年200台电梯困人工单数据.xlsx,,,,4,,#64748b,5
work_order:JS202306210189,work_order:JS202306210189,工单 JS202306210189,,work_order,救援工单,,local:2025年200台电梯困人工单数据.xlsx,,,,4,6.0,#64748b,5
work_order:JS202306240087,work_order:JS202306240087,工单 JS202306240087,,work_order,救援工单,,local:2025年200台电梯困人工单数据.xlsx,,,,1,28.0,#64748b,5
work_order:JS202306250038,work_order:JS202306250038,工单 JS202306250038,,work_order,救援工单,,local:2025年200台电梯困人工单数据.xlsx,,,,2,5.0,#64748b,5
work_order:JS202306260024,work_order:JS202306260024,工单 JS202306260024,,work_order,救援工单,,local:2025年200台电梯困人工单数据.xlsx,,,,1,12.0,#64748b,5
work_order:JS202306260109,work_order:JS202306260109,工单 JS202306260109,,work_order,救援工单,,local:2025年200台电梯困人工单数据.xlsx,,,,1,19.0,#64748b,5
work_order:JS202306260137,work_order:JS202306260137,工单 JS202306260137,,work_order,救援工单,,local:2025年200台电梯困人工单数据.xlsx,,,,3,5.0,#64748b,5
work_order:JS202306260149,work_order:JS202306260149,工单 JS202306260149,,work_order,救援工单,,local:2025年200台电梯困人工单数据.xlsx,,,,1,20.0,#64748b,5
work_order:JS202306270034,work_order:JS202306270034,工单 JS202306270034,,work_order,救援工单,,local:2025年200台电梯困人工单数据.xlsx,,,,1,8.0,#64748b,5
work_order:JS202306280026,work_order:JS202306280026,工单 JS202306280026,,work_order,救援工单,,local:2025年200台电梯困人工单数据.xlsx,,,,1,0.0,#64748b,5
work_order:JS202307020035,work_order:JS202307020035,工单 JS202307020035,,work_order,救援工单,,local:2025年200台电梯困人工单数据.xlsx,,,,1,18.0,#64748b,5
work_order:JS202307030046,work_order:JS202307030046,工单 JS202307030046,,work_order,救援工单,,local:2025年200台电梯困人工单数据.xlsx,,,,1,15.0,#64748b,5
work_order:JS202307030106,work_order:JS202307030106,工单 JS202307030106,,work_order,救援工单,,local:2025年200台电梯困人工单数据.xlsx,,,,1,12.0,#64748b,5
work_order:JS202307030196,work_order:JS202307030196,工单 JS202307030196,,work_order,救援工单,,local:2025年200台电梯困人工单数据.xlsx,,,,1,14.0,#64748b,5
work_order:JS202307040136,work_order:JS202307040136,工单 JS202307040136,,work_order,救援工单,,local:2025年200台电梯困人工单数据.xlsx,,,,1,15.0,#64748b,5
work_order:JS202307060198,work_order:JS202307060198,工单 JS202307060198,,work_order,救援工单,,local:2025年200台电梯困人工单数据.xlsx,,,,6,10.0,#64748b,5
work_order:JS202307070038,work_order:JS202307070038,工单 JS202307070038,,work_order,救援工单,,local:2025年200台电梯困人工单数据.xlsx,,,,1,20.0,#64748b,5
work_order:JS202307070113,work_order:JS202307070113,工单 JS202307070113,,work_order,救援工单,,local:2025年200台电梯困人工单数据.xlsx,,,,1,3.0,#64748b,5
work_order:JS202307070116,work_order:JS202307070116,工单 JS202307070116,,work_order,救援工单,,local:2025年200台电梯困人工单数据.xlsx,,,,5,6.0,#64748b,5
work_order:JS202307080011,work_order:JS202307080011,工单 JS202307080011,,work_order,救援工单,,local:2025年200台电梯困人工单数据.xlsx,,,,1,8.0,#64748b,5
work_order:JS202307080124,work_order:JS202307080124,工单 JS202307080124,,work_order,救援工单,,local:2025年200台电梯困人工单数据.xlsx,,,,1,15.0,#64748b,5
work_order:JS202307080208,work_order:JS202307080208,工单 JS202307080208,,work_order,救援工单,,local:2025年200台电梯困人工单数据.xlsx,,,,10,7.0,#64748b,5
work_order:JS202307090043,work_order:JS202307090043,工单 JS202307090043,,work_order,救援工单,,local:2025年200台电梯困人工单数据.xlsx,,,,13,22.0,#64748b,5
work_order:JS202307100047,work_order:JS202307100047,工单 JS202307100047,,work_order,救援工单,,local:2025年200台电梯困人工单数据.xlsx,,,,1,20.0,#64748b,5
work_order:JS202307100132,work_order:JS202307100132,工单 JS202307100132,,work_order,救援工单,,local:2025年200台电梯困人工单数据.xlsx,,,,1,6.0,#64748b,5
work_order:JS202307100142,work_order:JS202307100142,工单 JS202307100142,,work_order,救援工单,,local:2025年200台电梯困人工单数据.xlsx,,,,1,16.0,#64748b,5
work_order:JS202307100192,work_order:JS202307100192,工单 JS202307100192,,work_order,救援工单,,local:2025年200台电梯困人工单数据.xlsx,,,,1,6.0,#64748b,5
work_order:JS202307110082,work_order:JS202307110082,工单 JS202307110082,,work_order,救援工单,,local:2025年200台电梯困人工单数据.xlsx,,,,1,10.0,#64748b,5
work_order:JS202307110099,work_order:JS202307110099,工单 JS202307110099,,work_order,救援工单,,local:2025年200台电梯困人工单数据.xlsx,,,,1,9.0,#64748b,5
work_order:JS202307110120,work_order:JS202307110120,工单 JS202307110120,,work_order,救援工单,,local:2025年200台电梯困人工单数据.xlsx,,,,1,4.0,#64748b,5
work_order:JS202307110130,work_order:JS202307110130,工单 JS202307110130,,work_order,救援工单,,local:2025年200台电梯困人工单数据.xlsx,,,,1,11.0,#64748b,5
work_order:JS202307120035,work_order:JS202307120035,工单 JS202307120035,,work_order,救援工单,,local:2025年200台电梯困人工单数据.xlsx,,,,1,4.0,#64748b,5
work_order:JS202307120060,work_order:JS202307120060,工单 JS202307120060,,work_order,救援工单,,local:2025年200台电梯困人工单数据.xlsx,,,,1,5.0,#64748b,5
work_order:JS202307120137,work_order:JS202307120137,工单 JS202307120137,,work_order,救援工单,,local:2025年200台电梯困人工单数据.xlsx,,,,1,4.0,#64748b,5
work_order:JS202307120170,work_order:JS202307120170,工单 JS202307120170,,work_order,救援工单,,local:2025年200台电梯困人工单数据.xlsx,,,,1,11.0,#64748b,5
work_order:JS202307120189,work_order:JS202307120189,工单 JS202307120189,,work_order,救援工单,,local:2025年200台电梯困人工单数据.xlsx,,,,1,18.0,#64748b,5
work_order:JS202307130102,work_order:JS202307130102,工单 JS202307130102,,work_order,救援工单,,local:2025年200台电梯困人工单数据.xlsx,,,,1,2.0,#64748b,5
work_order:JS202307140184,work_order:JS202307140184,工单 JS202307140184,,work_order,救援工单,,local:2025年200台电梯困人工单数据.xlsx,,,,1,27.0,#64748b,5
work_order:JS202307170111,work_order:JS202307170111,工单 JS202307170111,,work_order,救援工单,,local:2025年200台电梯困人工单数据.xlsx,,,,1,16.0,#64748b,5
work_order:JS202307170179,work_order:JS202307170179,工单 JS202307170179,,work_order,救援工单,,local:2025年200台电梯困人工单数据.xlsx,,,,1,10.0,#64748b,5
work_order:JS202307180047,work_order:JS202307180047,工单 JS202307180047,,work_order,救援工单,,local:2025年200台电梯困人工单数据.xlsx,,,,12,20.0,#64748b,5
work_order:JS202307180065,work_order:JS202307180065,工单 JS202307180065,,work_order,救援工单,,local:2025年200台电梯困人工单数据.xlsx,,,,1,19.0,#64748b,5
work_order:JS202307190001,work_order:JS202307190001,工单 JS202307190001,,work_order,救援工单,,local:2025年200台电梯困人工单数据.xlsx,,,,1,,#64748b,5
work_order:JS202307200124,work_order:JS202307200124,工单 JS202307200124,,work_order,救援工单,,local:2025年200台电梯困人工单数据.xlsx,,,,1,1.0,#64748b,5
work_order:JS202307230186,work_order:JS202307230186,工单 JS202307230186,,work_order,救援工单,,local:2025年200台电梯困人工单数据.xlsx,,,,3,14.0,#64748b,5
work_order:JS202307250008,work_order:JS202307250008,工单 JS202307250008,,work_order,救援工单,,local:2025年200台电梯困人工单数据.xlsx,,,,1,15.0,#64748b,5
work_order:JS202307270093,work_order:JS202307270093,工单 JS202307270093,,work_order,救援工单,,local:2025年200台电梯困人工单数据.xlsx,,,,1,10.0,#64748b,5
work_order:JS202307270110,work_order:JS202307270110,工单 JS202307270110,,work_order,救援工单,,local:2025年200台电梯困人工单数据.xlsx,,,,1,11.0,#64748b,5
work_order:JS202307280016,work_order:JS202307280016,工单 JS202307280016,,work_order,救援工单,,local:2025年200台电梯困人工单数据.xlsx,,,,2,19.0,#64748b,5
work_order:JS202307280029,work_order:JS202307280029,工单 JS202307280029,,work_order,救援工单,,local:2025年200台电梯困人工单数据.xlsx,,,,1,18.0,#64748b,5
work_order:JS202307280043,work_order:JS202307280043,工单 JS202307280043,,work_order,救援工单,,local:2025年200台电梯困人工单数据.xlsx,,,,1,3.0,#64748b,5
work_order:JS202307280144,work_order:JS202307280144,工单 JS202307280144,,work_order,救援工单,,local:2025年200台电梯困人工单数据.xlsx,,,,1,28.0,#64748b,5
work_order:JS202307290089,work_order:JS202307290089,工单 JS202307290089,,work_order,救援工单,,local:2025年200台电梯困人工单数据.xlsx,,,,1,14.0,#64748b,5
work_order:JS202307290127,work_order:JS202307290127,工单 JS202307290127,,work_order,救援工单,,local:2025年200台电梯困人工单数据.xlsx,,,,2,4.0,#64748b,5
work_order:JS202307300022,work_order:JS202307300022,工单 JS202307300022,,work_order,救援工单,,local:2025年200台电梯困人工单数据.xlsx,,,,1,0.0,#64748b,5
work_order:JS202307300082,work_order:JS202307300082,工单 JS202307300082,,work_order,救援工单,,local:2025年200台电梯困人工单数据.xlsx,,,,1,5.0,#64748b,5
work_order:JS202307300110,work_order:JS202307300110,工单 JS202307300110,,work_order,救援工单,,local:2025年200台电梯困人工单数据.xlsx,,,,1,1.0,#64748b,5
work_order:JS202307310173,work_order:JS202307310173,工单 JS202307310173,,work_order,救援工单,,local:2025年200台电梯困人工单数据.xlsx,,,,1,19.0,#64748b,5
work_order:JS202308010051,work_order:JS202308010051,工单 JS202308010051,,work_order,救援工单,,local:2025年200台电梯困人工单数据.xlsx,,,,1,10.0,#64748b,5
work_order:JS202308020033,work_order:JS202308020033,工单 JS202308020033,,work_order,救援工单,,local:2025年200台电梯困人工单数据.xlsx,,,,1,14.0,#64748b,5
work_order:JS202308040066,work_order:JS202308040066,工单 JS202308040066,,work_order,救援工单,,local:2025年200台电梯困人工单数据.xlsx,,,,5,16.0,#64748b,5
work_order:JS202308040075,work_order:JS202308040075,工单 JS202308040075,,work_order,救援工单,,local:2025年200台电梯困人工单数据.xlsx,,,,2,5.0,#64748b,5
work_order:JS202308040101,work_order:JS202308040101,工单 JS202308040101,,work_order,救援工单,,local:2025年200台电梯困人工单数据.xlsx,,,,1,7.0,#64748b,5
work_order:JS202308040111,work_order:JS202308040111,工单 JS202308040111,,work_order,救援工单,,local:2025年200台电梯困人工单数据.xlsx,,,,3,14.0,#64748b,5
work_order:JS202308060030,work_order:JS202308060030,工单 JS202308060030,,work_order,救援工单,,local:2025年200台电梯困人工单数据.xlsx,,,,2,8.0,#64748b,5
work_order:JS202308060076,work_order:JS202308060076,工单 JS202308060076,,work_order,救援工单,,local:2025年200台电梯困人工单数据.xlsx,,,,1,29.0,#64748b,5
work_order:JS202308060178,work_order:JS202308060178,工单 JS202308060178,,work_order,救援工单,,local:2025年200台电梯困人工单数据.xlsx,,,,1,15.0,#64748b,5
work_order:JS202308070110,work_order:JS202308070110,工单 JS202308070110,,work_order,救援工单,,local:2025年200台电梯困人工单数据.xlsx,,,,1,12.0,#64748b,5
work_order:JS202308080059,work_order:JS202308080059,工单 JS202308080059,,work_order,救援工单,,local:2025年200台电梯困人工单数据.xlsx,,,,2,15.0,#64748b,5
work_order:JS202308090123,work_order:JS202308090123,工单 JS202308090123,,work_order,救援工单,,local:2025年200台电梯困人工单数据.xlsx,,,,1,7.0,#64748b,5
work_order:JS202308100042,work_order:JS202308100042,工单 JS202308100042,,work_order,救援工单,,local:2025年200台电梯困人工单数据.xlsx,,,,1,0.0,#64748b,5
work_order:JS202308110148,work_order:JS202308110148,工单 JS202308110148,,work_order,救援工单,,local:2025年200台电梯困人工单数据.xlsx,,,,10,9.0,#64748b,5
work_order:JS202308130031,work_order:JS202308130031,工单 JS202308130031,,work_order,救援工单,,local:2025年200台电梯困人工单数据.xlsx,,,,1,1.0,#64748b,5
work_order:JS202308130071,work_order:JS202308130071,工单 JS202308130071,,work_order,救援工单,,local:2025年200台电梯困人工单数据.xlsx,,,,1,8.0,#64748b,5
work_order:JS202308130152,work_order:JS202308130152,工单 JS202308130152,,work_order,救援工单,,local:2025年200台电梯困人工单数据.xlsx,,,,1,11.0,#64748b,5
work_order:JS202308150041,work_order:JS202308150041,工单 JS202308150041,,work_order,救援工单,,local:2025年200台电梯困人工单数据.xlsx,,,,1,7.0,#64748b,5
work_order:JS202308170016,work_order:JS202308170016,工单 JS202308170016,,work_order,救援工单,,local:2025年200台电梯困人工单数据.xlsx,,,,1,5.0,#64748b,5
work_order:JS202308170031,work_order:JS202308170031,工单 JS202308170031,,work_order,救援工单,,local:2025年200台电梯困人工单数据.xlsx,,,,1,9.0,#64748b,5
work_order:JS202308180030,work_order:JS202308180030,工单 JS202308180030,,work_order,救援工单,,local:2025年200台电梯困人工单数据.xlsx,,,,1,9.0,#64748b,5
work_order:JS202308180081,work_order:JS202308180081,工单 JS202308180081,,work_order,救援工单,,local:2025年200台电梯困人工单数据.xlsx,,,,1,9.0,#64748b,5
work_order:JS202308190077,work_order:JS202308190077,工单 JS202308190077,,work_order,救援工单,,local:2025年200台电梯困人工单数据.xlsx,,,,1,7.0,#64748b,5
work_order:JS202308190093,work_order:JS202308190093,工单 JS202308190093,,work_order,救援工单,,local:2025年200台电梯困人工单数据.xlsx,,,,1,16.0,#64748b,5
work_order:JS202308190142,work_order:JS202308190142,工单 JS202308190142,,work_order,救援工单,,local:2025年200台电梯困人工单数据.xlsx,,,,2,17.0,#64748b,5
work_order:JS202308220013,work_order:JS202308220013,工单 JS202308220013,,work_order,救援工单,,local:2025年200台电梯困人工单数据.xlsx,,,,2,16.0,#64748b,5
work_order:JS202308220100,work_order:JS202308220100,工单 JS202308220100,,work_order,救援工单,,local:2025年200台电梯困人工单数据.xlsx,,,,1,10.0,#64748b,5
work_order:JS202308220156,work_order:JS202308220156,工单 JS202308220156,,work_order,救援工单,,local:2025年200台电梯困人工单数据.xlsx,,,,4,10.0,#64748b,5
work_order:JS202308230012,work_order:JS202308230012,工单 JS202308230012,,work_order,救援工单,,local:2025年200台电梯困人工单数据.xlsx,,,,1,18.0,#64748b,5
work_order:JS202308230046,work_order:JS202308230046,工单 JS202308230046,,work_order,救援工单,,local:2025年200台电梯困人工单数据.xlsx,,,,1,8.0,#64748b,5
work_order:JS202308230048,work_order:JS202308230048,工单 JS202308230048,,work_order,救援工单,,local:2025年200台电梯困人工单数据.xlsx,,,,2,6.0,#64748b,5
work_order:JS202308230055,work_order:JS202308230055,工单 JS202308230055,,work_order,救援工单,,local:2025年200台电梯困人工单数据.xlsx,,,,1,0.0,#64748b,5
work_order:JS202308240124,work_order:JS202308240124,工单 JS202308240124,,work_order,救援工单,,local:2025年200台电梯困人工单数据.xlsx,,,,1,10.0,#64748b,5
work_order:JS202308260016,work_order:JS202308260016,工单 JS202308260016,,work_order,救援工单,,local:2025年200台电梯困人工单数据.xlsx,,,,1,14.0,#64748b,5
work_order:JS202308260064,work_order:JS202308260064,工单 JS202308260064,,work_order,救援工单,,local:2025年200台电梯困人工单数据.xlsx,,,,6,16.0,#64748b,5
work_order:JS202308260082,work_order:JS202308260082,工单 JS202308260082,,work_order,救援工单,,local:2025年200台电梯困人工单数据.xlsx,,,,1,5.0,#64748b,5
work_order:JS202308260110,work_order:JS202308260110,工单 JS202308260110,,work_order,救援工单,,local:2025年200台电梯困人工单数据.xlsx,,,,2,5.0,#64748b,5
work_order:JS202308280061,work_order:JS202308280061,工单 JS202308280061,,work_order,救援工单,,local:2025年200台电梯困人工单数据.xlsx,,,,2,5.0,#64748b,5
work_order:JS202308280140,work_order:JS202308280140,工单 JS202308280140,,work_order,救援工单,,local:2025年200台电梯困人工单数据.xlsx,,,,1,23.0,#64748b,5
work_order:JS202308290047,work_order:JS202308290047,工单 JS202308290047,,work_order,救援工单,,local:2025年200台电梯困人工单数据.xlsx,,,,1,7.0,#64748b,5
work_order:JS202308290068,work_order:JS202308290068,工单 JS202308290068,,work_order,救援工单,,local:2025年200台电梯困人工单数据.xlsx,,,,8,8.0,#64748b,5
work_order:JS202308300048,work_order:JS202308300048,工单 JS202308300048,,work_order,救援工单,,local:2025年200台电梯困人工单数据.xlsx,,,,1,27.0,#64748b,5
work_order:JS202308310089,work_order:JS202308310089,工单 JS202308310089,,work_order,救援工单,,local:2025年200台电梯困人工单数据.xlsx,,,,2,4.0,#64748b,5
work_order:JS202309010079,work_order:JS202309010079,工单 JS202309010079,,work_order,救援工单,,local:2025年200台电梯困人工单数据.xlsx,,,,1,2.0,#64748b,5
work_order:JS202309010087,work_order:JS202309010087,工单 JS202309010087,,work_order,救援工单,,local:2025年200台电梯困人工单数据.xlsx,,,,2,12.0,#64748b,5
work_order:JS202309010092,work_order:JS202309010092,工单 JS202309010092,,work_order,救援工单,,local:2025年200台电梯困人工单数据.xlsx,,,,1,7.0,#64748b,5
work_order:JS202309010162,work_order:JS202309010162,工单 JS202309010162,,work_order,救援工单,,local:2025年200台电梯困人工单数据.xlsx,,,,3,5.0,#64748b,5
work_order:JS202309010172,work_order:JS202309010172,工单 JS202309010172,,work_order,救援工单,,local:2025年200台电梯困人工单数据.xlsx,,,,1,19.0,#64748b,5
work_order:JS202309020067,work_order:JS202309020067,工单 JS202309020067,,work_order,救援工单,,local:2025年200台电梯困人工单数据.xlsx,,,,1,5.0,#64748b,5
work_order:JS202309030016,work_order:JS202309030016,工单 JS202309030016,,work_order,救援工单,,local:2025年200台电梯困人工单数据.xlsx,,,,1,14.0,#64748b,5
work_order:JS202309040076,work_order:JS202309040076,工单 JS202309040076,,work_order,救援工单,,local:2025年200台电梯困人工单数据.xlsx,,,,1,22.0,#64748b,5
work_order:JS202309060028,work_order:JS202309060028,工单 JS202309060028,,work_order,救援工单,,local:2025年200台电梯困人工单数据.xlsx,,,,10,16.0,#64748b,5
work_order:JS202309060052,work_order:JS202309060052,工单 JS202309060052,,work_order,救援工单,,local:2025年200台电梯困人工单数据.xlsx,,,,1,6.0,#64748b,5
work_order:JS202309060084,work_order:JS202309060084,工单 JS202309060084,,work_order,救援工单,,local:2025年200台电梯困人工单数据.xlsx,,,,1,7.0,#64748b,5
work_order:JS202309070067,work_order:JS202309070067,工单 JS202309070067,,work_order,救援工单,,local:2025年200台电梯困人工单数据.xlsx,,,,1,21.0,#64748b,5
work_order:JS202309070073,work_order:JS202309070073,工单 JS202309070073,,work_order,救援工单,,local:2025年200台电梯困人工单数据.xlsx,,,,1,4.0,#64748b,5
work_order:JS202309090116,work_order:JS202309090116,工单 JS202309090116,,work_order,救援工单,,local:2025年200台电梯困人工单数据.xlsx,,,,1,11.0,#64748b,5
work_order:JS202309110079,work_order:JS202309110079,工单 JS202309110079,,work_order,救援工单,,local:2025年200台电梯困人工单数据.xlsx,,,,1,18.0,#64748b,5
work_order:JS202309110088,work_order:JS202309110088,工单 JS202309110088,,work_order,救援工单,,local:2025年200台电梯困人工单数据.xlsx,,,,1,7.0,#64748b,5
work_order:JS202309130002,work_order:JS202309130002,工单 JS202309130002,,work_order,救援工单,,local:2025年200台电梯困人工单数据.xlsx,,,,2,15.0,#64748b,5
work_order:JS202309130096,work_order:JS202309130096,工单 JS202309130096,,work_order,救援工单,,local:2025年200台电梯困人工单数据.xlsx,,,,2,6.0,#64748b,5
work_order:JS202309130123,work_order:JS202309130123,工单 JS202309130123,,work_order,救援工单,,local:2025年200台电梯困人工单数据.xlsx,,,,1,13.0,#64748b,5
work_order:JS202309140005,work_order:JS202309140005,工单 JS202309140005,,work_order,救援工单,,local:2025年200台电梯困人工单数据.xlsx,,,,1,22.0,#64748b,5
work_order:JS202309140051,work_order:JS202309140051,工单 JS202309140051,,work_order,救援工单,,local:2025年200台电梯困人工单数据.xlsx,,,,1,8.0,#64748b,5
work_order:JS202309140065,work_order:JS202309140065,工单 JS202309140065,,work_order,救援工单,,local:2025年200台电梯困人工单数据.xlsx,,,,2,7.0,#64748b,5
work_order:JS202309150017,work_order:JS202309150017,工单 JS202309150017,,work_order,救援工单,,local:2025年200台电梯困人工单数据.xlsx,,,,2,12.0,#64748b,5
work_order:JS202309150083,work_order:JS202309150083,工单 JS202309150083,,work_order,救援工单,,local:2025年200台电梯困人工单数据.xlsx,,,,1,14.0,#64748b,5
work_order:JS202309170089,work_order:JS202309170089,工单 JS202309170089,,work_order,救援工单,,local:2025年200台电梯困人工单数据.xlsx,,,,1,8.0,#64748b,5
work_order:JS202309180004,work_order:JS202309180004,工单 JS202309180004,,work_order,救援工单,,local:2025年200台电梯困人工单数据.xlsx,,,,1,16.0,#64748b,5
work_order:JS202309180076,work_order:JS202309180076,工单 JS202309180076,,work_order,救援工单,,local:2025年200台电梯困人工单数据.xlsx,,,,2,10.0,#64748b,5
work_order:JS202309190022,work_order:JS202309190022,工单 JS202309190022,,work_order,救援工单,,local:2025年200台电梯困人工单数据.xlsx,,,,1,17.0,#64748b,5
work_order:JS202309190149,work_order:JS202309190149,工单 JS202309190149,,work_order,救援工单,,local:2025年200台电梯困人工单数据.xlsx,,,,1,4.0,#64748b,5
work_order:JS202309200002,work_order:JS202309200002,工单 JS202309200002,,work_order,救援工单,,local:2025年200台电梯困人工单数据.xlsx,,,,1,19.0,#64748b,5
work_order:JS202309200086,work_order:JS202309200086,工单 JS202309200086,,work_order,救援工单,,local:2025年200台电梯困人工单数据.xlsx,,,,5,6.0,#64748b,5
work_order:JS202309210135,work_order:JS202309210135,工单 JS202309210135,,work_order,救援工单,,local:2025年200台电梯困人工单数据.xlsx,,,,1,10.0,#64748b,5
work_order:JS202309210156,work_order:JS202309210156,工单 JS202309210156,,work_order,救援工单,,local:2025年200台电梯困人工单数据.xlsx,,,,3,22.0,#64748b,5
work_order:JS202309230051,work_order:JS202309230051,工单 JS202309230051,,work_order,救援工单,,local:2025年200台电梯困人工单数据.xlsx,,,,1,14.0,#64748b,5
work_order:JS202309230054,work_order:JS202309230054,工单 JS202309230054,,work_order,救援工单,,local:2025年200台电梯困人工单数据.xlsx,,,,1,13.0,#64748b,5
work_order:JS202309240013,work_order:JS202309240013,工单 JS202309240013,,work_order,救援工单,,local:2025年200台电梯困人工单数据.xlsx,,,,1,4.0,#64748b,5
work_order:JS202309240065,work_order:JS202309240065,工单 JS202309240065,,work_order,救援工单,,local:2025年200台电梯困人工单数据.xlsx,,,,2,9.0,#64748b,5
work_order:JS202309260094,work_order:JS202309260094,工单 JS202309260094,,work_order,救援工单,,local:2025年200台电梯困人工单数据.xlsx,,,,2,4.0,#64748b,5
work_order:JS202309280126,work_order:JS202309280126,工单 JS202309280126,,work_order,救援工单,,local:2025年200台电梯困人工单数据.xlsx,,,,1,13.0,#64748b,5
work_order:JS202309290102,work_order:JS202309290102,工单 JS202309290102,,work_order,救援工单,,local:2025年200台电梯困人工单数据.xlsx,,,,1,13.0,#64748b,5
work_order:JS202310020014,work_order:JS202310020014,工单 JS202310020014,,work_order,救援工单,,local:2025年200台电梯困人工单数据.xlsx,,,,1,11.0,#64748b,5
work_order:JS202310030045,work_order:JS202310030045,工单 JS202310030045,,work_order,救援工单,,local:2025年200台电梯困人工单数据.xlsx,,,,2,12.0,#64748b,5
work_order:JS202310030092,work_order:JS202310030092,工单 JS202310030092,,work_order,救援工单,,local:2025年200台电梯困人工单数据.xlsx,,,,2,5.0,#64748b,5
work_order:JS202310060030,work_order:JS202310060030,工单 JS202310060030,,work_order,救援工单,,local:2025年200台电梯困人工单数据.xlsx,,,,3,4.0,#64748b,5
work_order:JS202310060054,work_order:JS202310060054,工单 JS202310060054,,work_order,救援工单,,local:2025年200台电梯困人工单数据.xlsx,,,,1,13.0,#64748b,5
work_order:JS202310060075,work_order:JS202310060075,工单 JS202310060075,,work_order,救援工单,,local:2025年200台电梯困人工单数据.xlsx,,,,1,2.0,#64748b,5
work_order:JS202310070033,work_order:JS202310070033,工单 JS202310070033,,work_order,救援工单,,local:2025年200台电梯困人工单数据.xlsx,,,,2,1.0,#64748b,5
work_order:JS202310070036,work_order:JS202310070036,工单 JS202310070036,,work_order,救援工单,,local:2025年200台电梯困人工单数据.xlsx,,,,3,18.0,#64748b,5
work_order:JS202310070063,work_order:JS202310070063,工单 JS202310070063,,work_order,救援工单,,local:2025年200台电梯困人工单数据.xlsx,,,,5,-10.0,#64748b,5
work_order:JS202310080002,work_order:JS202310080002,工单 JS202310080002,,work_order,救援工单,,local:2025年200台电梯困人工单数据.xlsx,,,,1,12.0,#64748b,5
work_order:JS202310080033,work_order:JS202310080033,工单 JS202310080033,,work_order,救援工单,,local:2025年200台电梯困人工单数据.xlsx,,,,1,8.0,#64748b,5
work_order:JS202310080109,work_order:JS202310080109,工单 JS202310080109,,work_order,救援工单,,local:2025年200台电梯困人工单数据.xlsx,,,,10,13.0,#64748b,5
work_order:JS202310080167,work_order:JS202310080167,工单 JS202310080167,,work_order,救援工单,,local:2025年200台电梯困人工单数据.xlsx,,,,1,14.0,#64748b,5
work_order:JS202310100058,work_order:JS202310100058,工单 JS202310100058,,work_order,救援工单,,local:2025年200台电梯困人工单数据.xlsx,,,,1,,#64748b,5
work_order:JS202310110028,work_order:JS202310110028,工单 JS202310110028,,work_order,救援工单,,local:2025年200台电梯困人工单数据.xlsx,,,,1,3.0,#64748b,5
work_order:JS202310110036,work_order:JS202310110036,工单 JS202310110036,,work_order,救援工单,,local:2025年200台电梯困人工单数据.xlsx,,,,1,5.0,#64748b,5
work_order:JS202310150062,work_order:JS202310150062,工单 JS202310150062,,work_order,救援工单,,local:2025年200台电梯困人工单数据.xlsx,,,,3,15.0,#64748b,5
work_order:JS202310160018,work_order:JS202310160018,工单 JS202310160018,,work_order,救援工单,,local:2025年200台电梯困人工单数据.xlsx,,,,6,4.0,#64748b,5
work_order:JS202310200086,work_order:JS202310200086,工单 JS202310200086,,work_order,救援工单,,local:2025年200台电梯困人工单数据.xlsx,,,,1,19.0,#64748b,5
work_order:JS202310220023,work_order:JS202310220023,工单 JS202310220023,,work_order,救援工单,,local:2025年200台电梯困人工单数据.xlsx,,,,1,6.0,#64748b,5
work_order:JS202310220025,work_order:JS202310220025,工单 JS202310220025,,work_order,救援工单,,local:2025年200台电梯困人工单数据.xlsx,,,,1,17.0,#64748b,5
work_order:JS202310240081,work_order:JS202310240081,工单 JS202310240081,,work_order,救援工单,,local:2025年200台电梯困人工单数据.xlsx,,,,1,15.0,#64748b,5
work_order:JS202310240090,work_order:JS202310240090,工单 JS202310240090,,work_order,救援工单,,local:2025年200台电梯困人工单数据.xlsx,,,,1,4.0,#64748b,5
work_order:JS202310240100,work_order:JS202310240100,工单 JS202310240100,,work_order,救援工单,,local:2025年200台电梯困人工单数据.xlsx,,,,2,13.0,#64748b,5
work_order:JS202310240117,work_order:JS202310240117,工单 JS202310240117,,work_order,救援工单,,local:2025年200台电梯困人工单数据.xlsx,,,,1,16.0,#64748b,5
work_order:JS202310250075,work_order:JS202310250075,工单 JS202310250075,,work_order,救援工单,,local:2025年200台电梯困人工单数据.xlsx,,,,1,14.0,#64748b,5
work_order:JS202310250104,work_order:JS202310250104,工单 JS202310250104,,work_order,救援工单,,local:2025年200台电梯困人工单数据.xlsx,,,,1,15.0,#64748b,5
work_order:JS202310260001,work_order:JS202310260001,工单 JS202310260001,,work_order,救援工单,,local:2025年200台电梯困人工单数据.xlsx,,,,2,5.0,#64748b,5
work_order:JS202310260072,work_order:JS202310260072,工单 JS202310260072,,work_order,救援工单,,local:2025年200台电梯困人工单数据.xlsx,,,,1,15.0,#64748b,5
work_order:JS202310260113,work_order:JS202310260113,工单 JS202310260113,,work_order,救援工单,,local:2025年200台电梯困人工单数据.xlsx,,,,1,12.0,#64748b,5
work_order:JS202310270007,work_order:JS202310270007,工单 JS202310270007,,work_order,救援工单,,local:2025年200台电梯困人工单数据.xlsx,,,,2,-2.0,#64748b,5
work_order:JS202310270063,work_order:JS202310270063,工单 JS202310270063,,work_order,救援工单,,local:2025年200台电梯困人工单数据.xlsx,,,,2,5.0,#64748b,5
work_order:JS202310270076,work_order:JS202310270076,工单 JS202310270076,,work_order,救援工单,,local:2025年200台电梯困人工单数据.xlsx,,,,10,9.0,#64748b,5
work_order:JS202310270109,work_order:JS202310270109,工单 JS202310270109,,work_order,救援工单,,local:2025年200台电梯困人工单数据.xlsx,,,,1,7.0,#64748b,5
work_order:JS202310280010,work_order:JS202310280010,工单 JS202310280010,,work_order,救援工单,,local:2025年200台电梯困人工单数据.xlsx,,,,2,12.0,#64748b,5
work_order:JS202310280045,work_order:JS202310280045,工单 JS202310280045,,work_order,救援工单,,local:2025年200台电梯困人工单数据.xlsx,,,,1,3.0,#64748b,5
work_order:JS202310290025,work_order:JS202310290025,工单 JS202310290025,,work_order,救援工单,,local:2025年200台电梯困人工单数据.xlsx,,,,1,20.0,#64748b,5
work_order:JS202310290039,work_order:JS202310290039,工单 JS202310290039,,work_order,救援工单,,local:2025年200台电梯困人工单数据.xlsx,,,,2,-4.0,#64748b,5
work_order:JS202310300083,work_order:JS202310300083,工单 JS202310300083,,work_order,救援工单,,local:2025年200台电梯困人工单数据.xlsx,,,,1,3.0,#64748b,5
work_order:JS202310310009,work_order:JS202310310009,工单 JS202310310009,,work_order,救援工单,,local:2025年200台电梯困人工单数据.xlsx,,,,1,-2.0,#64748b,5
work_order:JS202310310015,work_order:JS202310310015,工单 JS202310310015,,work_order,救援工单,,local:2025年200台电梯困人工单数据.xlsx,,,,1,8.0,#64748b,5
work_order:JS202310310135,work_order:JS202310310135,工单 JS202310310135,,work_order,救援工单,,local:2025年200台电梯困人工单数据.xlsx,,,,1,9.0,#64748b,5
work_order:JS202310310153,work_order:JS202310310153,工单 JS202310310153,,work_order,救援工单,,local:2025年200台电梯困人工单数据.xlsx,,,,1,6.0,#64748b,5
work_order:JS202310310154,work_order:JS202310310154,工单 JS202310310154,,work_order,救援工单,,local:2025年200台电梯困人工单数据.xlsx,,,,1,16.0,#64748b,5
work_order:JS202311010149,work_order:JS202311010149,工单 JS202311010149,,work_order,救援工单,,local:2025年200台电梯困人工单数据.xlsx,,,,1,20.0,#64748b,5
work_order:JS202311020063,work_order:JS202311020063,工单 JS202311020063,,work_order,救援工单,,local:2025年200台电梯困人工单数据.xlsx,,,,2,-221.0,#64748b,5
work_order:JS202311020130,work_order:JS202311020130,工单 JS202311020130,,work_order,救援工单,,local:2025年200台电梯困人工单数据.xlsx,,,,3,18.0,#64748b,5
work_order:JS202311040050,work_order:JS202311040050,工单 JS202311040050,,work_order,救援工单,,local:2025年200台电梯困人工单数据.xlsx,,,,2,17.0,#64748b,5
work_order:JS202311040062,work_order:JS202311040062,工单 JS202311040062,,work_order,救援工单,,local:2025年200台电梯困人工单数据.xlsx,,,,1,1.0,#64748b,5
work_order:JS202311040112,work_order:JS202311040112,工单 JS202311040112,,work_order,救援工单,,local:2025年200台电梯困人工单数据.xlsx,,,,7,15.0,#64748b,5
work_order:JS202311050131,work_order:JS202311050131,工单 JS202311050131,,work_order,救援工单,,local:2025年200台电梯困人工单数据.xlsx,,,,4,8.0,#64748b,5
work_order:JS202311070158,work_order:JS202311070158,工单 JS202311070158,,work_order,救援工单,,local:2025年200台电梯困人工单数据.xlsx,,,,1,5.0,#64748b,5
work_order:JS202311080097,work_order:JS202311080097,工单 JS202311080097,,work_order,救援工单,,local:2025年200台电梯困人工单数据.xlsx,,,,4,10.0,#64748b,5
work_order:JS202311090001,work_order:JS202311090001,工单 JS202311090001,,work_order,救援工单,,local:2025年200台电梯困人工单数据.xlsx,,,,1,3.0,#64748b,5
work_order:JS202311090084,work_order:JS202311090084,工单 JS202311090084,,work_order,救援工单,,local:2025年200台电梯困人工单数据.xlsx,,,,2,1.0,#64748b,5
work_order:JS202311090107,work_order:JS202311090107,工单 JS202311090107,,work_order,救援工单,,local:2025年200台电梯困人工单数据.xlsx,,,,1,13.0,#64748b,5
work_order:JS202311100018,work_order:JS202311100018,工单 JS202311100018,,work_order,救援工单,,local:2025年200台电梯困人工单数据.xlsx,,,,1,18.0,#64748b,5
work_order:JS202311100089,work_order:JS202311100089,工单 JS202311100089,,work_order,救援工单,,local:2025年200台电梯困人工单数据.xlsx,,,,2,14.0,#64748b,5
work_order:JS202311100143,work_order:JS202311100143,工单 JS202311100143,,work_order,救援工单,,local:2025年200台电梯困人工单数据.xlsx,,,,1,3.0,#64748b,5
work_order:JS202311100171,work_order:JS202311100171,工单 JS202311100171,,work_order,救援工单,,local:2025年200台电梯困人工单数据.xlsx,,,,1,21.0,#64748b,5
work_order:JS202311110021,work_order:JS202311110021,工单 JS202311110021,,work_order,救援工单,,local:2025年200台电梯困人工单数据.xlsx,,,,1,21.0,#64748b,5
work_order:JS202311110029,work_order:JS202311110029,工单 JS202311110029,,work_order,救援工单,,local:2025年200台电梯困人工单数据.xlsx,,,,1,4.0,#64748b,5
work_order:JS202311110171,work_order:JS202311110171,工单 JS202311110171,,work_order,救援工单,,local:2025年200台电梯困人工单数据.xlsx,,,,1,10.0,#64748b,5
work_order:JS202311120062,work_order:JS202311120062,工单 JS202311120062,,work_order,救援工单,,local:2025年200台电梯困人工单数据.xlsx,,,,2,-4.0,#64748b,5
work_order:JS202311120193,work_order:JS202311120193,工单 JS202311120193,,work_order,救援工单,,local:2025年200台电梯困人工单数据.xlsx,,,,1,14.0,#64748b,5
work_order:JS202311130062,work_order:JS202311130062,工单 JS202311130062,,work_order,救援工单,,local:2025年200台电梯困人工单数据.xlsx,,,,5,7.0,#64748b,5
work_order:JS202311130135,work_order:JS202311130135,工单 JS202311130135,,work_order,救援工单,,local:2025年200台电梯困人工单数据.xlsx,,,,5,7.0,#64748b,5
work_order:JS202311130187,work_order:JS202311130187,工单 JS202311130187,,work_order,救援工单,,local:2025年200台电梯困人工单数据.xlsx,,,,1,5.0,#64748b,5
work_order:JS202311130318,work_order:JS202311130318,工单 JS202311130318,,work_order,救援工单,,local:2025年200台电梯困人工单数据.xlsx,,,,2,15.0,#64748b,5
work_order:JS202311140031,work_order:JS202311140031,工单 JS202311140031,,work_order,救援工单,,local:2025年200台电梯困人工单数据.xlsx,,,,1,10.0,#64748b,5
work_order:JS202311140200,work_order:JS202311140200,工单 JS202311140200,,work_order,救援工单,,local:2025年200台电梯困人工单数据.xlsx,,,,1,12.0,#64748b,5
work_order:JS202311150009,work_order:JS202311150009,工单 JS202311150009,,work_order,救援工单,,local:2025年200台电梯困人工单数据.xlsx,,,,1,5.0,#64748b,5
work_order:JS202311150047,work_order:JS202311150047,工单 JS202311150047,,work_order,救援工单,,local:2025年200台电梯困人工单数据.xlsx,,,,1,7.0,#64748b,5
work_order:JS202311160067,work_order:JS202311160067,工单 JS202311160067,,work_order,救援工单,,local:2025年200台电梯困人工单数据.xlsx,,,,1,9.0,#64748b,5
work_order:JS202311160108,work_order:JS202311160108,工单 JS202311160108,,work_order,救援工单,,local:2025年200台电梯困人工单数据.xlsx,,,,1,19.0,#64748b,5
work_order:JS202311180034,work_order:JS202311180034,工单 JS202311180034,,work_order,救援工单,,local:2025年200台电梯困人工单数据.xlsx,,,,2,2.0,#64748b,5
work_order:JS202311180050,work_order:JS202311180050,工单 JS202311180050,,work_order,救援工单,,local:2025年200台电梯困人工单数据.xlsx,,,,8,1.0,#64748b,5
work_order:JS202311180229,work_order:JS202311180229,工单 JS202311180229,,work_order,救援工单,,local:2025年200台电梯困人工单数据.xlsx,,,,1,24.0,#64748b,5
work_order:JS202311190142,work_order:JS202311190142,工单 JS202311190142,,work_order,救援工单,,local:2025年200台电梯困人工单数据.xlsx,,,,2,5.0,#64748b,5
work_order:JS202311210056,work_order:JS202311210056,工单 JS202311210056,,work_order,救援工单,,local:2025年200台电梯困人工单数据.xlsx,,,,1,4.0,#64748b,5
work_order:JS202311220068,work_order:JS202311220068,工单 JS202311220068,,work_order,救援工单,,local:2025年200台电梯困人工单数据.xlsx,,,,1,8.0,#64748b,5
work_order:JS202311230047,work_order:JS202311230047,工单 JS202311230047,,work_order,救援工单,,local:2025年200台电梯困人工单数据.xlsx,,,,1,4.0,#64748b,5
work_order:JS202311250006,work_order:JS202311250006,工单 JS202311250006,,work_order,救援工单,,local:2025年200台电梯困人工单数据.xlsx,,,,1,21.0,#64748b,5
work_order:JS202311250117,work_order:JS202311250117,工单 JS202311250117,,work_order,救援工单,,local:2025年200台电梯困人工单数据.xlsx,,,,1,11.0,#64748b,5
work_order:JS202311250142,work_order:JS202311250142,工单 JS202311250142,,work_order,救援工单,,local:2025年200台电梯困人工单数据.xlsx,,,,2,9.0,#64748b,5
work_order:JS202311260129,work_order:JS202311260129,工单 JS202311260129,,work_order,救援工单,,local:2025年200台电梯困人工单数据.xlsx,,,,3,25.0,#64748b,5
work_order:JS202311290035,work_order:JS202311290035,工单 JS202311290035,,work_order,救援工单,,local:2025年200台电梯困人工单数据.xlsx,,,,1,5.0,#64748b,5
work_order:JS202311290048,work_order:JS202311290048,工单 JS202311290048,,work_order,救援工单,,local:2025年200台电梯困人工单数据.xlsx,,,,1,9.0,#64748b,5
work_order:JS202311290050,work_order:JS202311290050,工单 JS202311290050,,work_order,救援工单,,local:2025年200台电梯困人工单数据.xlsx,,,,1,11.0,#64748b,5
work_order:JS202311290105,work_order:JS202311290105,工单 JS202311290105,,work_order,救援工单,,local:2025年200台电梯困人工单数据.xlsx,,,,2,5.0,#64748b,5
work_order:JS202311300044,work_order:JS202311300044,工单 JS202311300044,,work_order,救援工单,,local:2025年200台电梯困人工单数据.xlsx,,,,1,10.0,#64748b,5
work_order:JS202311300187,work_order:JS202311300187,工单 JS202311300187,,work_order,救援工单,,local:2025年200台电梯困人工单数据.xlsx,,,,1,13.0,#64748b,5
work_order:JS202312010204,work_order:JS202312010204,工单 JS202312010204,,work_order,救援工单,,local:2025年200台电梯困人工单数据.xlsx,,,,1,9.0,#64748b,5
work_order:JS202312010224,work_order:JS202312010224,工单 JS202312010224,,work_order,救援工单,,local:2025年200台电梯困人工单数据.xlsx,,,,1,8.0,#64748b,5
work_order:JS202312020088,work_order:JS202312020088,工单 JS202312020088,,work_order,救援工单,,local:2025年200台电梯困人工单数据.xlsx,,,,5,2.0,#64748b,5
work_order:JS202312020167,work_order:JS202312020167,工单 JS202312020167,,work_order,救援工单,,local:2025年200台电梯困人工单数据.xlsx,,,,1,9.0,#64748b,5
work_order:JS202312030038,work_order:JS202312030038,工单 JS202312030038,,work_order,救援工单,,local:2025年200台电梯困人工单数据.xlsx,,,,1,4.0,#64748b,5
work_order:JS202312040030,work_order:JS202312040030,工单 JS202312040030,,work_order,救援工单,,local:2025年200台电梯困人工单数据.xlsx,,,,4,5.0,#64748b,5
work_order:JS202312040065,work_order:JS202312040065,工单 JS202312040065,,work_order,救援工单,,local:2025年200台电梯困人工单数据.xlsx,,,,10,5.0,#64748b,5
work_order:JS202312040124,work_order:JS202312040124,工单 JS202312040124,,work_order,救援工单,,local:2025年200台电梯困人工单数据.xlsx,,,,1,25.0,#64748b,5
work_order:JS202312040125,work_order:JS202312040125,工单 JS202312040125,,work_order,救援工单,,local:2025年200台电梯困人工单数据.xlsx,,,,1,19.0,#64748b,5
work_order:JS202312050002,work_order:JS202312050002,工单 JS202312050002,,work_order,救援工单,,local:2025年200台电梯困人工单数据.xlsx,,,,1,0.0,#64748b,5
work_order:JS202312050022,work_order:JS202312050022,工单 JS202312050022,,work_order,救援工单,,local:2025年200台电梯困人工单数据.xlsx,,,,1,5.0,#64748b,5
work_order:JS202312060040,work_order:JS202312060040,工单 JS202312060040,,work_order,救援工单,,local:2025年200台电梯困人工单数据.xlsx,,,,1,8.0,#64748b,5
work_order:JS202312070130,work_order:JS202312070130,工单 JS202312070130,,work_order,救援工单,,local:2025年200台电梯困人工单数据.xlsx,,,,1,9.0,#64748b,5
work_order:JS202312080118,work_order:JS202312080118,工单 JS202312080118,,work_order,救援工单,,local:2025年200台电梯困人工单数据.xlsx,,,,1,20.0,#64748b,5
work_order:JS202312100067,work_order:JS202312100067,工单 JS202312100067,,work_order,救援工单,,local:2025年200台电梯困人工单数据.xlsx,,,,2,13.0,#64748b,5
work_order:JS202312120036,work_order:JS202312120036,工单 JS202312120036,,work_order,救援工单,,local:2025年200台电梯困人工单数据.xlsx,,,,1,8.0,#64748b,5
work_order:JS202312140035,work_order:JS202312140035,工单 JS202312140035,,work_order,救援工单,,local:2025年200台电梯困人工单数据.xlsx,,,,1,8.0,#64748b,5
work_order:JS202312140120,work_order:JS202312140120,工单 JS202312140120,,work_order,救援工单,,local:2025年200台电梯困人工单数据.xlsx,,,,1,9.0,#64748b,5
work_order:JS202312150048,work_order:JS202312150048,工单 JS202312150048,,work_order,救援工单,,local:2025年200台电梯困人工单数据.xlsx,,,,2,3.0,#64748b,5
work_order:JS202312160205,work_order:JS202312160205,工单 JS202312160205,,work_order,救援工单,,local:2025年200台电梯困人工单数据.xlsx,,,,1,4.0,#64748b,5
work_order:JS202312160300,work_order:JS202312160300,工单 JS202312160300,,work_order,救援工单,,local:2025年200台电梯困人工单数据.xlsx,,,,4,15.0,#64748b,5
work_order:JS202312160302,work_order:JS202312160302,工单 JS202312160302,,work_order,救援工单,,local:2025年200台电梯困人工单数据.xlsx,,,,5,15.0,#64748b,5
work_order:JS202312160308,work_order:JS202312160308,工单 JS202312160308,,work_order,救援工单,,local:2025年200台电梯困人工单数据.xlsx,,,,1,24.0,#64748b,5
work_order:JS202312160315,work_order:JS202312160315,工单 JS202312160315,,work_order,救援工单,,local:2025年200台电梯困人工单数据.xlsx,,,,1,22.0,#64748b,5
work_order:JS202312160321,work_order:JS202312160321,工单 JS202312160321,,work_order,救援工单,,local:2025年200台电梯困人工单数据.xlsx,,,,2,10.0,#64748b,5
work_order:JS202312170327,work_order:JS202312170327,工单 JS202312170327,,work_order,救援工单,,local:2025年200台电梯困人工单数据.xlsx,,,,2,19.0,#64748b,5
work_order:JS202312170356,work_order:JS202312170356,工单 JS202312170356,,work_order,救援工单,,local:2025年200台电梯困人工单数据.xlsx,,,,1,10.0,#64748b,5
work_order:JS202312180079,work_order:JS202312180079,工单 JS202312180079,,work_order,救援工单,,local:2025年200台电梯困人工单数据.xlsx,,,,1,20.0,#64748b,5
work_order:JS202312190173,work_order:JS202312190173,工单 JS202312190173,,work_order,救援工单,,local:2025年200台电梯困人工单数据.xlsx,,,,1,13.0,#64748b,5
work_order:JS202312190189,work_order:JS202312190189,工单 JS202312190189,,work_order,救援工单,,local:2025年200台电梯困人工单数据.xlsx,,,,3,26.0,#64748b,5
work_order:JS202312200078,work_order:JS202312200078,工单 JS202312200078,,work_order,救援工单,,local:2025年200台电梯困人工单数据.xlsx,,,,1,19.0,#64748b,5
work_order:JS202312210181,work_order:JS202312210181,工单 JS202312210181,,work_order,救援工单,,local:2025年200台电梯困人工单数据.xlsx,,,,1,0.0,#64748b,5
work_order:JS202312220175,work_order:JS202312220175,工单 JS202312220175,,work_order,救援工单,,local:2025年200台电梯困人工单数据.xlsx,,,,2,21.0,#64748b,5
work_order:JS202312220242,work_order:JS202312220242,工单 JS202312220242,,work_order,救援工单,,local:2025年200台电梯困人工单数据.xlsx,,,,3,5.0,#64748b,5
work_order:JS202312220350,work_order:JS202312220350,工单 JS202312220350,,work_order,救援工单,,local:2025年200台电梯困人工单数据.xlsx,,,,1,26.0,#64748b,5
work_order:JS202312230054,work_order:JS202312230054,工单 JS202312230054,,work_order,救援工单,,local:2025年200台电梯困人工单数据.xlsx,,,,1,7.0,#64748b,5
work_order:JS202312230246,work_order:JS202312230246,工单 JS202312230246,,work_order,救援工单,,local:2025年200台电梯困人工单数据.xlsx,,,,1,3.0,#64748b,5
work_order:JS202312230256,work_order:JS202312230256,工单 JS202312230256,,work_order,救援工单,,local:2025年200台电梯困人工单数据.xlsx,,,,2,12.0,#64748b,5
work_order:JS202312240010,work_order:JS202312240010,工单 JS202312240010,,work_order,救援工单,,local:2025年200台电梯困人工单数据.xlsx,,,,1,9.0,#64748b,5
work_order:JS202312240152,work_order:JS202312240152,工单 JS202312240152,,work_order,救援工单,,local:2025年200台电梯困人工单数据.xlsx,,,,1,5.0,#64748b,5
work_order:JS202312240169,work_order:JS202312240169,工单 JS202312240169,,work_order,救援工单,,local:2025年200台电梯困人工单数据.xlsx,,,,10,5.0,#64748b,5
work_order:JS202312240172,work_order:JS202312240172,工单 JS202312240172,,work_order,救援工单,,local:2025年200台电梯困人工单数据.xlsx,,,,11,11.0,#64748b,5
work_order:JS202312240194,work_order:JS202312240194,工单 JS202312240194,,work_order,救援工单,,local:2025年200台电梯困人工单数据.xlsx,,,,5,22.0,#64748b,5
work_order:JS202312250051,work_order:JS202312250051,工单 JS202312250051,,work_order,救援工单,,local:2025年200台电梯困人工单数据.xlsx,,,,1,24.0,#64748b,5
work_order:JS202312260115,work_order:JS202312260115,工单 JS202312260115,,work_order,救援工单,,local:2025年200台电梯困人工单数据.xlsx,,,,1,10.0,#64748b,5
work_order:JS202312260145,work_order:JS202312260145,工单 JS202312260145,,work_order,救援工单,,local:2025年200台电梯困人工单数据.xlsx,,,,1,13.0,#64748b,5
work_order:JS202312270136,work_order:JS202312270136,工单 JS202312270136,,work_order,救援工单,,local:2025年200台电梯困人工单数据.xlsx,,,,4,6.0,#64748b,5
work_order:JS202312280104,work_order:JS202312280104,工单 JS202312280104,,work_order,救援工单,,local:2025年200台电梯困人工单数据.xlsx,,,,1,,#64748b,5
work_order:JS202312280119,work_order:JS202312280119,工单 JS202312280119,,work_order,救援工单,,local:2025年200台电梯困人工单数据.xlsx,,,,1,18.0,#64748b,5
work_order:JS202312290104,work_order:JS202312290104,工单 JS202312290104,,work_order,救援工单,,local:2025年200台电梯困人工单数据.xlsx,,,,1,13.0,#64748b,5
work_order:JS202312300100,work_order:JS202312300100,工单 JS202312300100,,work_order,救援工单,,local:2025年200台电梯困人工单数据.xlsx,,,,10,12.0,#64748b,5
work_order:JS202312300140,work_order:JS202312300140,工单 JS202312300140,,work_order,救援工单,,local:2025年200台电梯困人工单数据.xlsx,,,,10,15.0,#64748b,5
work_order:JS202312310012,work_order:JS202312310012,工单 JS202312310012,,work_order,救援工单,,local:2025年200台电梯困人工单数据.xlsx,,,,1,7.0,#64748b,5
work_order:JS202401020058,work_order:JS202401020058,工单 JS202401020058,,work_order,救援工单,,local:2025年200台电梯困人工单数据.xlsx,,,,1,25.0,#64748b,5
work_order:JS202401020074,work_order:JS202401020074,工单 JS202401020074,,work_order,救援工单,,local:2025年200台电梯困人工单数据.xlsx,,,,2,22.0,#64748b,5
work_order:JS202401020127,work_order:JS202401020127,工单 JS202401020127,,work_order,救援工单,,local:2025年200台电梯困人工单数据.xlsx,,,,4,2.0,#64748b,5
work_order:JS202401030046,work_order:JS202401030046,工单 JS202401030046,,work_order,救援工单,,local:2025年200台电梯困人工单数据.xlsx,,,,1,4.0,#64748b,5
work_order:JS202401030086,work_order:JS202401030086,工单 JS202401030086,,work_order,救援工单,,local:2025年200台电梯困人工单数据.xlsx,,,,1,11.0,#64748b,5
work_order:JS202401040072,work_order:JS202401040072,工单 JS202401040072,,work_order,救援工单,,local:2025年200台电梯困人工单数据.xlsx,,,,1,11.0,#64748b,5
work_order:JS202401050001,work_order:JS202401050001,工单 JS202401050001,,work_order,救援工单,,local:2025年200台电梯困人工单数据.xlsx,,,,1,5.0,#64748b,5
work_order:JS202401050029,work_order:JS202401050029,工单 JS202401050029,,work_order,救援工单,,local:2025年200台电梯困人工单数据.xlsx,,,,3,25.0,#64748b,5
work_order:JS202401060054,work_order:JS202401060054,工单 JS202401060054,,work_order,救援工单,,local:2025年200台电梯困人工单数据.xlsx,,,,2,,#64748b,5
work_order:JS202401060083,work_order:JS202401060083,工单 JS202401060083,,work_order,救援工单,,local:2025年200台电梯困人工单数据.xlsx,,,,1,5.0,#64748b,5
work_order:JS202401080024,work_order:JS202401080024,工单 JS202401080024,,work_order,救援工单,,local:2025年200台电梯困人工单数据.xlsx,,,,7,19.0,#64748b,5
work_order:JS202401090047,work_order:JS202401090047,工单 JS202401090047,,work_order,救援工单,,local:2025年200台电梯困人工单数据.xlsx,,,,1,5.0,#64748b,5
work_order:JS202401100068,work_order:JS202401100068,工单 JS202401100068,,work_order,救援工单,,local:2025年200台电梯困人工单数据.xlsx,,,,1,15.0,#64748b,5
work_order:JS202401110037,work_order:JS202401110037,工单 JS202401110037,,work_order,救援工单,,local:2025年200台电梯困人工单数据.xlsx,,,,1,5.0,#64748b,5
work_order:JS202401110108,work_order:JS202401110108,工单 JS202401110108,,work_order,救援工单,,local:2025年200台电梯困人工单数据.xlsx,,,,2,9.0,#64748b,5
work_order:JS202401120044,work_order:JS202401120044,工单 JS202401120044,,work_order,救援工单,,local:2025年200台电梯困人工单数据.xlsx,,,,5,,#64748b,5
work_order:JS202401120085,work_order:JS202401120085,工单 JS202401120085,,work_order,救援工单,,local:2025年200台电梯困人工单数据.xlsx,,,,1,12.0,#64748b,5
work_order:JS202401130094,work_order:JS202401130094,工单 JS202401130094,,work_order,救援工单,,local:2025年200台电梯困人工单数据.xlsx,,,,4,8.0,#64748b,5
work_order:JS202401140059,work_order:JS202401140059,工单 JS202401140059,,work_order,救援工单,,local:2025年200台电梯困人工单数据.xlsx,,,,4,5.0,#64748b,5
work_order:JS202401150105,work_order:JS202401150105,工单 JS202401150105,,work_order,救援工单,,local:2025年200台电梯困人工单数据.xlsx,,,,3,4.0,#64748b,5
work_order:JS202401160052,work_order:JS202401160052,工单 JS202401160052,,work_order,救援工单,,local:2025年200台电梯困人工单数据.xlsx,,,,1,5.0,#64748b,5
work_order:JS202401170063,work_order:JS202401170063,工单 JS202401170063,,work_order,救援工单,,local:2025年200台电梯困人工单数据.xlsx,,,,1,7.0,#64748b,5
work_order:JS202401170105,work_order:JS202401170105,工单 JS202401170105,,work_order,救援工单,,local:2025年200台电梯困人工单数据.xlsx,,,,3,19.0,#64748b,5
work_order:JS202401180048,work_order:JS202401180048,工单 JS202401180048,,work_order,救援工单,,local:2025年200台电梯困人工单数据.xlsx,,,,1,10.0,#64748b,5
work_order:JS202401180051,work_order:JS202401180051,工单 JS202401180051,,work_order,救援工单,,local:2025年200台电梯困人工单数据.xlsx,,,,1,10.0,#64748b,5
work_order:JS202401190015,work_order:JS202401190015,工单 JS202401190015,,work_order,救援工单,,local:2025年200台电梯困人工单数据.xlsx,,,,1,7.0,#64748b,5
work_order:JS202401190048,work_order:JS202401190048,工单 JS202401190048,,work_order,救援工单,,local:2025年200台电梯困人工单数据.xlsx,,,,1,15.0,#64748b,5
work_order:JS202401190058,work_order:JS202401190058,工单 JS202401190058,,work_order,救援工单,,local:2025年200台电梯困人工单数据.xlsx,,,,1,15.0,#64748b,5
work_order:JS202401190088,work_order:JS202401190088,工单 JS202401190088,,work_order,救援工单,,local:2025年200台电梯困人工单数据.xlsx,,,,1,11.0,#64748b,5
work_order:JS202401190095,work_order:JS202401190095,工单 JS202401190095,,work_order,救援工单,,local:2025年200台电梯困人工单数据.xlsx,,,,1,22.0,#64748b,5
work_order:JS202401200043,work_order:JS202401200043,工单 JS202401200043,,work_order,救援工单,,local:2025年200台电梯困人工单数据.xlsx,,,,1,1.0,#64748b,5
work_order:JS202401200061,work_order:JS202401200061,工单 JS202401200061,,work_order,救援工单,,local:2025年200台电梯困人工单数据.xlsx,,,,8,5.0,#64748b,5
work_order:JS202401200084,work_order:JS202401200084,工单 JS202401200084,,work_order,救援工单,,local:2025年200台电梯困人工单数据.xlsx,,,,1,19.0,#64748b,5
work_order:JS202401210062,work_order:JS202401210062,工单 JS202401210062,,work_order,救援工单,,local:2025年200台电梯困人工单数据.xlsx,,,,4,1.0,#64748b,5
work_order:JS202401220017,work_order:JS202401220017,工单 JS202401220017,,work_order,救援工单,,local:2025年200台电梯困人工单数据.xlsx,,,,2,12.0,#64748b,5
work_order:JS202401220045,work_order:JS202401220045,工单 JS202401220045,,work_order,救援工单,,local:2025年200台电梯困人工单数据.xlsx,,,,1,9.0,#64748b,5
work_order:JS202401230125,work_order:JS202401230125,工单 JS202401230125,,work_order,救援工单,,local:2025年200台电梯困人工单数据.xlsx,,,,1,4.0,#64748b,5
work_order:JS202401230140,work_order:JS202401230140,工单 JS202401230140,,work_order,救援工单,,local:2025年200台电梯困人工单数据.xlsx,,,,1,19.0,#64748b,5
work_order:JS202401240171,work_order:JS202401240171,工单 JS202401240171,,work_order,救援工单,,local:2025年200台电梯困人工单数据.xlsx,,,,1,20.0,#64748b,5
work_order:JS202401260045,work_order:JS202401260045,工单 JS202401260045,,work_order,救援工单,,local:2025年200台电梯困人工单数据.xlsx,,,,1,6.0,#64748b,5
work_order:JS202401280022,work_order:JS202401280022,工单 JS202401280022,,work_order,救援工单,,local:2025年200台电梯困人工单数据.xlsx,,,,2,17.0,#64748b,5
work_order:JS202401280050,work_order:JS202401280050,工单 JS202401280050,,work_order,救援工单,,local:2025年200台电梯困人工单数据.xlsx,,,,4,0.0,#64748b,5
work_order:JS202401280106,work_order:JS202401280106,工单 JS202401280106,,work_order,救援工单,,local:2025年200台电梯困人工单数据.xlsx,,,,1,29.0,#64748b,5
work_order:JS202401290032,work_order:JS202401290032,工单 JS202401290032,,work_order,救援工单,,local:2025年200台电梯困人工单数据.xlsx,,,,1,4.0,#64748b,5
work_order:JS202401290043,work_order:JS202401290043,工单 JS202401290043,,work_order,救援工单,,local:2025年200台电梯困人工单数据.xlsx,,,,1,5.0,#64748b,5
work_order:JS202401290045,work_order:JS202401290045,工单 JS202401290045,,work_order,救援工单,,local:2025年200台电梯困人工单数据.xlsx,,,,1,5.0,#64748b,5
work_order:JS202401290053,work_order:JS202401290053,工单 JS202401290053,,work_order,救援工单,,local:2025年200台电梯困人工单数据.xlsx,,,,1,12.0,#64748b,5
work_order:JS202401300030,work_order:JS202401300030,工单 JS202401300030,,work_order,救援工单,,local:2025年200台电梯困人工单数据.xlsx,,,,1,2.0,#64748b,5
work_order:JS202401300084,work_order:JS202401300084,工单 JS202401300084,,work_order,救援工单,,local:2025年200台电梯困人工单数据.xlsx,,,,1,10.0,#64748b,5
work_order:JS202401310055,work_order:JS202401310055,工单 JS202401310055,,work_order,救援工单,,local:2025年200台电梯困人工单数据.xlsx,,,,1,8.0,#64748b,5
work_order:JS202402010008,work_order:JS202402010008,工单 JS202402010008,,work_order,救援工单,,local:2025年200台电梯困人工单数据.xlsx,,,,1,11.0,#64748b,5
work_order:JS202402010058,work_order:JS202402010058,工单 JS202402010058,,work_order,救援工单,,local:2025年200台电梯困人工单数据.xlsx,,,,1,5.0,#64748b,5
work_order:JS202402020043,work_order:JS202402020043,工单 JS202402020043,,work_order,救援工单,,local:2025年200台电梯困人工单数据.xlsx,,,,1,2.0,#64748b,5
work_order:JS202402030007,work_order:JS202402030007,工单 JS202402030007,,work_order,救援工单,,local:2025年200台电梯困人工单数据.xlsx,,,,1,15.0,#64748b,5
work_order:JS202402030090,work_order:JS202402030090,工单 JS202402030090,,work_order,救援工单,,local:2025年200台电梯困人工单数据.xlsx,,,,1,14.0,#64748b,5
work_order:JS202402050025,work_order:JS202402050025,工单 JS202402050025,,work_order,救援工单,,local:2025年200台电梯困人工单数据.xlsx,,,,1,15.0,#64748b,5
work_order:JS202402050067,work_order:JS202402050067,工单 JS202402050067,,work_order,救援工单,,local:2025年200台电梯困人工单数据.xlsx,,,,3,5.0,#64748b,5
work_order:JS202402060007,work_order:JS202402060007,工单 JS202402060007,,work_order,救援工单,,local:2025年200台电梯困人工单数据.xlsx,,,,1,-7.0,#64748b,5
work_order:JS202402060046,work_order:JS202402060046,工单 JS202402060046,,work_order,救援工单,,local:2025年200台电梯困人工单数据.xlsx,,,,1,5.0,#64748b,5
work_order:JS202402080062,work_order:JS202402080062,工单 JS202402080062,,work_order,救援工单,,local:2025年200台电梯困人工单数据.xlsx,,,,1,9.0,#64748b,5
work_order:JS202402100087,work_order:JS202402100087,工单 JS202402100087,,work_order,救援工单,,local:2025年200台电梯困人工单数据.xlsx,,,,1,22.0,#64748b,5
work_order:JS202402110040,work_order:JS202402110040,工单 JS202402110040,,work_order,救援工单,,local:2025年200台电梯困人工单数据.xlsx,,,,1,5.0,#64748b,5
work_order:JS202402130018,work_order:JS202402130018,工单 JS202402130018,,work_order,救援工单,,local:2025年200台电梯困人工单数据.xlsx,,,,1,6.0,#64748b,5
work_order:JS202402130038,work_order:JS202402130038,工单 JS202402130038,,work_order,救援工单,,local:2025年200台电梯困人工单数据.xlsx,,,,1,9.0,#64748b,5
work_order:JS202402140018,work_order:JS202402140018,工单 JS202402140018,,work_order,救援工单,,local:2025年200台电梯困人工单数据.xlsx,,,,1,7.0,#64748b,5
work_order:JS202402140032,work_order:JS202402140032,工单 JS202402140032,,work_order,救援工单,,local:2025年200台电梯困人工单数据.xlsx,,,,1,7.0,#64748b,5
work_order:JS202402140069,work_order:JS202402140069,工单 JS202402140069,,work_order,救援工单,,local:2025年200台电梯困人工单数据.xlsx,,,,1,17.0,#64748b,5
work_order:JS202402140121,work_order:JS202402140121,工单 JS202402140121,,work_order,救援工单,,local:2025年200台电梯困人工单数据.xlsx,,,,1,21.0,#64748b,5
work_order:JS202402150039,work_order:JS202402150039,工单 JS202402150039,,work_order,救援工单,,local:2025年200台电梯困人工单数据.xlsx,,,,1,5.0,#64748b,5
work_order:JS202402160052,work_order:JS202402160052,工单 JS202402160052,,work_order,救援工单,,local:2025年200台电梯困人工单数据.xlsx,,,,2,8.0,#64748b,5
work_order:JS202402170014,work_order:JS202402170014,工单 JS202402170014,,work_order,救援工单,,local:2025年200台电梯困人工单数据.xlsx,,,,1,6.0,#64748b,5
work_order:JS202402170061,work_order:JS202402170061,工单 JS202402170061,,work_order,救援工单,,local:2025年200台电梯困人工单数据.xlsx,,,,1,16.0,#64748b,5
work_order:JS202402180015,work_order:JS202402180015,工单 JS202402180015,,work_order,救援工单,,local:2025年200台电梯困人工单数据.xlsx,,,,1,-16.0,#64748b,5
work_order:JS202402190054,work_order:JS202402190054,工单 JS202402190054,,work_order,救援工单,,local:2025年200台电梯困人工单数据.xlsx,,,,2,18.0,#64748b,5
work_order:JS202402190055,work_order:JS202402190055,工单 JS202402190055,,work_order,救援工单,,local:2025年200台电梯困人工单数据.xlsx,,,,3,15.0,#64748b,5
work_order:JS202402220052,work_order:JS202402220052,工单 JS202402220052,,work_order,救援工单,,local:2025年200台电梯困人工单数据.xlsx,,,,1,0.0,#64748b,5
work_order:JS202402220055,work_order:JS202402220055,工单 JS202402220055,,work_order,救援工单,,local:2025年200台电梯困人工单数据.xlsx,,,,6,3.0,#64748b,5
work_order:JS202402230043,work_order:JS202402230043,工单 JS202402230043,,work_order,救援工单,,local:2025年200台电梯困人工单数据.xlsx,,,,1,11.0,#64748b,5
work_order:JS202402230056,work_order:JS202402230056,工单 JS202402230056,,work_order,救援工单,,local:2025年200台电梯困人工单数据.xlsx,,,,4,5.0,#64748b,5
work_order:JS202402230072,work_order:JS202402230072,工单 JS202402230072,,work_order,救援工单,,local:2025年200台电梯困人工单数据.xlsx,,,,1,5.0,#64748b,5
work_order:JS202402240035,work_order:JS202402240035,工单 JS202402240035,,work_order,救援工单,,local:2025年200台电梯困人工单数据.xlsx,,,,4,13.0,#64748b,5
work_order:JS202402250070,work_order:JS202402250070,工单 JS202402250070,,work_order,救援工单,,local:2025年200台电梯困人工单数据.xlsx,,,,1,,#64748b,5
work_order:JS202402260079,work_order:JS202402260079,工单 JS202402260079,,work_order,救援工单,,local:2025年200台电梯困人工单数据.xlsx,,,,1,4.0,#64748b,5
work_order:JS202402280108,work_order:JS202402280108,工单 JS202402280108,,work_order,救援工单,,local:2025年200台电梯困人工单数据.xlsx,,,,1,7.0,#64748b,5
work_order:JS202403030064,work_order:JS202403030064,工单 JS202403030064,,work_order,救援工单,,local:2025年200台电梯困人工单数据.xlsx,,,,1,3.0,#64748b,5
work_order:JS202403050042,work_order:JS202403050042,工单 JS202403050042,,work_order,救援工单,,local:2025年200台电梯困人工单数据.xlsx,,,,7,18.0,#64748b,5
work_order:JS202403050082,work_order:JS202403050082,工单 JS202403050082,,work_order,救援工单,,local:2025年200台电梯困人工单数据.xlsx,,,,2,11.0,#64748b,5
work_order:JS202403060042,work_order:JS202403060042,工单 JS202403060042,,work_order,救援工单,,local:2025年200台电梯困人工单数据.xlsx,,,,3,5.0,#64748b,5
work_order:JS202403060048,work_order:JS202403060048,工单 JS202403060048,,work_order,救援工单,,local:2025年200台电梯困人工单数据.xlsx,,,,1,8.0,#64748b,5
work_order:JS202403060068,work_order:JS202403060068,工单 JS202403060068,,work_order,救援工单,,local:2025年200台电梯困人工单数据.xlsx,,,,1,12.0,#64748b,5
work_order:JS202403070073,work_order:JS202403070073,工单 JS202403070073,,work_order,救援工单,,local:2025年200台电梯困人工单数据.xlsx,,,,1,8.0,#64748b,5
work_order:JS202403070095,work_order:JS202403070095,工单 JS202403070095,,work_order,救援工单,,local:2025年200台电梯困人工单数据.xlsx,,,,2,5.0,#64748b,5
work_order:JS202403080032,work_order:JS202403080032,工单 JS202403080032,,work_order,救援工单,,local:2025年200台电梯困人工单数据.xlsx,,,,1,10.0,#64748b,5
work_order:JS202403080087,work_order:JS202403080087,工单 JS202403080087,,work_order,救援工单,,local:2025年200台电梯困人工单数据.xlsx,,,,1,4.0,#64748b,5
work_order:JS202403080088,work_order:JS202403080088,工单 JS202403080088,,work_order,救援工单,,local:2025年200台电梯困人工单数据.xlsx,,,,4,6.0,#64748b,5
work_order:JS202403090008,work_order:JS202403090008,工单 JS202403090008,,work_order,救援工单,,local:2025年200台电梯困人工单数据.xlsx,,,,1,17.0,#64748b,5
work_order:JS202403100102,work_order:JS202403100102,工单 JS202403100102,,work_order,救援工单,,local:2025年200台电梯困人工单数据.xlsx,,,,1,6.0,#64748b,5
work_order:JS202403110017,work_order:JS202403110017,工单 JS202403110017,,work_order,救援工单,,local:2025年200台电梯困人工单数据.xlsx,,,,1,2.0,#64748b,5
work_order:JS202403120095,work_order:JS202403120095,工单 JS202403120095,,work_order,救援工单,,local:2025年200台电梯困人工单数据.xlsx,,,,1,14.0,#64748b,5
work_order:JS202403130051,work_order:JS202403130051,工单 JS202403130051,,work_order,救援工单,,local:2025年200台电梯困人工单数据.xlsx,,,,1,27.0,#64748b,5
work_order:JS202403140034,work_order:JS202403140034,工单 JS202403140034,,work_order,救援工单,,local:2025年200台电梯困人工单数据.xlsx,,,,4,-9.0,#64748b,5
work_order:JS202403140056,work_order:JS202403140056,工单 JS202403140056,,work_order,救援工单,,local:2025年200台电梯困人工单数据.xlsx,,,,4,2.0,#64748b,5
work_order:JS202403160085,work_order:JS202403160085,工单 JS202403160085,,work_order,救援工单,,local:2025年200台电梯困人工单数据.xlsx,,,,1,15.0,#64748b,5
work_order:JS202403160134,work_order:JS202403160134,工单 JS202403160134,,work_order,救援工单,,local:2025年200台电梯困人工单数据.xlsx,,,,1,10.0,#64748b,5
work_order:JS202403170009,work_order:JS202403170009,工单 JS202403170009,,work_order,救援工单,,local:2025年200台电梯困人工单数据.xlsx,,,,1,12.0,#64748b,5
work_order:JS202403190079,work_order:JS202403190079,工单 JS202403190079,,work_order,救援工单,,local:2025年200台电梯困人工单数据.xlsx,,,,1,5.0,#64748b,5
work_order:JS202403200078,work_order:JS202403200078,工单 JS202403200078,,work_order,救援工单,,local:2025年200台电梯困人工单数据.xlsx,,,,1,5.0,#64748b,5
work_order:JS202403210015,work_order:JS202403210015,工单 JS202403210015,,work_order,救援工单,,local:2025年200台电梯困人工单数据.xlsx,,,,9,19.0,#64748b,5
work_order:JS202403210023,work_order:JS202403210023,工单 JS202403210023,,work_order,救援工单,,local:2025年200台电梯困人工单数据.xlsx,,,,10,12.0,#64748b,5
work_order:JS202403220082,work_order:JS202403220082,工单 JS202403220082,,work_order,救援工单,,local:2025年200台电梯困人工单数据.xlsx,,,,1,9.0,#64748b,5
work_order:JS202403240011,work_order:JS202403240011,工单 JS202403240011,,work_order,救援工单,,local:2025年200台电梯困人工单数据.xlsx,,,,1,24.0,#64748b,5
work_order:JS202403280018,work_order:JS202403280018,工单 JS202403280018,,work_order,救援工单,,local:2025年200台电梯困人工单数据.xlsx,,,,20,5.0,#64748b,5
work_order:JS202403290013,work_order:JS202403290013,工单 JS202403290013,,work_order,救援工单,,local:2025年200台电梯困人工单数据.xlsx,,,,1,1.0,#64748b,5
work_order:JS202403300102,work_order:JS202403300102,工单 JS202403300102,,work_order,救援工单,,local:2025年200台电梯困人工单数据.xlsx,,,,1,12.0,#64748b,5
work_order:JS202404010007,work_order:JS202404010007,工单 JS202404010007,,work_order,救援工单,,local:2025年200台电梯困人工单数据.xlsx,,,,6,29.0,#64748b,5
work_order:JS202404010079,work_order:JS202404010079,工单 JS202404010079,,work_order,救援工单,,local:2025年200台电梯困人工单数据.xlsx,,,,1,6.0,#64748b,5
work_order:JS202404010111,work_order:JS202404010111,工单 JS202404010111,,work_order,救援工单,,local:2025年200台电梯困人工单数据.xlsx,,,,1,19.0,#64748b,5
work_order:JS202404020014,work_order:JS202404020014,工单 JS202404020014,,work_order,救援工单,,local:2025年200台电梯困人工单数据.xlsx,,,,1,22.0,#64748b,5
work_order:JS202404030002,work_order:JS202404030002,工单 JS202404030002,,work_order,救援工单,,local:2025年200台电梯困人工单数据.xlsx,,,,1,23.0,#64748b,5
work_order:JS202404040011,work_order:JS202404040011,工单 JS202404040011,,work_order,救援工单,,local:2025年200台电梯困人工单数据.xlsx,,,,1,-5.0,#64748b,5
work_order:JS202404040018,work_order:JS202404040018,工单 JS202404040018,,work_order,救援工单,,local:2025年200台电梯困人工单数据.xlsx,,,,2,21.0,#64748b,5
work_order:JS202404080026,work_order:JS202404080026,工单 JS202404080026,,work_order,救援工单,,local:2025年200台电梯困人工单数据.xlsx,,,,1,16.0,#64748b,5
work_order:JS202404140037,work_order:JS202404140037,工单 JS202404140037,,work_order,救援工单,,local:2025年200台电梯困人工单数据.xlsx,,,,1,5.0,#64748b,5
work_order:JS202404140128,work_order:JS202404140128,工单 JS202404140128,,work_order,救援工单,,local:2025年200台电梯困人工单数据.xlsx,,,,6,9.0,#64748b,5
work_order:JS202404160040,work_order:JS202404160040,工单 JS202404160040,,work_order,救援工单,,local:2025年200台电梯困人工单数据.xlsx,,,,1,1.0,#64748b,5
work_order:JS202404160056,work_order:JS202404160056,工单 JS202404160056,,work_order,救援工单,,local:2025年200台电梯困人工单数据.xlsx,,,,1,15.0,#64748b,5
work_order:JS202404170067,work_order:JS202404170067,工单 JS202404170067,,work_order,救援工单,,local:2025年200台电梯困人工单数据.xlsx,,,,1,5.0,#64748b,5
work_order:JS202404190073,work_order:JS202404190073,工单 JS202404190073,,work_order,救援工单,,local:2025年200台电梯困人工单数据.xlsx,,,,1,15.0,#64748b,5
work_order:JS202404200039,work_order:JS202404200039,工单 JS202404200039,,work_order,救援工单,,local:2025年200台电梯困人工单数据.xlsx,,,,3,5.0,#64748b,5
work_order:JS202404200110,work_order:JS202404200110,工单 JS202404200110,,work_order,救援工单,,local:2025年200台电梯困人工单数据.xlsx,,,,2,8.0,#64748b,5
work_order:JS202404220069,work_order:JS202404220069,工单 JS202404220069,,work_order,救援工单,,local:2025年200台电梯困人工单数据.xlsx,,,,1,13.0,#64748b,5
work_order:JS202404220087,work_order:JS202404220087,工单 JS202404220087,,work_order,救援工单,,local:2025年200台电梯困人工单数据.xlsx,,,,1,2.0,#64748b,5
work_order:JS202404230096,work_order:JS202404230096,工单 JS202404230096,,work_order,救援工单,,local:2025年200台电梯困人工单数据.xlsx,,,,1,15.0,#64748b,5
work_order:JS202404260023,work_order:JS202404260023,工单 JS202404260023,,work_order,救援工单,,local:2025年200台电梯困人工单数据.xlsx,,,,1,5.0,#64748b,5
work_order:JS202404260060,work_order:JS202404260060,工单 JS202404260060,,work_order,救援工单,,local:2025年200台电梯困人工单数据.xlsx,,,,1,5.0,#64748b,5
work_order:JS202404260124,work_order:JS202404260124,工单 JS202404260124,,work_order,救援工单,,local:2025年200台电梯困人工单数据.xlsx,,,,1,14.0,#64748b,5
work_order:JS202404270039,work_order:JS202404270039,工单 JS202404270039,,work_order,救援工单,,local:2025年200台电梯困人工单数据.xlsx,,,,1,8.0,#64748b,5
work_order:JS202404270082,work_order:JS202404270082,工单 JS202404270082,,work_order,救援工单,,local:2025年200台电梯困人工单数据.xlsx,,,,2,2.0,#64748b,5
work_order:JS202404280055,work_order:JS202404280055,工单 JS202404280055,,work_order,救援工单,,local:2025年200台电梯困人工单数据.xlsx,,,,1,5.0,#64748b,5
work_order:JS202404290032,work_order:JS202404290032,工单 JS202404290032,,work_order,救援工单,,local:2025年200台电梯困人工单数据.xlsx,,,,4,12.0,#64748b,5
work_order:JS202404300044,work_order:JS202404300044,工单 JS202404300044,,work_order,救援工单,,local:2025年200台电梯困人工单数据.xlsx,,,,1,5.0,#64748b,5
work_order:JS202405020065,work_order:JS202405020065,工单 JS202405020065,,work_order,救援工单,,local:2025年200台电梯困人工单数据.xlsx,,,,1,9.0,#64748b,5
work_order:JS202405030020,work_order:JS202405030020,工单 JS202405030020,,work_order,救援工单,,local:2025年200台电梯困人工单数据.xlsx,,,,1,5.0,#64748b,5
work_order:JS202405040074,work_order:JS202405040074,工单 JS202405040074,,work_order,救援工单,,local:2025年200台电梯困人工单数据.xlsx,,,,1,10.0,#64748b,5
work_order:JS202405050046,work_order:JS202405050046,工单 JS202405050046,,work_order,救援工单,,local:2025年200台电梯困人工单数据.xlsx,,,,2,17.0,#64748b,5
work_order:JS202405050050,work_order:JS202405050050,工单 JS202405050050,,work_order,救援工单,,local:2025年200台电梯困人工单数据.xlsx,,,,1,11.0,#64748b,5
work_order:JS202405050069,work_order:JS202405050069,工单 JS202405050069,,work_order,救援工单,,local:2025年200台电梯困人工单数据.xlsx,,,,1,-5.0,#64748b,5
work_order:JS202405060045,work_order:JS202405060045,工单 JS202405060045,,work_order,救援工单,,local:2025年200台电梯困人工单数据.xlsx,,,,1,5.0,#64748b,5
work_order:JS202405090047,work_order:JS202405090047,工单 JS202405090047,,work_order,救援工单,,local:2025年200台电梯困人工单数据.xlsx,,,,1,10.0,#64748b,5
work_order:JS202405100148,work_order:JS202405100148,工单 JS202405100148,,work_order,救援工单,,local:2025年200台电梯困人工单数据.xlsx,,,,2,5.0,#64748b,5
work_order:JS202405130069,work_order:JS202405130069,工单 JS202405130069,,work_order,救援工单,,local:2025年200台电梯困人工单数据.xlsx,,,,1,11.0,#64748b,5
work_order:JS202405140072,work_order:JS202405140072,工单 JS202405140072,,work_order,救援工单,,local:2025年200台电梯困人工单数据.xlsx,,,,1,5.0,#64748b,5
work_order:JS202405140098,work_order:JS202405140098,工单 JS202405140098,,work_order,救援工单,,local:2025年200台电梯困人工单数据.xlsx,,,,5,12.0,#64748b,5
work_order:JS202405180036,work_order:JS202405180036,工单 JS202405180036,,work_order,救援工单,,local:2025年200台电梯困人工单数据.xlsx,,,,1,3.0,#64748b,5
work_order:JS202405180068,work_order:JS202405180068,工单 JS202405180068,,work_order,救援工单,,local:2025年200台电梯困人工单数据.xlsx,,,,1,2.0,#64748b,5
work_order:JS202405200071,work_order:JS202405200071,工单 JS202405200071,,work_order,救援工单,,local:2025年200台电梯困人工单数据.xlsx,,,,3,5.0,#64748b,5
work_order:JS202405210045,work_order:JS202405210045,工单 JS202405210045,,work_order,救援工单,,local:2025年200台电梯困人工单数据.xlsx,,,,1,5.0,#64748b,5
work_order:JS202405210061,work_order:JS202405210061,工单 JS202405210061,,work_order,救援工单,,local:2025年200台电梯困人工单数据.xlsx,,,,1,13.0,#64748b,5
work_order:JS202405230029,work_order:JS202405230029,工单 JS202405230029,,work_order,救援工单,,local:2025年200台电梯困人工单数据.xlsx,,,,1,9.0,#64748b,5
work_order:JS202405240082,work_order:JS202405240082,工单 JS202405240082,,work_order,救援工单,,local:2025年200台电梯困人工单数据.xlsx,,,,1,2.0,#64748b,5
work_order:JS202405250145,work_order:JS202405250145,工单 JS202405250145,,work_order,救援工单,,local:2025年200台电梯困人工单数据.xlsx,,,,4,19.0,#64748b,5
work_order:JS202405260016,work_order:JS202405260016,工单 JS202405260016,,work_order,救援工单,,local:2025年200台电梯困人工单数据.xlsx,,,,1,8.0,#64748b,5
work_order:JS202405260029,work_order:JS202405260029,工单 JS202405260029,,work_order,救援工单,,local:2025年200台电梯困人工单数据.xlsx,,,,1,1.0,#64748b,5
work_order:JS202405270127,work_order:JS202405270127,工单 JS202405270127,,work_order,救援工单,,local:2025年200台电梯困人工单数据.xlsx,,,,1,9.0,#64748b,5
work_order:JS202405280005,work_order:JS202405280005,工单 JS202405280005,,work_order,救援工单,,local:2025年200台电梯困人工单数据.xlsx,,,,1,5.0,#64748b,5
work_order:JS202405280029,work_order:JS202405280029,工单 JS202405280029,,work_order,救援工单,,local:2025年200台电梯困人工单数据.xlsx,,,,1,16.0,#64748b,5
work_order:JS202405290071,work_order:JS202405290071,工单 JS202405290071,,work_order,救援工单,,local:2025年200台电梯困人工单数据.xlsx,,,,1,8.0,#64748b,5
work_order:JS202405300044,work_order:JS202405300044,工单 JS202405300044,,work_order,救援工单,,local:2025年200台电梯困人工单数据.xlsx,,,,1,10.0,#64748b,5
work_order:JS202405300109,work_order:JS202405300109,工单 JS202405300109,,work_order,救援工单,,local:2025年200台电梯困人工单数据.xlsx,,,,1,16.0,#64748b,5
work_order:JS202405310010,work_order:JS202405310010,工单 JS202405310010,,work_order,救援工单,,local:2025年200台电梯困人工单数据.xlsx,,,,1,18.0,#64748b,5
work_order:JS202405310017,work_order:JS202405310017,工单 JS202405310017,,work_order,救援工单,,local:2025年200台电梯困人工单数据.xlsx,,,,1,6.0,#64748b,5
work_order:JS202405310120,work_order:JS202405310120,工单 JS202405310120,,work_order,救援工单,,local:2025年200台电梯困人工单数据.xlsx,,,,2,18.0,#64748b,5
work_order:JS202406010097,work_order:JS202406010097,工单 JS202406010097,,work_order,救援工单,,local:2025年200台电梯困人工单数据.xlsx,,,,1,10.0,#64748b,5
work_order:JS202406030023,work_order:JS202406030023,工单 JS202406030023,,work_order,救援工单,,local:2025年200台电梯困人工单数据.xlsx,,,,1,23.0,#64748b,5
work_order:JS202406030111,work_order:JS202406030111,工单 JS202406030111,,work_order,救援工单,,local:2025年200台电梯困人工单数据.xlsx,,,,1,5.0,#64748b,5
work_order:JS202406040054,work_order:JS202406040054,工单 JS202406040054,,work_order,救援工单,,local:2025年200台电梯困人工单数据.xlsx,,,,1,15.0,#64748b,5
work_order:JS202406040056,work_order:JS202406040056,工单 JS202406040056,,work_order,救援工单,,local:2025年200台电梯困人工单数据.xlsx,,,,1,5.0,#64748b,5
work_order:JS202406040106,work_order:JS202406040106,工单 JS202406040106,,work_order,救援工单,,local:2025年200台电梯困人工单数据.xlsx,,,,1,,#64748b,5
work_order:JS202406070031,work_order:JS202406070031,工单 JS202406070031,,work_order,救援工单,,local:2025年200台电梯困人工单数据.xlsx,,,,1,,#64748b,5
work_order:JS202406070056,work_order:JS202406070056,工单 JS202406070056,,work_order,救援工单,,local:2025年200台电梯困人工单数据.xlsx,,,,4,25.0,#64748b,5
work_order:JS202406080028,work_order:JS202406080028,工单 JS202406080028,,work_order,救援工单,,local:2025年200台电梯困人工单数据.xlsx,,,,1,1.0,#64748b,5
work_order:JS202406090008,work_order:JS202406090008,工单 JS202406090008,,work_order,救援工单,,local:2025年200台电梯困人工单数据.xlsx,,,,1,14.0,#64748b,5
work_order:JS202406090020,work_order:JS202406090020,工单 JS202406090020,,work_order,救援工单,,local:2025年200台电梯困人工单数据.xlsx,,,,6,2.0,#64748b,5
work_order:JS202406090100,work_order:JS202406090100,工单 JS202406090100,,work_order,救援工单,,local:2025年200台电梯困人工单数据.xlsx,,,,1,5.0,#64748b,5
work_order:JS202406100063,work_order:JS202406100063,工单 JS202406100063,,work_order,救援工单,,local:2025年200台电梯困人工单数据.xlsx,,,,1,2.0,#64748b,5
work_order:JS202406140029,work_order:JS202406140029,工单 JS202406140029,,work_order,救援工单,,local:2025年200台电梯困人工单数据.xlsx,,,,1,18.0,#64748b,5
work_order:JS202406140059,work_order:JS202406140059,工单 JS202406140059,,work_order,救援工单,,local:2025年200台电梯困人工单数据.xlsx,,,,1,7.0,#64748b,5
work_order:JS202406170068,work_order:JS202406170068,工单 JS202406170068,,work_order,救援工单,,local:2025年200台电梯困人工单数据.xlsx,,,,3,11.0,#64748b,5
work_order:JS202406170070,work_order:JS202406170070,工单 JS202406170070,,work_order,救援工单,,local:2025年200台电梯困人工单数据.xlsx,,,,1,9.0,#64748b,5
work_order:JS202406170130,work_order:JS202406170130,工单 JS202406170130,,work_order,救援工单,,local:2025年200台电梯困人工单数据.xlsx,,,,8,9.0,#64748b,5
work_order:JS202406180029,work_order:JS202406180029,工单 JS202406180029,,work_order,救援工单,,local:2025年200台电梯困人工单数据.xlsx,,,,1,11.0,#64748b,5
work_order:JS202406210197,work_order:JS202406210197,工单 JS202406210197,,work_order,救援工单,,local:2025年200台电梯困人工单数据.xlsx,,,,1,3.0,#64748b,5
work_order:JS202406220106,work_order:JS202406220106,工单 JS202406220106,,work_order,救援工单,,local:2025年200台电梯困人工单数据.xlsx,,,,7,5.0,#64748b,5
work_order:JS202406230056,work_order:JS202406230056,工单 JS202406230056,,work_order,救援工单,,local:2025年200台电梯困人工单数据.xlsx,,,,1,13.0,#64748b,5
work_order:JS202406240120,work_order:JS202406240120,工单 JS202406240120,,work_order,救援工单,,local:2025年200台电梯困人工单数据.xlsx,,,,2,15.0,#64748b,5
work_order:JS202406260012,work_order:JS202406260012,工单 JS202406260012,,work_order,救援工单,,local:2025年200台电梯困人工单数据.xlsx,,,,1,13.0,#64748b,5
work_order:JS202406260061,work_order:JS202406260061,工单 JS202406260061,,work_order,救援工单,,local:2025年200台电梯困人工单数据.xlsx,,,,2,13.0,#64748b,5
work_order:JS202406270040,work_order:JS202406270040,工单 JS202406270040,,work_order,救援工单,,local:2025年200台电梯困人工单数据.xlsx,,,,1,23.0,#64748b,5
work_order:JS202406280043,work_order:JS202406280043,工单 JS202406280043,,work_order,救援工单,,local:2025年200台电梯困人工单数据.xlsx,,,,1,14.0,#64748b,5
work_order:JS202406280086,work_order:JS202406280086,工单 JS202406280086,,work_order,救援工单,,local:2025年200台电梯困人工单数据.xlsx,,,,1,14.0,#64748b,5
work_order:JS202406290074,work_order:JS202406290074,工单 JS202406290074,,work_order,救援工单,,local:2025年200台电梯困人工单数据.xlsx,,,,1,7.0,#64748b,5
work_order:JS202406290113,work_order:JS202406290113,工单 JS202406290113,,work_order,救援工单,,local:2025年200台电梯困人工单数据.xlsx,,,,1,5.0,#64748b,5
work_order:JS202406290181,work_order:JS202406290181,工单 JS202406290181,,work_order,救援工单,,local:2025年200台电梯困人工单数据.xlsx,,,,1,5.0,#64748b,5
work_order:JS202406300036,work_order:JS202406300036,工单 JS202406300036,,work_order,救援工单,,local:2025年200台电梯困人工单数据.xlsx,,,,1,20.0,#64748b,5
work_order:JS202406300086,work_order:JS202406300086,工单 JS202406300086,,work_order,救援工单,,local:2025年200台电梯困人工单数据.xlsx,,,,1,17.0,#64748b,5
work_order:JS202406300197,work_order:JS202406300197,工单 JS202406300197,,work_order,救援工单,,local:2025年200台电梯困人工单数据.xlsx,,,,10,,#64748b,5
work_order:JS202407010197,work_order:JS202407010197,工单 JS202407010197,,work_order,救援工单,,local:2025年200台电梯困人工单数据.xlsx,,,,1,1.0,#64748b,5
work_order:JS202407020137,work_order:JS202407020137,工单 JS202407020137,,work_order,救援工单,,local:2025年200台电梯困人工单数据.xlsx,,,,1,9.0,#64748b,5
work_order:JS202407020213,work_order:JS202407020213,工单 JS202407020213,,work_order,救援工单,,local:2025年200台电梯困人工单数据.xlsx,,,,20,5.0,#64748b,5
work_order:JS202407030002,work_order:JS202407030002,工单 JS202407030002,,work_order,救援工单,,local:2025年200台电梯困人工单数据.xlsx,,,,1,13.0,#64748b,5
work_order:JS202407030119,work_order:JS202407030119,工单 JS202407030119,,work_order,救援工单,,local:2025年200台电梯困人工单数据.xlsx,,,,1,12.0,#64748b,5
work_order:JS202407040111,work_order:JS202407040111,工单 JS202407040111,,work_order,救援工单,,local:2025年200台电梯困人工单数据.xlsx,,,,1,6.0,#64748b,5
work_order:JS202407040123,work_order:JS202407040123,工单 JS202407040123,,work_order,救援工单,,local:2025年200台电梯困人工单数据.xlsx,,,,3,18.0,#64748b,5
work_order:JS202407040131,work_order:JS202407040131,工单 JS202407040131,,work_order,救援工单,,local:2025年200台电梯困人工单数据.xlsx,,,,4,5.0,#64748b,5
work_order:JS202407060013,work_order:JS202407060013,工单 JS202407060013,,work_order,救援工单,,local:2025年200台电梯困人工单数据.xlsx,,,,1,2.0,#64748b,5
work_order:JS202407060085,work_order:JS202407060085,工单 JS202407060085,,work_order,救援工单,,local:2025年200台电梯困人工单数据.xlsx,,,,1,9.0,#64748b,5
work_order:JS202407070085,work_order:JS202407070085,工单 JS202407070085,,work_order,救援工单,,local:2025年200台电梯困人工单数据.xlsx,,,,10,15.0,#64748b,5
work_order:JS202407090107,work_order:JS202407090107,工单 JS202407090107,,work_order,救援工单,,local:2025年200台电梯困人工单数据.xlsx,,,,2,6.0,#64748b,5
work_order:JS202407100100,work_order:JS202407100100,工单 JS202407100100,,work_order,救援工单,,local:2025年200台电梯困人工单数据.xlsx,,,,1,9.0,#64748b,5
work_order:JS202407100110,work_order:JS202407100110,工单 JS202407100110,,work_order,救援工单,,local:2025年200台电梯困人工单数据.xlsx,,,,1,9.0,#64748b,5
work_order:JS202407110095,work_order:JS202407110095,工单 JS202407110095,,work_order,救援工单,,local:2025年200台电梯困人工单数据.xlsx,,,,1,21.0,#64748b,5
work_order:JS202407150009,work_order:JS202407150009,工单 JS202407150009,,work_order,救援工单,,local:2025年200台电梯困人工单数据.xlsx,,,,1,20.0,#64748b,5
work_order:JS202407160024,work_order:JS202407160024,工单 JS202407160024,,work_order,救援工单,,local:2025年200台电梯困人工单数据.xlsx,,,,1,9.0,#64748b,5
work_order:JS202407160029,work_order:JS202407160029,工单 JS202407160029,,work_order,救援工单,,local:2025年200台电梯困人工单数据.xlsx,,,,1,10.0,#64748b,5
work_order:JS202407160081,work_order:JS202407160081,工单 JS202407160081,,work_order,救援工单,,local:2025年200台电梯困人工单数据.xlsx,,,,1,9.0,#64748b,5
work_order:JS202407170170,work_order:JS202407170170,工单 JS202407170170,,work_order,救援工单,,local:2025年200台电梯困人工单数据.xlsx,,,,1,11.0,#64748b,5
work_order:JS202407180178,work_order:JS202407180178,工单 JS202407180178,,work_order,救援工单,,local:2025年200台电梯困人工单数据.xlsx,,,,2,2.0,#64748b,5
work_order:JS202407190015,work_order:JS202407190015,工单 JS202407190015,,work_order,救援工单,,local:2025年200台电梯困人工单数据.xlsx,,,,1,15.0,#64748b,5
work_order:JS202407200116,work_order:JS202407200116,工单 JS202407200116,,work_order,救援工单,,local:2025年200台电梯困人工单数据.xlsx,,,,1,11.0,#64748b,5
work_order:JS202407220092,work_order:JS202407220092,工单 JS202407220092,,work_order,救援工单,,local:2025年200台电梯困人工单数据.xlsx,,,,1,22.0,#64748b,5
work_order:JS202407220104,work_order:JS202407220104,工单 JS202407220104,,work_order,救援工单,,local:2025年200台电梯困人工单数据.xlsx,,,,1,6.0,#64748b,5
work_order:JS202407230005,work_order:JS202407230005,工单 JS202407230005,,work_order,救援工单,,local:2025年200台电梯困人工单数据.xlsx,,,,1,14.0,#64748b,5
work_order:JS202407230095,work_order:JS202407230095,工单 JS202407230095,,work_order,救援工单,,local:2025年200台电梯困人工单数据.xlsx,,,,1,5.0,#64748b,5
work_order:JS202407230121,work_order:JS202407230121,工单 JS202407230121,,work_order,救援工单,,local:2025年200台电梯困人工单数据.xlsx,,,,1,7.0,#64748b,5
work_order:JS202407240022,work_order:JS202407240022,工单 JS202407240022,,work_order,救援工单,,local:2025年200台电梯困人工单数据.xlsx,,,,1,12.0,#64748b,5
work_order:JS202407250077,work_order:JS202407250077,工单 JS202407250077,,work_order,救援工单,,local:2025年200台电梯困人工单数据.xlsx,,,,1,8.0,#64748b,5
work_order:JS202407280093,work_order:JS202407280093,工单 JS202407280093,,work_order,救援工单,,local:2025年200台电梯困人工单数据.xlsx,,,,1,6.0,#64748b,5
work_order:JS202407290067,work_order:JS202407290067,工单 JS202407290067,,work_order,救援工单,,local:2025年200台电梯困人工单数据.xlsx,,,,2,19.0,#64748b,5
work_order:JS202407310166,work_order:JS202407310166,工单 JS202407310166,,work_order,救援工单,,local:2025年200台电梯困人工单数据.xlsx,,,,3,19.0,#64748b,5
work_order:JS202408010019,work_order:JS202408010019,工单 JS202408010019,,work_order,救援工单,,local:2025年200台电梯困人工单数据.xlsx,,,,1,11.0,#64748b,5
work_order:JS202408020101,work_order:JS202408020101,工单 JS202408020101,,work_order,救援工单,,local:2025年200台电梯困人工单数据.xlsx,,,,1,5.0,#64748b,5
work_order:JS202408040103,work_order:JS202408040103,工单 JS202408040103,,work_order,救援工单,,local:2025年200台电梯困人工单数据.xlsx,,,,1,18.0,#64748b,5
work_order:JS202408040171,work_order:JS202408040171,工单 JS202408040171,,work_order,救援工单,,local:2025年200台电梯困人工单数据.xlsx,,,,1,5.0,#64748b,5
work_order:JS202408050084,work_order:JS202408050084,工单 JS202408050084,,work_order,救援工单,,local:2025年200台电梯困人工单数据.xlsx,,,,1,1.0,#64748b,5
work_order:JS202408060099,work_order:JS202408060099,工单 JS202408060099,,work_order,救援工单,,local:2025年200台电梯困人工单数据.xlsx,,,,3,20.0,#64748b,5
work_order:JS202408090101,work_order:JS202408090101,工单 JS202408090101,,work_order,救援工单,,local:2025年200台电梯困人工单数据.xlsx,,,,6,18.0,#64748b,5
work_order:JS202408100059,work_order:JS202408100059,工单 JS202408100059,,work_order,救援工单,,local:2025年200台电梯困人工单数据.xlsx,,,,1,7.0,#64748b,5
work_order:JS202408110103,work_order:JS202408110103,工单 JS202408110103,,work_order,救援工单,,local:2025年200台电梯困人工单数据.xlsx,,,,2,11.0,#64748b,5
work_order:JS202408110151,work_order:JS202408110151,工单 JS202408110151,,work_order,救援工单,,local:2025年200台电梯困人工单数据.xlsx,,,,6,10.0,#64748b,5
work_order:JS202408120152,work_order:JS202408120152,工单 JS202408120152,,work_order,救援工单,,local:2025年200台电梯困人工单数据.xlsx,,,,2,9.0,#64748b,5
work_order:JS202408130113,work_order:JS202408130113,工单 JS202408130113,,work_order,救援工单,,local:2025年200台电梯困人工单数据.xlsx,,,,1,12.0,#64748b,5
work_order:JS202408140012,work_order:JS202408140012,工单 JS202408140012,,work_order,救援工单,,local:2025年200台电梯困人工单数据.xlsx,,,,1,10.0,#64748b,5
work_order:JS202408150028,work_order:JS202408150028,工单 JS202408150028,,work_order,救援工单,,local:2025年200台电梯困人工单数据.xlsx,,,,1,16.0,#64748b,5
work_order:JS202408160032,work_order:JS202408160032,工单 JS202408160032,,work_order,救援工单,,local:2025年200台电梯困人工单数据.xlsx,,,,1,21.0,#64748b,5
work_order:JS202408170121,work_order:JS202408170121,工单 JS202408170121,,work_order,救援工单,,local:2025年200台电梯困人工单数据.xlsx,,,,2,9.0,#64748b,5
work_order:JS202408180002,work_order:JS202408180002,工单 JS202408180002,,work_order,救援工单,,local:2025年200台电梯困人工单数据.xlsx,,,,1,6.0,#64748b,5
work_order:JS202408180007,work_order:JS202408180007,工单 JS202408180007,,work_order,救援工单,,local:2025年200台电梯困人工单数据.xlsx,,,,1,12.0,#64748b,5
work_order:JS202408180051,work_order:JS202408180051,工单 JS202408180051,,work_order,救援工单,,local:2025年200台电梯困人工单数据.xlsx,,,,1,14.0,#64748b,5
work_order:JS202408190038,work_order:JS202408190038,工单 JS202408190038,,work_order,救援工单,,local:2025年200台电梯困人工单数据.xlsx,,,,1,10.0,#64748b,5
work_order:JS202408190046,work_order:JS202408190046,工单 JS202408190046,,work_order,救援工单,,local:2025年200台电梯困人工单数据.xlsx,,,,1,9.0,#64748b,5
work_order:JS202408190083,work_order:JS202408190083,工单 JS202408190083,,work_order,救援工单,,local:2025年200台电梯困人工单数据.xlsx,,,,4,11.0,#64748b,5
work_order:JS202408200013,work_order:JS202408200013,工单 JS202408200013,,work_order,救援工单,,local:2025年200台电梯困人工单数据.xlsx,,,,1,11.0,#64748b,5
work_order:JS202408200033,work_order:JS202408200033,工单 JS202408200033,,work_order,救援工单,,local:2025年200台电梯困人工单数据.xlsx,,,,1,19.0,#64748b,5
work_order:JS202408220067,work_order:JS202408220067,工单 JS202408220067,,work_order,救援工单,,local:2025年200台电梯困人工单数据.xlsx,,,,1,16.0,#64748b,5
work_order:JS202408230041,work_order:JS202408230041,工单 JS202408230041,,work_order,救援工单,,local:2025年200台电梯困人工单数据.xlsx,,,,2,17.0,#64748b,5
work_order:JS202408240086,work_order:JS202408240086,工单 JS202408240086,,work_order,救援工单,,local:2025年200台电梯困人工单数据.xlsx,,,,1,8.0,#64748b,5
work_order:JS202408240142,work_order:JS202408240142,工单 JS202408240142,,work_order,救援工单,,local:2025年200台电梯困人工单数据.xlsx,,,,5,19.0,#64748b,5
work_order:JS202408280038,work_order:JS202408280038,工单 JS202408280038,,work_order,救援工单,,local:2025年200台电梯困人工单数据.xlsx,,,,1,15.0,#64748b,5
work_order:JS202408280082,work_order:JS202408280082,工单 JS202408280082,,work_order,救援工单,,local:2025年200台电梯困人工单数据.xlsx,,,,1,24.0,#64748b,5
work_order:JS202408290019,work_order:JS202408290019,工单 JS202408290019,,work_order,救援工单,,local:2025年200台电梯困人工单数据.xlsx,,,,1,23.0,#64748b,5
work_order:JS202408290030,work_order:JS202408290030,工单 JS202408290030,,work_order,救援工单,,local:2025年200台电梯困人工单数据.xlsx,,,,1,25.0,#64748b,5
work_order:JS202408290041,work_order:JS202408290041,工单 JS202408290041,,work_order,救援工单,,local:2025年200台电梯困人工单数据.xlsx,,,,1,7.0,#64748b,5
work_order:JS202408290080,work_order:JS202408290080,工单 JS202408290080,,work_order,救援工单,,local:2025年200台电梯困人工单数据.xlsx,,,,1,12.0,#64748b,5
work_order:JS202408310090,work_order:JS202408310090,工单 JS202408310090,,work_order,救援工单,,local:2025年200台电梯困人工单数据.xlsx,,,,4,14.0,#64748b,5
work_order:JS202408310113,work_order:JS202408310113,工单 JS202408310113,,work_order,救援工单,,local:2025年200台电梯困人工单数据.xlsx,,,,2,2.0,#64748b,5
work_order:JS202408310132,work_order:JS202408310132,工单 JS202408310132,,work_order,救援工单,,local:2025年200台电梯困人工单数据.xlsx,,,,1,6.0,#64748b,5
work_order:JS202409010057,work_order:JS202409010057,工单 JS202409010057,,work_order,救援工单,,local:2025年200台电梯困人工单数据.xlsx,,,,1,17.0,#64748b,5
work_order:JS202409020005,work_order:JS202409020005,工单 JS202409020005,,work_order,救援工单,,local:2025年200台电梯困人工单数据.xlsx,,,,1,12.0,#64748b,5
work_order:JS202409020105,work_order:JS202409020105,工单 JS202409020105,,work_order,救援工单,,local:2025年200台电梯困人工单数据.xlsx,,,,1,5.0,#64748b,5
work_order:JS202409030001,work_order:JS202409030001,工单 JS202409030001,,work_order,救援工单,,local:2025年200台电梯困人工单数据.xlsx,,,,1,20.0,#64748b,5
work_order:JS202409030071,work_order:JS202409030071,工单 JS202409030071,,work_order,救援工单,,local:2025年200台电梯困人工单数据.xlsx,,,,2,10.0,#64748b,5
work_order:JS202409030126,work_order:JS202409030126,工单 JS202409030126,,work_order,救援工单,,local:2025年200台电梯困人工单数据.xlsx,,,,1,12.0,#64748b,5
work_order:JS202409040049,work_order:JS202409040049,工单 JS202409040049,,work_order,救援工单,,local:2025年200台电梯困人工单数据.xlsx,,,,7,25.0,#64748b,5
work_order:JS202409060132,work_order:JS202409060132,工单 JS202409060132,,work_order,救援工单,,local:2025年200台电梯困人工单数据.xlsx,,,,1,19.0,#64748b,5
work_order:JS202409080144,work_order:JS202409080144,工单 JS202409080144,,work_order,救援工单,,local:2025年200台电梯困人工单数据.xlsx,,,,1,8.0,#64748b,5
work_order:JS202409090110,work_order:JS202409090110,工单 JS202409090110,,work_order,救援工单,,local:2025年200台电梯困人工单数据.xlsx,,,,2,0.0,#64748b,5
work_order:JS202409100017,work_order:JS202409100017,工单 JS202409100017,,work_order,救援工单,,local:2025年200台电梯困人工单数据.xlsx,,,,1,12.0,#64748b,5
work_order:JS202409100072,work_order:JS202409100072,工单 JS202409100072,,work_order,救援工单,,local:2025年200台电梯困人工单数据.xlsx,,,,1,17.0,#64748b,5
work_order:JS202409120098,work_order:JS202409120098,工单 JS202409120098,,work_order,救援工单,,local:2025年200台电梯困人工单数据.xlsx,,,,3,5.0,#64748b,5
work_order:JS202409130047,work_order:JS202409130047,工单 JS202409130047,,work_order,救援工单,,local:2025年200台电梯困人工单数据.xlsx,,,,2,1.0,#64748b,5
work_order:JS202409140030,work_order:JS202409140030,工单 JS202409140030,,work_order,救援工单,,local:2025年200台电梯困人工单数据.xlsx,,,,7,-5.0,#64748b,5
work_order:JS202409160116,work_order:JS202409160116,工单 JS202409160116,,work_order,救援工单,,local:2025年200台电梯困人工单数据.xlsx,,,,1,16.0,#64748b,5
work_order:JS202409160335,work_order:JS202409160335,工单 JS202409160335,,work_order,救援工单,,local:2025年200台电梯困人工单数据.xlsx,,,,1,10.0,#64748b,5
work_order:JS202409160365,work_order:JS202409160365,工单 JS202409160365,,work_order,救援工单,,local:2025年200台电梯困人工单数据.xlsx,,,,1,5.0,#64748b,5
work_order:JS202409170007,work_order:JS202409170007,工单 JS202409170007,,work_order,救援工单,,local:2025年200台电梯困人工单数据.xlsx,,,,1,7.0,#64748b,5
work_order:JS202409180040,work_order:JS202409180040,工单 JS202409180040,,work_order,救援工单,,local:2025年200台电梯困人工单数据.xlsx,,,,1,22.0,#64748b,5
work_order:JS202409190171,work_order:JS202409190171,工单 JS202409190171,,work_order,救援工单,,local:2025年200台电梯困人工单数据.xlsx,,,,2,5.0,#64748b,5
work_order:JS202409200045,work_order:JS202409200045,工单 JS202409200045,,work_order,救援工单,,local:2025年200台电梯困人工单数据.xlsx,,,,5,26.0,#64748b,5
work_order:JS202409200071,work_order:JS202409200071,工单 JS202409200071,,work_order,救援工单,,local:2025年200台电梯困人工单数据.xlsx,,,,1,12.0,#64748b,5
work_order:JS202409200157,work_order:JS202409200157,工单 JS202409200157,,work_order,救援工单,,local:2025年200台电梯困人工单数据.xlsx,,,,1,11.0,#64748b,5
work_order:JS202409210010,work_order:JS202409210010,工单 JS202409210010,,work_order,救援工单,,local:2025年200台电梯困人工单数据.xlsx,,,,2,,#64748b,5
work_order:JS202409210141,work_order:JS202409210141,工单 JS202409210141,,work_order,救援工单,,local:2025年200台电梯困人工单数据.xlsx,,,,1,27.0,#64748b,5
work_order:JS202409230053,work_order:JS202409230053,工单 JS202409230053,,work_order,救援工单,,local:2025年200台电梯困人工单数据.xlsx,,,,1,4.0,#64748b,5
work_order:JS202409230125,work_order:JS202409230125,工单 JS202409230125,,work_order,救援工单,,local:2025年200台电梯困人工单数据.xlsx,,,,1,17.0,#64748b,5
work_order:JS202409250072,work_order:JS202409250072,工单 JS202409250072,,work_order,救援工单,,local:2025年200台电梯困人工单数据.xlsx,,,,1,17.0,#64748b,5
work_order:JS202409270028,work_order:JS202409270028,工单 JS202409270028,,work_order,救援工单,,local:2025年200台电梯困人工单数据.xlsx,,,,3,3.0,#64748b,5
work_order:JS202409270063,work_order:JS202409270063,工单 JS202409270063,,work_order,救援工单,,local:2025年200台电梯困人工单数据.xlsx,,,,1,1448.0,#64748b,5
work_order:JS202409270064,work_order:JS202409270064,工单 JS202409270064,,work_order,救援工单,,local:2025年200台电梯困人工单数据.xlsx,,,,1,1450.0,#64748b,5
work_order:JS202409270070,work_order:JS202409270070,工单 JS202409270070,,work_order,救援工单,,local:2025年200台电梯困人工单数据.xlsx,,,,1,5.0,#64748b,5
work_order:JS202409280058,work_order:JS202409280058,工单 JS202409280058,,work_order,救援工单,,local:2025年200台电梯困人工单数据.xlsx,,,,2,8.0,#64748b,5
work_order:JS202409280070,work_order:JS202409280070,工单 JS202409280070,,work_order,救援工单,,local:2025年200台电梯困人工单数据.xlsx,,,,2,3.0,#64748b,5
work_order:JS202409290031,work_order:JS202409290031,工单 JS202409290031,,work_order,救援工单,,local:2025年200台电梯困人工单数据.xlsx,,,,3,24.0,#64748b,5
work_order:JS202409300027,work_order:JS202409300027,工单 JS202409300027,,work_order,救援工单,,local:2025年200台电梯困人工单数据.xlsx,,,,1,3.0,#64748b,5
work_order:JS202409300036,work_order:JS202409300036,工单 JS202409300036,,work_order,救援工单,,local:2025年200台电梯困人工单数据.xlsx,,,,3,4.0,#64748b,5
work_order:JS202409300058,work_order:JS202409300058,工单 JS202409300058,,work_order,救援工单,,local:2025年200台电梯困人工单数据.xlsx,,,,1,9.0,#64748b,5
work_order:JS202410020069,work_order:JS202410020069,工单 JS202410020069,,work_order,救援工单,,local:2025年200台电梯困人工单数据.xlsx,,,,1,4.0,#64748b,5
work_order:JS202410020090,work_order:JS202410020090,工单 JS202410020090,,work_order,救援工单,,local:2025年200台电梯困人工单数据.xlsx,,,,1,16.0,#64748b,5
work_order:JS202410020158,work_order:JS202410020158,工单 JS202410020158,,work_order,救援工单,,local:2025年200台电梯困人工单数据.xlsx,,,,1,24.0,#64748b,5
work_order:JS202410020168,work_order:JS202410020168,工单 JS202410020168,,work_order,救援工单,,local:2025年200台电梯困人工单数据.xlsx,,,,1,5.0,#64748b,5
work_order:JS202410030120,work_order:JS202410030120,工单 JS202410030120,,work_order,救援工单,,local:2025年200台电梯困人工单数据.xlsx,,,,1,2.0,#64748b,5
work_order:JS202410040086,work_order:JS202410040086,工单 JS202410040086,,work_order,救援工单,,local:2025年200台电梯困人工单数据.xlsx,,,,2,7.0,#64748b,5
work_order:JS202410040113,work_order:JS202410040113,工单 JS202410040113,,work_order,救援工单,,local:2025年200台电梯困人工单数据.xlsx,,,,1,15.0,#64748b,5
work_order:JS202410060072,work_order:JS202410060072,工单 JS202410060072,,work_order,救援工单,,local:2025年200台电梯困人工单数据.xlsx,,,,1,5.0,#64748b,5
work_order:JS202410060085,work_order:JS202410060085,工单 JS202410060085,,work_order,救援工单,,local:2025年200台电梯困人工单数据.xlsx,,,,2,11.0,#64748b,5
work_order:JS202410060088,work_order:JS202410060088,工单 JS202410060088,,work_order,救援工单,,local:2025年200台电梯困人工单数据.xlsx,,,,1,14.0,#64748b,5
work_order:JS202410070080,work_order:JS202410070080,工单 JS202410070080,,work_order,救援工单,,local:2025年200台电梯困人工单数据.xlsx,,,,1,20.0,#64748b,5
work_order:JS202410080033,work_order:JS202410080033,工单 JS202410080033,,work_order,救援工单,,local:2025年200台电梯困人工单数据.xlsx,,,,2,12.0,#64748b,5
work_order:JS202410080120,work_order:JS202410080120,工单 JS202410080120,,work_order,救援工单,,local:2025年200台电梯困人工单数据.xlsx,,,,2,15.0,#64748b,5
work_order:JS202410100049,work_order:JS202410100049,工单 JS202410100049,,work_order,救援工单,,local:2025年200台电梯困人工单数据.xlsx,,,,1,20.0,#64748b,5
work_order:JS202410100072,work_order:JS202410100072,工单 JS202410100072,,work_order,救援工单,,local:2025年200台电梯困人工单数据.xlsx,,,,1,11.0,#64748b,5
work_order:JS202410110060,work_order:JS202410110060,工单 JS202410110060,,work_order,救援工单,,local:2025年200台电梯困人工单数据.xlsx,,,,2,29.0,#64748b,5
work_order:JS202410120046,work_order:JS202410120046,工单 JS202410120046,,work_order,救援工单,,local:2025年200台电梯困人工单数据.xlsx,,,,1,1.0,#64748b,5
work_order:JS202410120075,work_order:JS202410120075,工单 JS202410120075,,work_order,救援工单,,local:2025年200台电梯困人工单数据.xlsx,,,,10,16.0,#64748b,5
work_order:JS202410130121,work_order:JS202410130121,工单 JS202410130121,,work_order,救援工单,,local:2025年200台电梯困人工单数据.xlsx,,,,5,5.0,#64748b,5
work_order:JS202410150011,work_order:JS202410150011,工单 JS202410150011,,work_order,救援工单,,local:2025年200台电梯困人工单数据.xlsx,,,,1,6.0,#64748b,5
work_order:JS202410150056,work_order:JS202410150056,工单 JS202410150056,,work_order,救援工单,,local:2025年200台电梯困人工单数据.xlsx,,,,1,16.0,#64748b,5
work_order:JS202410170077,work_order:JS202410170077,工单 JS202410170077,,work_order,救援工单,,local:2025年200台电梯困人工单数据.xlsx,,,,5,16.0,#64748b,5
work_order:JS202410180121,work_order:JS202410180121,工单 JS202410180121,,work_order,救援工单,,local:2025年200台电梯困人工单数据.xlsx,,,,4,1.0,#64748b,5
work_order:JS202410190095,work_order:JS202410190095,工单 JS202410190095,,work_order,救援工单,,local:2025年200台电梯困人工单数据.xlsx,,,,1,13.0,#64748b,5
work_order:JS202410190112,work_order:JS202410190112,工单 JS202410190112,,work_order,救援工单,,local:2025年200台电梯困人工单数据.xlsx,,,,2,10.0,#64748b,5
work_order:JS202410200122,work_order:JS202410200122,工单 JS202410200122,,work_order,救援工单,,local:2025年200台电梯困人工单数据.xlsx,,,,2,19.0,#64748b,5
work_order:JS202410230076,work_order:JS202410230076,工单 JS202410230076,,work_order,救援工单,,local:2025年200台电梯困人工单数据.xlsx,,,,2,5.0,#64748b,5
work_order:JS202410240066,work_order:JS202410240066,工单 JS202410240066,,work_order,救援工单,,local:2025年200台电梯困人工单数据.xlsx,,,,1,8.0,#64748b,5
work_order:JS202410240118,work_order:JS202410240118,工单 JS202410240118,,work_order,救援工单,,local:2025年200台电梯困人工单数据.xlsx,,,,8,5.0,#64748b,5
work_order:JS202410250042,work_order:JS202410250042,工单 JS202410250042,,work_order,救援工单,,local:2025年200台电梯困人工单数据.xlsx,,,,1,4.0,#64748b,5
work_order:JS202410250087,work_order:JS202410250087,工单 JS202410250087,,work_order,救援工单,,local:2025年200台电梯困人工单数据.xlsx,,,,1,8.0,#64748b,5
work_order:JS202410270027,work_order:JS202410270027,工单 JS202410270027,,work_order,救援工单,,local:2025年200台电梯困人工单数据.xlsx,,,,1,26.0,#64748b,5
work_order:JS202410280017,work_order:JS202410280017,工单 JS202410280017,,work_order,救援工单,,local:2025年200台电梯困人工单数据.xlsx,,,,1,20.0,#64748b,5
work_order:JS202410280102,work_order:JS202410280102,工单 JS202410280102,,work_order,救援工单,,local:2025年200台电梯困人工单数据.xlsx,,,,1,5.0,#64748b,5
work_order:JS202410290097,work_order:JS202410290097,工单 JS202410290097,,work_order,救援工单,,local:2025年200台电梯困人工单数据.xlsx,,,,1,5.0,#64748b,5
work_order:JS202411020002,work_order:JS202411020002,工单 JS202411020002,,work_order,救援工单,,local:2025年200台电梯困人工单数据.xlsx,,,,1,1.0,#64748b,5
work_order:JS202411030095,work_order:JS202411030095,工单 JS202411030095,,work_order,救援工单,,local:2025年200台电梯困人工单数据.xlsx,,,,3,20.0,#64748b,5
work_order:JS202411050072,work_order:JS202411050072,工单 JS202411050072,,work_order,救援工单,,local:2025年200台电梯困人工单数据.xlsx,,,,1,12.0,#64748b,5
work_order:JS202411060018,work_order:JS202411060018,工单 JS202411060018,,work_order,救援工单,,local:2025年200台电梯困人工单数据.xlsx,,,,3,3.0,#64748b,5
work_order:JS202411060028,work_order:JS202411060028,工单 JS202411060028,,work_order,救援工单,,local:2025年200台电梯困人工单数据.xlsx,,,,3,7.0,#64748b,5
work_order:JS202411070027,work_order:JS202411070027,工单 JS202411070027,,work_order,救援工单,,local:2025年200台电梯困人工单数据.xlsx,,,,1,8.0,#64748b,5
work_order:JS202411080013,work_order:JS202411080013,工单 JS202411080013,,work_order,救援工单,,local:2025年200台电梯困人工单数据.xlsx,,,,1,16.0,#64748b,5
work_order:JS202411080046,work_order:JS202411080046,工单 JS202411080046,,work_order,救援工单,,local:2025年200台电梯困人工单数据.xlsx,,,,1,5.0,#64748b,5
work_order:JS202411080066,work_order:JS202411080066,工单 JS202411080066,,work_order,救援工单,,local:2025年200台电梯困人工单数据.xlsx,,,,1,5.0,#64748b,5
work_order:JS202411100049,work_order:JS202411100049,工单 JS202411100049,,work_order,救援工单,,local:2025年200台电梯困人工单数据.xlsx,,,,1,12.0,#64748b,5
work_order:JS202411100069,work_order:JS202411100069,工单 JS202411100069,,work_order,救援工单,,local:2025年200台电梯困人工单数据.xlsx,,,,4,4.0,#64748b,5
work_order:JS202411110093,work_order:JS202411110093,工单 JS202411110093,,work_order,救援工单,,local:2025年200台电梯困人工单数据.xlsx,,,,1,13.0,#64748b,5
work_order:JS202411120056,work_order:JS202411120056,工单 JS202411120056,,work_order,救援工单,,local:2025年200台电梯困人工单数据.xlsx,,,,1,12.0,#64748b,5
work_order:JS202411130007,work_order:JS202411130007,工单 JS202411130007,,work_order,救援工单,,local:2025年200台电梯困人工单数据.xlsx,,,,1,9.0,#64748b,5
work_order:JS202411130031,work_order:JS202411130031,工单 JS202411130031,,work_order,救援工单,,local:2025年200台电梯困人工单数据.xlsx,,,,1,21.0,#64748b,5
work_order:JS202411140055,work_order:JS202411140055,工单 JS202411140055,,work_order,救援工单,,local:2025年200台电梯困人工单数据.xlsx,,,,1,2.0,#64748b,5
work_order:JS202411150092,work_order:JS202411150092,工单 JS202411150092,,work_order,救援工单,,local:2025年200台电梯困人工单数据.xlsx,,,,1,13.0,#64748b,5
work_order:JS202411170025,work_order:JS202411170025,工单 JS202411170025,,work_order,救援工单,,local:2025年200台电梯困人工单数据.xlsx,,,,1,16.0,#64748b,5
work_order:JS202411170071,work_order:JS202411170071,工单 JS202411170071,,work_order,救援工单,,local:2025年200台电梯困人工单数据.xlsx,,,,12,6.0,#64748b,5
work_order:JS202411180103,work_order:JS202411180103,工单 JS202411180103,,work_order,救援工单,,local:2025年200台电梯困人工单数据.xlsx,,,,1,13.0,#64748b,5
work_order:JS202411210087,work_order:JS202411210087,工单 JS202411210087,,work_order,救援工单,,local:2025年200台电梯困人工单数据.xlsx,,,,1,14.0,#64748b,5
work_order:JS202411210105,work_order:JS202411210105,工单 JS202411210105,,work_order,救援工单,,local:2025年200台电梯困人工单数据.xlsx,,,,1,5.0,#64748b,5
work_order:JS202411220002,work_order:JS202411220002,工单 JS202411220002,,work_order,救援工单,,local:2025年200台电梯困人工单数据.xlsx,,,,1,6.0,#64748b,5
work_order:JS202411220020,work_order:JS202411220020,工单 JS202411220020,,work_order,救援工单,,local:2025年200台电梯困人工单数据.xlsx,,,,1,13.0,#64748b,5
work_order:JS202411220099,work_order:JS202411220099,工单 JS202411220099,,work_order,救援工单,,local:2025年200台电梯困人工单数据.xlsx,,,,1,11.0,#64748b,5
work_order:JS202411220106,work_order:JS202411220106,工单 JS202411220106,,work_order,救援工单,,local:2025年200台电梯困人工单数据.xlsx,,,,2,11.0,#64748b,5
work_order:JS202411220110,work_order:JS202411220110,工单 JS202411220110,,work_order,救援工单,,local:2025年200台电梯困人工单数据.xlsx,,,,2,1.0,#64748b,5
work_order:JS202411240081,work_order:JS202411240081,工单 JS202411240081,,work_order,救援工单,,local:2025年200台电梯困人工单数据.xlsx,,,,1,23.0,#64748b,5
work_order:JS202411240098,work_order:JS202411240098,工单 JS202411240098,,work_order,救援工单,,local:2025年200台电梯困人工单数据.xlsx,,,,3,16.0,#64748b,5
work_order:JS202411240125,work_order:JS202411240125,工单 JS202411240125,,work_order,救援工单,,local:2025年200台电梯困人工单数据.xlsx,,,,4,11.0,#64748b,5
work_order:JS202411250075,work_order:JS202411250075,工单 JS202411250075,,work_order,救援工单,,local:2025年200台电梯困人工单数据.xlsx,,,,1,7.0,#64748b,5
work_order:JS202411260065,work_order:JS202411260065,工单 JS202411260065,,work_order,救援工单,,local:2025年200台电梯困人工单数据.xlsx,,,,1,5.0,#64748b,5
work_order:JS202411260151,work_order:JS202411260151,工单 JS202411260151,,work_order,救援工单,,local:2025年200台电梯困人工单数据.xlsx,,,,1,14.0,#64748b,5
work_order:JS202411270054,work_order:JS202411270054,工单 JS202411270054,,work_order,救援工单,,local:2025年200台电梯困人工单数据.xlsx,,,,1,15.0,#64748b,5
work_order:JS202411280044,work_order:JS202411280044,工单 JS202411280044,,work_order,救援工单,,local:2025年200台电梯困人工单数据.xlsx,,,,1,5.0,#64748b,5
work_order:JS202411280081,work_order:JS202411280081,工单 JS202411280081,,work_order,救援工单,,local:2025年200台电梯困人工单数据.xlsx,,,,2,4.0,#64748b,5
work_order:JS202411280088,work_order:JS202411280088,工单 JS202411280088,,work_order,救援工单,,local:2025年200台电梯困人工单数据.xlsx,,,,1,5.0,#64748b,5
work_order:JS202411300032,work_order:JS202411300032,工单 JS202411300032,,work_order,救援工单,,local:2025年200台电梯困人工单数据.xlsx,,,,1,17.0,#64748b,5
work_order:JS202412010032,work_order:JS202412010032,工单 JS202412010032,,work_order,救援工单,,local:2025年200台电梯困人工单数据.xlsx,,,,1,18.0,#64748b,5
work_order:JS202412010033,work_order:JS202412010033,工单 JS202412010033,,work_order,救援工单,,local:2025年200台电梯困人工单数据.xlsx,,,,1,5.0,#64748b,5
work_order:JS202412010097,work_order:JS202412010097,工单 JS202412010097,,work_order,救援工单,,local:2025年200台电梯困人工单数据.xlsx,,,,2,13.0,#64748b,5
work_order:JS202412020024,work_order:JS202412020024,工单 JS202412020024,,work_order,救援工单,,local:2025年200台电梯困人工单数据.xlsx,,,,1,5.0,#64748b,5
work_order:JS202412020115,work_order:JS202412020115,工单 JS202412020115,,work_order,救援工单,,local:2025年200台电梯困人工单数据.xlsx,,,,1,15.0,#64748b,5
work_order:JS202412030061,work_order:JS202412030061,工单 JS202412030061,,work_order,救援工单,,local:2025年200台电梯困人工单数据.xlsx,,,,1,22.0,#64748b,5
work_order:JS202412030068,work_order:JS202412030068,工单 JS202412030068,,work_order,救援工单,,local:2025年200台电梯困人工单数据.xlsx,,,,1,6.0,#64748b,5
work_order:JS202412040099,work_order:JS202412040099,工单 JS202412040099,,work_order,救援工单,,local:2025年200台电梯困人工单数据.xlsx,,,,1,2.0,#64748b,5
work_order:JS202412070036,work_order:JS202412070036,工单 JS202412070036,,work_order,救援工单,,local:2025年200台电梯困人工单数据.xlsx,,,,1,16.0,#64748b,5
work_order:JS202412070041,work_order:JS202412070041,工单 JS202412070041,,work_order,救援工单,,local:2025年200台电梯困人工单数据.xlsx,,,,1,6.0,#64748b,5
work_order:JS202412080002,work_order:JS202412080002,工单 JS202412080002,,work_order,救援工单,,local:2025年200台电梯困人工单数据.xlsx,,,,1,26.0,#64748b,5
work_order:JS202412080034,work_order:JS202412080034,工单 JS202412080034,,work_order,救援工单,,local:2025年200台电梯困人工单数据.xlsx,,,,1,17.0,#64748b,5
work_order:JS202412080058,work_order:JS202412080058,工单 JS202412080058,,work_order,救援工单,,local:2025年200台电梯困人工单数据.xlsx,,,,1,5.0,#64748b,5
work_order:JS202412080168,work_order:JS202412080168,工单 JS202412080168,,work_order,救援工单,,local:2025年200台电梯困人工单数据.xlsx,,,,1,26.0,#64748b,5
work_order:JS202412080171,work_order:JS202412080171,工单 JS202412080171,,work_order,救援工单,,local:2025年200台电梯困人工单数据.xlsx,,,,1,11.0,#64748b,5
work_order:JS202412090010,work_order:JS202412090010,工单 JS202412090010,,work_order,救援工单,,local:2025年200台电梯困人工单数据.xlsx,,,,1,23.0,#64748b,5
work_order:JS202412090078,work_order:JS202412090078,工单 JS202412090078,,work_order,救援工单,,local:2025年200台电梯困人工单数据.xlsx,,,,1,5.0,#64748b,5
work_order:JS202412100013,work_order:JS202412100013,工单 JS202412100013,,work_order,救援工单,,local:2025年200台电梯困人工单数据.xlsx,,,,1,17.0,#64748b,5
work_order:JS202412110067,work_order:JS202412110067,工单 JS202412110067,,work_order,救援工单,,local:2025年200台电梯困人工单数据.xlsx,,,,3,10.0,#64748b,5
work_order:JS202412110108,work_order:JS202412110108,工单 JS202412110108,,work_order,救援工单,,local:2025年200台电梯困人工单数据.xlsx,,,,2,5.0,#64748b,5
work_order:JS202412120015,work_order:JS202412120015,工单 JS202412120015,,work_order,救援工单,,local:2025年200台电梯困人工单数据.xlsx,,,,1,24.0,#64748b,5
work_order:JS202412120118,work_order:JS202412120118,工单 JS202412120118,,work_order,救援工单,,local:2025年200台电梯困人工单数据.xlsx,,,,1,14.0,#64748b,5
work_order:JS202412120144,work_order:JS202412120144,工单 JS202412120144,,work_order,救援工单,,local:2025年200台电梯困人工单数据.xlsx,,,,1,27.0,#64748b,5
work_order:JS202412130045,work_order:JS202412130045,工单 JS202412130045,,work_order,救援工单,,local:2025年200台电梯困人工单数据.xlsx,,,,1,20.0,#64748b,5
work_order:JS202412140036,work_order:JS202412140036,工单 JS202412140036,,work_order,救援工单,,local:2025年200台电梯困人工单数据.xlsx,,,,1,1.0,#64748b,5
work_order:JS202412140146,work_order:JS202412140146,工单 JS202412140146,,work_order,救援工单,,local:2025年200台电梯困人工单数据.xlsx,,,,1,21.0,#64748b,5
work_order:JS202412150013,work_order:JS202412150013,工单 JS202412150013,,work_order,救援工单,,local:2025年200台电梯困人工单数据.xlsx,,,,1,22.0,#64748b,5
work_order:JS202412150172,work_order:JS202412150172,工单 JS202412150172,,work_order,救援工单,,local:2025年200台电梯困人工单数据.xlsx,,,,2,17.0,#64748b,5
work_order:JS202412150183,work_order:JS202412150183,工单 JS202412150183,,work_order,救援工单,,local:2025年200台电梯困人工单数据.xlsx,,,,1,30.0,#64748b,5
work_order:JS202412160126,work_order:JS202412160126,工单 JS202412160126,,work_order,救援工单,,local:2025年200台电梯困人工单数据.xlsx,,,,1,14.0,#64748b,5
work_order:JS202412170075,work_order:JS202412170075,工单 JS202412170075,,work_order,救援工单,,local:2025年200台电梯困人工单数据.xlsx,,,,1,12.0,#64748b,5
work_order:JS202412170123,work_order:JS202412170123,工单 JS202412170123,,work_order,救援工单,,local:2025年200台电梯困人工单数据.xlsx,,,,1,4.0,#64748b,5
work_order:JS202412180031,work_order:JS202412180031,工单 JS202412180031,,work_order,救援工单,,local:2025年200台电梯困人工单数据.xlsx,,,,1,5.0,#64748b,5
work_order:JS202412180053,work_order:JS202412180053,工单 JS202412180053,,work_order,救援工单,,local:2025年200台电梯困人工单数据.xlsx,,,,1,23.0,#64748b,5
work_order:JS202412180139,work_order:JS202412180139,工单 JS202412180139,,work_order,救援工单,,local:2025年200台电梯困人工单数据.xlsx,,,,1,27.0,#64748b,5
work_order:JS202412190019,work_order:JS202412190019,工单 JS202412190019,,work_order,救援工单,,local:2025年200台电梯困人工单数据.xlsx,,,,1,16.0,#64748b,5
work_order:JS202412190063,work_order:JS202412190063,工单 JS202412190063,,work_order,救援工单,,local:2025年200台电梯困人工单数据.xlsx,,,,1,19.0,#64748b,5
work_order:JS202412200038,work_order:JS202412200038,工单 JS202412200038,,work_order,救援工单,,local:2025年200台电梯困人工单数据.xlsx,,,,1,11.0,#64748b,5
work_order:JS202412200057,work_order:JS202412200057,工单 JS202412200057,,work_order,救援工单,,local:2025年200台电梯困人工单数据.xlsx,,,,1,9.0,#64748b,5
work_order:JS202412200073,work_order:JS202412200073,工单 JS202412200073,,work_order,救援工单,,local:2025年200台电梯困人工单数据.xlsx,,,,1,3.0,#64748b,5
work_order:JS202412210035,work_order:JS202412210035,工单 JS202412210035,,work_order,救援工单,,local:2025年200台电梯困人工单数据.xlsx,,,,1,8.0,#64748b,5
work_order:JS202412210132,work_order:JS202412210132,工单 JS202412210132,,work_order,救援工单,,local:2025年200台电梯困人工单数据.xlsx,,,,2,10.0,#64748b,5
work_order:JS202412210147,work_order:JS202412210147,工单 JS202412210147,,work_order,救援工单,,local:2025年200台电梯困人工单数据.xlsx,,,,1,10.0,#64748b,5
work_order:JS202412240012,work_order:JS202412240012,工单 JS202412240012,,work_order,救援工单,,local:2025年200台电梯困人工单数据.xlsx,,,,3,6.0,#64748b,5
work_order:JS202412240098,work_order:JS202412240098,工单 JS202412240098,,work_order,救援工单,,local:2025年200台电梯困人工单数据.xlsx,,,,2,9.0,#64748b,5
work_order:JS202412240100,work_order:JS202412240100,工单 JS202412240100,,work_order,救援工单,,local:2025年200台电梯困人工单数据.xlsx,,,,4,5.0,#64748b,5
work_order:JS202412250085,work_order:JS202412250085,工单 JS202412250085,,work_order,救援工单,,local:2025年200台电梯困人工单数据.xlsx,,,,1,14.0,#64748b,5
work_order:JS202412260057,work_order:JS202412260057,工单 JS202412260057,,work_order,救援工单,,local:2025年200台电梯困人工单数据.xlsx,,,,1,18.0,#64748b,5
work_order:JS202412300055,work_order:JS202412300055,工单 JS202412300055,,work_order,救援工单,,local:2025年200台电梯困人工单数据.xlsx,,,,1,20.0,#64748b,5
work_order:JY20250113018740,work_order:JY20250113018740,工单 JY20250113018740,,work_order,救援工单,,local:2025年200台电梯困人工单数据.xlsx,,,,1,10.0,#64748b,5
work_order:JY20250323019631,work_order:JY20250323019631,工单 JY20250323019631,,work_order,救援工单,,local:2025年200台电梯困人工单数据.xlsx,,,,11,5.0,#64748b,5
work_order:JY20250502020129,work_order:JY20250502020129,工单 JY20250502020129,,work_order,救援工单,,local:2025年200台电梯困人工单数据.xlsx,,,,3,8.0,#64748b,5
work_order:JY20250525020469,work_order:JY20250525020469,工单 JY20250525020469,,work_order,救援工单,,local:2025年200台电梯困人工单数据.xlsx,,,,2,5.0,#64748b,5
work_order:JY20250803021537,work_order:JY20250803021537,工单 JY20250803021537,,work_order,救援工单,,local:2025年200台电梯困人工单数据.xlsx,,,,8,14.0,#64748b,5
work_order:JY20250813021708,work_order:JY20250813021708,工单 JY20250813021708,,work_order,救援工单,,local:2025年200台电梯困人工单数据.xlsx,,,,6,7.0,#64748b,5
work_order:JY20250819013138,work_order:JY20250819013138,工单 JY20250819013138,,work_order,救援工单,,local:2025年200台电梯困人工单数据.xlsx,,,,1,-1.0,#64748b,5
work_order:JY20251102013705,work_order:JY20251102013705,工单 JY20251102013705,,work_order,救援工单,,local:2025年200台电梯困人工单数据.xlsx,,,,2,5.0,#64748b,5
work_order:JY20251117013810,work_order:JY20251117013810,工单 JY20251117013810,,work_order,救援工单,,local:2025年200台电梯困人工单数据.xlsx,,,,1,1.0,#64748b,5
work_order:JY20251126013894,work_order:JY20251126013894,工单 JY20251126013894,,work_order,救援工单,,local:2025年200台电梯困人工单数据.xlsx,,,,2,-5.0,#64748b,5
work_order:JY20251225014092,work_order:JY20251225014092,工单 JY20251225014092,,work_order,救援工单,,local:2025年200台电梯困人工单数据.xlsx,,,,1,5.0,#64748b,5
work_order:JY20260110014211,work_order:JY20260110014211,工单 JY20260110014211,,work_order,救援工单,,local:2025年200台电梯困人工单数据.xlsx,,,,1,5.0,#64748b,5
work_order:JY20260126014356,work_order:JY20260126014356,工单 JY20260126014356,,work_order,救援工单,,local:2025年200台电梯困人工单数据.xlsx,,,,3,-1.0,#64748b,5
work_order:JY20260225014537,work_order:JY20260225014537,工单 JY20260225014537,,work_order,救援工单,,local:2025年200台电梯困人工单数据.xlsx,,,,1,-1.0,#64748b,5
work_order:JY20260303014561,work_order:JY20260303014561,工单 JY20260303014561,,work_order,救援工单,,local:2025年200台电梯困人工单数据.xlsx,,,,2,5.0,#64748b,5
work_order:JY20260307014576,work_order:JY20260307014576,工单 JY20260307014576,,work_order,救援工单,,local:2025年200台电梯困人工单数据.xlsx,,,,1,5.0,#64748b,5
work_order:JY20260330014706,work_order:JY20260330014706,工单 JY20260330014706,,work_order,救援工单,,local:2025年200台电梯困人工单数据.xlsx,,,,1,-4.0,#64748b,5
work_order:XZJY20250102033257,work_order:XZJY20250102033257,工单 XZJY20250102033257,,work_order,救援工单,,local:2025年200台电梯困人工单数据.xlsx,,,,1,,#64748b,5
work_order:XZJY20250123033656,work_order:XZJY20250123033656,工单 XZJY20250123033656,,work_order,救援工单,,local:2025年200台电梯困人工单数据.xlsx,,,,1,5.0,#64748b,5
work_order:XZJY20250124033667,work_order:XZJY20250124033667,工单 XZJY20250124033667,,work_order,救援工单,,local:2025年200台电梯困人工单数据.xlsx,,,,2,8.0,#64748b,5
work_order:XZJY20250202033841,work_order:XZJY20250202033841,工单 XZJY20250202033841,,work_order,救援工单,,local:2025年200台电梯困人工单数据.xlsx,,,,3,10.0,#64748b,5
work_order:XZJY20250203033851,work_order:XZJY20250203033851,工单 XZJY20250203033851,,work_order,救援工单,,local:2025年200台电梯困人工单数据.xlsx,,,,1,22.0,#64748b,5
work_order:XZJY20250221034220,work_order:XZJY20250221034220,工单 XZJY20250221034220,,work_order,救援工单,,local:2025年200台电梯困人工单数据.xlsx,,,,1,13.0,#64748b,5
work_order:XZJY20250305034409,work_order:XZJY20250305034409,工单 XZJY20250305034409,,work_order,救援工单,,local:2025年200台电梯困人工单数据.xlsx,,,,1,17.0,#64748b,5
work_order:XZJY20250306034422,work_order:XZJY20250306034422,工单 XZJY20250306034422,,work_order,救援工单,,local:2025年200台电梯困人工单数据.xlsx,,,,2,14.0,#64748b,5
work_order:XZJY20250310034475,work_order:XZJY20250310034475,工单 XZJY20250310034475,,work_order,救援工单,,local:2025年200台电梯困人工单数据.xlsx,,,,1,6.0,#64748b,5
work_order:XZJY20250327034799,work_order:XZJY20250327034799,工单 XZJY20250327034799,,work_order,救援工单,,local:2025年200台电梯困人工单数据.xlsx,,,,1,1.0,#64748b,5
work_order:XZJY20250327034807,work_order:XZJY20250327034807,工单 XZJY20250327034807,,work_order,救援工单,,local:2025年200台电梯困人工单数据.xlsx,,,,4,1.0,#64748b,5
work_order:XZJY20250329034841,work_order:XZJY20250329034841,工单 XZJY20250329034841,,work_order,救援工单,,local:2025年200台电梯困人工单数据.xlsx,,,,1,17.0,#64748b,5
work_order:XZJY20250330034855,work_order:XZJY20250330034855,工单 XZJY20250330034855,,work_order,救援工单,,local:2025年200台电梯困人工单数据.xlsx,,,,1,5.0,#64748b,5
work_order:XZJY20250330034863,work_order:XZJY20250330034863,工单 XZJY20250330034863,,work_order,救援工单,,local:2025年200台电梯困人工单数据.xlsx,,,,1,12.0,#64748b,5
work_order:XZJY20250405034942,work_order:XZJY20250405034942,工单 XZJY20250405034942,,work_order,救援工单,,local:2025年200台电梯困人工单数据.xlsx,,,,1,5.0,#64748b,5
work_order:XZJY20250423035263,work_order:XZJY20250423035263,工单 XZJY20250423035263,,work_order,救援工单,,local:2025年200台电梯困人工单数据.xlsx,,,,5,2.0,#64748b,5
work_order:XZJY20250427035348,work_order:XZJY20250427035348,工单 XZJY20250427035348,,work_order,救援工单,,local:2025年200台电梯困人工单数据.xlsx,,,,2,8.0,#64748b,5
work_order:XZJY20250429035376,work_order:XZJY20250429035376,工单 XZJY20250429035376,,work_order,救援工单,,local:2025年200台电梯困人工单数据.xlsx,,,,4,13.0,#64748b,5
work_order:XZJY20250430035395,work_order:XZJY20250430035395,工单 XZJY20250430035395,,work_order,救援工单,,local:2025年200台电梯困人工单数据.xlsx,,,,1,,#64748b,5
work_order:XZJY20250503035455,work_order:XZJY20250503035455,工单 XZJY20250503035455,,work_order,救援工单,,local:2025年200台电梯困人工单数据.xlsx,,,,1,11.0,#64748b,5
work_order:XZJY20250506035500,work_order:XZJY20250506035500,工单 XZJY20250506035500,,work_order,救援工单,,local:2025年200台电梯困人工单数据.xlsx,,,,3,,#64748b,5
work_order:XZJY20250507035506,work_order:XZJY20250507035506,工单 XZJY20250507035506,,work_order,救援工单,,local:2025年200台电梯困人工单数据.xlsx,,,,3,1.0,#64748b,5
work_order:XZJY20250507035507,work_order:XZJY20250507035507,工单 XZJY20250507035507,,work_order,救援工单,,local:2025年200台电梯困人工单数据.xlsx,,,,1,,#64748b,5
work_order:XZJY20250510035569,work_order:XZJY20250510035569,工单 XZJY20250510035569,,work_order,救援工单,,local:2025年200台电梯困人工单数据.xlsx,,,,10,14.0,#64748b,5
work_order:XZJY20250510035570,work_order:XZJY20250510035570,工单 XZJY20250510035570,,work_order,救援工单,,local:2025年200台电梯困人工单数据.xlsx,,,,1,,#64748b,5
work_order:XZJY20250513035627,work_order:XZJY20250513035627,工单 XZJY20250513035627,,work_order,救援工单,,local:2025年200台电梯困人工单数据.xlsx,,,,1,14.0,#64748b,5
work_order:XZJY20250514035641,work_order:XZJY20250514035641,工单 XZJY20250514035641,,work_order,救援工单,,local:2025年200台电梯困人工单数据.xlsx,,,,1,22.0,#64748b,5
work_order:XZJY20250524035865,work_order:XZJY20250524035865,工单 XZJY20250524035865,,work_order,救援工单,,local:2025年200台电梯困人工单数据.xlsx,,,,3,,#64748b,5
work_order:XZJY20250525035875,work_order:XZJY20250525035875,工单 XZJY20250525035875,,work_order,救援工单,,local:2025年200台电梯困人工单数据.xlsx,,,,1,18.0,#64748b,5
work_order:XZJY20250525035884,work_order:XZJY20250525035884,工单 XZJY20250525035884,,work_order,救援工单,,local:2025年200台电梯困人工单数据.xlsx,,,,2,9.0,#64748b,5
work_order:XZJY20250527035929,work_order:XZJY20250527035929,工单 XZJY20250527035929,,work_order,救援工单,,local:2025年200台电梯困人工单数据.xlsx,,,,1,20.0,#64748b,5
work_order:XZJY20250531035989,work_order:XZJY20250531035989,工单 XZJY20250531035989,,work_order,救援工单,,local:2025年200台电梯困人工单数据.xlsx,,,,3,5.0,#64748b,5
work_order:XZJY20250601036017,work_order:XZJY20250601036017,工单 XZJY20250601036017,,work_order,救援工单,,local:2025年200台电梯困人工单数据.xlsx,,,,1,5.0,#64748b,5
work_order:XZJY20250602036043,work_order:XZJY20250602036043,工单 XZJY20250602036043,,work_order,救援工单,,local:2025年200台电梯困人工单数据.xlsx,,,,1,8.0,#64748b,5
work_order:XZJY20250611036226,work_order:XZJY20250611036226,工单 XZJY20250611036226,,work_order,救援工单,,local:2025年200台电梯困人工单数据.xlsx,,,,1,1.0,#64748b,5
work_order:XZJY20250617036344,work_order:XZJY20250617036344,工单 XZJY20250617036344,,work_order,救援工单,,local:2025年200台电梯困人工单数据.xlsx,,,,1,5.0,#64748b,5
work_order:XZJY20250620036409,work_order:XZJY20250620036409,工单 XZJY20250620036409,,work_order,救援工单,,local:2025年200台电梯困人工单数据.xlsx,,,,1,,#64748b,5
work_order:XZJY20250622036445,work_order:XZJY20250622036445,工单 XZJY20250622036445,,work_order,救援工单,,local:2025年200台电梯困人工单数据.xlsx,,,,1,15.0,#64748b,5
work_order:XZJY20250622036454,work_order:XZJY20250622036454,工单 XZJY20250622036454,,work_order,救援工单,,local:2025年200台电梯困人工单数据.xlsx,,,,1,5.0,#64748b,5
work_order:XZJY20250630036608,work_order:XZJY20250630036608,工单 XZJY20250630036608,,work_order,救援工单,,local:2025年200台电梯困人工单数据.xlsx,,,,1,16.0,#64748b,5
work_order:XZJY20250702036652,work_order:XZJY20250702036652,工单 XZJY20250702036652,,work_order,救援工单,,local:2025年200台电梯困人工单数据.xlsx,,,,3,,#64748b,5
work_order:XZJY20250709036859,work_order:XZJY20250709036859,工单 XZJY20250709036859,,work_order,救援工单,,local:2025年200台电梯困人工单数据.xlsx,,,,1,,#64748b,5
work_order:XZJY20250712036942,work_order:XZJY20250712036942,工单 XZJY20250712036942,,work_order,救援工单,,local:2025年200台电梯困人工单数据.xlsx,,,,1,12.0,#64748b,5
work_order:XZJY20250714036971,work_order:XZJY20250714036971,工单 XZJY20250714036971,,work_order,救援工单,,local:2025年200台电梯困人工单数据.xlsx,,,,5,5.0,#64748b,5
work_order:XZJY20250725037221,work_order:XZJY20250725037221,工单 XZJY20250725037221,,work_order,救援工单,,local:2025年200台电梯困人工单数据.xlsx,,,,2,13.0,#64748b,5
work_order:XZJY20250801037362,work_order:XZJY20250801037362,工单 XZJY20250801037362,,work_order,救援工单,,local:2025年200台电梯困人工单数据.xlsx,,,,5,3.0,#64748b,5
work_order:XZJY20250809037543,work_order:XZJY20250809037543,工单 XZJY20250809037543,,work_order,救援工单,,local:2025年200台电梯困人工单数据.xlsx,,,,2,,#64748b,5
work_order:XZJY20250810037575,work_order:XZJY20250810037575,工单 XZJY20250810037575,,work_order,救援工单,,local:2025年200台电梯困人工单数据.xlsx,,,,1,12.0,#64748b,5
work_order:XZJY20250815037679,work_order:XZJY20250815037679,工单 XZJY20250815037679,,work_order,救援工单,,local:2025年200台电梯困人工单数据.xlsx,,,,2,13.0,#64748b,5
work_order:XZJY20250819037769,work_order:XZJY20250819037769,工单 XZJY20250819037769,,work_order,救援工单,,local:2025年200台电梯困人工单数据.xlsx,,,,1,18.0,#64748b,5
work_order:XZJY20250822037840,work_order:XZJY20250822037840,工单 XZJY20250822037840,,work_order,救援工单,,local:2025年200台电梯困人工单数据.xlsx,,,,2,,#64748b,5
work_order:XZJY20250823037844,work_order:XZJY20250823037844,工单 XZJY20250823037844,,work_order,救援工单,,local:2025年200台电梯困人工单数据.xlsx,,,,1,,#64748b,5
work_order:XZJY20250823037856,work_order:XZJY20250823037856,工单 XZJY20250823037856,,work_order,救援工单,,local:2025年200台电梯困人工单数据.xlsx,,,,2,17.0,#64748b,5
work_order:XZJY20250901038031,work_order:XZJY20250901038031,工单 XZJY20250901038031,,work_order,救援工单,,local:2025年200台电梯困人工单数据.xlsx,,,,2,7.0,#64748b,5
work_order:XZJY20250905038121,work_order:XZJY20250905038121,工单 XZJY20250905038121,,work_order,救援工单,,local:2025年200台电梯困人工单数据.xlsx,,,,1,19.0,#64748b,5
work_order:XZJY20250905038123,work_order:XZJY20250905038123,工单 XZJY20250905038123,,work_order,救援工单,,local:2025年200台电梯困人工单数据.xlsx,,,,1,2.0,#64748b,5
work_order:XZJY20250911038248,work_order:XZJY20250911038248,工单 XZJY20250911038248,,work_order,救援工单,,local:2025年200台电梯困人工单数据.xlsx,,,,1,5.0,#64748b,5
work_order:XZJY20250912038287,work_order:XZJY20250912038287,工单 XZJY20250912038287,,work_order,救援工单,,local:2025年200台电梯困人工单数据.xlsx,,,,1,9.0,#64748b,5
work_order:XZJY20250915038354,work_order:XZJY20250915038354,工单 XZJY20250915038354,,work_order,救援工单,,local:2025年200台电梯困人工单数据.xlsx,,,,1,5.0,#64748b,5
work_order:XZJY20250918038451,work_order:XZJY20250918038451,工单 XZJY20250918038451,,work_order,救援工单,,local:2025年200台电梯困人工单数据.xlsx,,,,8,18.0,#64748b,5
work_order:XZJY20250919038481,work_order:XZJY20250919038481,工单 XZJY20250919038481,,work_order,救援工单,,local:2025年200台电梯困人工单数据.xlsx,,,,1,11.0,#64748b,5
work_order:XZJY20250921038523,work_order:XZJY20250921038523,工单 XZJY20250921038523,,work_order,救援工单,,local:2025年200台电梯困人工单数据.xlsx,,,,1,7.0,#64748b,5
work_order:XZJY20250924038608,work_order:XZJY20250924038608,工单 XZJY20250924038608,,work_order,救援工单,,local:2025年200台电梯困人工单数据.xlsx,,,,1,13.0,#64748b,5
work_order:XZJY20250929038693,work_order:XZJY20250929038693,工单 XZJY20250929038693,,work_order,救援工单,,local:2025年200台电梯困人工单数据.xlsx,,,,3,16.0,#64748b,5
work_order:XZJY20251002038756,work_order:XZJY20251002038756,工单 XZJY20251002038756,,work_order,救援工单,,local:2025年200台电梯困人工单数据.xlsx,,,,1,17.0,#64748b,5
work_order:XZJY20251011038968,work_order:XZJY20251011038968,工单 XZJY20251011038968,,work_order,救援工单,,local:2025年200台电梯困人工单数据.xlsx,,,,1,16.0,#64748b,5
work_order:XZJY20251013039009,work_order:XZJY20251013039009,工单 XZJY20251013039009,,work_order,救援工单,,local:2025年200台电梯困人工单数据.xlsx,,,,1,16.0,#64748b,5
work_order:XZJY20251014039021,work_order:XZJY20251014039021,工单 XZJY20251014039021,,work_order,救援工单,,local:2025年200台电梯困人工单数据.xlsx,,,,1,5.0,#64748b,5
work_order:XZJY20251016039041,work_order:XZJY20251016039041,工单 XZJY20251016039041,,work_order,救援工单,,local:2025年200台电梯困人工单数据.xlsx,,,,1,19.0,#64748b,5
work_order:XZWLJY20260108003775,work_order:XZWLJY20260108003775,工单 XZWLJY20260108003775,,work_order,救援工单,,local:2025年200台电梯困人工单数据.xlsx,,,,2,6.0,#64748b,5
work_order:XZWLJY20260111003837,work_order:XZWLJY20260111003837,工单 XZWLJY20260111003837,,work_order,救援工单,,local:2025年200台电梯困人工单数据.xlsx,,,,1,21.0,#64748b,5
work_order:XZWLJY20260114003888,work_order:XZWLJY20260114003888,工单 XZWLJY20260114003888,,work_order,救援工单,,local:2025年200台电梯困人工单数据.xlsx,,,,2,4.0,#64748b,5
work_order:XZWLJY20260115003900,work_order:XZWLJY20260115003900,工单 XZWLJY20260115003900,,work_order,救援工单,,local:2025年200台电梯困人工单数据.xlsx,,,,1,12.0,#64748b,5
work_order:XZWLJY20260118003946,work_order:XZWLJY20260118003946,工单 XZWLJY20260118003946,,work_order,救援工单,,local:2025年200台电梯困人工单数据.xlsx,,,,1,15.0,#64748b,5
work_order:XZWLJY20260202004236,work_order:XZWLJY20260202004236,工单 XZWLJY20260202004236,,work_order,救援工单,,local:2025年200台电梯困人工单数据.xlsx,,,,1,18.0,#64748b,5
work_order:XZWLJY20260204004266,work_order:XZWLJY20260204004266,工单 XZWLJY20260204004266,,work_order,救援工单,,local:2025年200台电梯困人工单数据.xlsx,,,,1,5.0,#64748b,5
work_order:XZWLJY20260205004282,work_order:XZWLJY20260205004282,工单 XZWLJY20260205004282,,work_order,救援工单,,local:2025年200台电梯困人工单数据.xlsx,,,,2,5.0,#64748b,5
work_order:XZWLJY20260208004316,work_order:XZWLJY20260208004316,工单 XZWLJY20260208004316,,work_order,救援工单,,local:2025年200台电梯困人工单数据.xlsx,,,,5,11.0,#64748b,5
work_order:XZWLJY20260212004400,work_order:XZWLJY20260212004400,工单 XZWLJY20260212004400,,work_order,救援工单,,local:2025年200台电梯困人工单数据.xlsx,,,,2,5.0,#64748b,5
work_order:XZWLJY20260215004464,work_order:XZWLJY20260215004464,工单 XZWLJY20260215004464,,work_order,救援工单,,local:2025年200台电梯困人工单数据.xlsx,,,,1,5.0,#64748b,5
work_order:XZWLJY20260217004487,work_order:XZWLJY20260217004487,工单 XZWLJY20260217004487,,work_order,救援工单,,local:2025年200台电梯困人工单数据.xlsx,,,,1,21.0,#64748b,5
work_order:XZWLJY20260218004495,work_order:XZWLJY20260218004495,工单 XZWLJY20260218004495,,work_order,救援工单,,local:2025年200台电梯困人工单数据.xlsx,,,,1,23.0,#64748b,5
work_order:XZWLJY20260219004526,work_order:XZWLJY20260219004526,工单 XZWLJY20260219004526,,work_order,救援工单,,local:2025年200台电梯困人工单数据.xlsx,,,,10,11.0,#64748b,5
work_order:XZWLJY20260219004528,work_order:XZWLJY20260219004528,工单 XZWLJY20260219004528,,work_order,救援工单,,local:2025年200台电梯困人工单数据.xlsx,,,,1,6.0,#64748b,5
work_order:XZWLJY20260219004530,work_order:XZWLJY20260219004530,工单 XZWLJY20260219004530,,work_order,救援工单,,local:2025年200台电梯困人工单数据.xlsx,,,,1,4.0,#64748b,5
work_order:XZWLJY20260219004531,work_order:XZWLJY20260219004531,工单 XZWLJY20260219004531,,work_order,救援工单,,local:2025年200台电梯困人工单数据.xlsx,,,,1,17.0,#64748b,5
work_order:XZWLJY20260223004605,work_order:XZWLJY20260223004605,工单 XZWLJY20260223004605,,work_order,救援工单,,local:2025年200台电梯困人工单数据.xlsx,,,,1,15.0,#64748b,5
work_order:XZWLJY20260227004650,work_order:XZWLJY20260227004650,工单 XZWLJY20260227004650,,work_order,救援工单,,local:2025年200台电梯困人工单数据.xlsx,,,,1,7.0,#64748b,5
work_order:XZWLJY20260228004669,work_order:XZWLJY20260228004669,工单 XZWLJY20260228004669,,work_order,救援工单,,local:2025年200台电梯困人工单数据.xlsx,,,,1,11.0,#64748b,5
work_order:XZWLJY20260305004744,work_order:XZWLJY20260305004744,工单 XZWLJY20260305004744,,work_order,救援工单,,local:2025年200台电梯困人工单数据.xlsx,,,,4,14.0,#64748b,5
work_order:XZWLJY20260320004930,work_order:XZWLJY20260320004930,工单 XZWLJY20260320004930,,work_order,救援工单,,local:2025年200台电梯困人工单数据.xlsx,,,,1,10.0,#64748b,5
work_order:XZWLJY20260323004984,work_order:XZWLJY20260323004984,工单 XZWLJY20260323004984,,work_order,救援工单,,local:2025年200台电梯困人工单数据.xlsx,,,,1,6.0,#64748b,5
work_order:XZWLJY20260325005004,work_order:XZWLJY20260325005004,工单 XZWLJY20260325005004,,work_order,救援工单,,local:2025年200台电梯困人工单数据.xlsx,,,,1,18.0,#64748b,5
work_order:XZWLJY20260331005098,work_order:XZWLJY20260331005098,工单 XZWLJY20260331005098,,work_order,救援工单,,local:2025年200台电梯困人工单数据.xlsx,,,,1,19.0,#64748b,5
work_order:XZWLJY20260405005176,work_order:XZWLJY20260405005176,工单 XZWLJY20260405005176,,work_order,救援工单,,local:2025年200台电梯困人工单数据.xlsx,,,,1,-45.0,#64748b,5
work_order:YCJY20250113018740,work_order:YCJY20250113018740,工单 YCJY20250113018740,,work_order,救援工单,,local:2025年200台电梯困人工单数据.xlsx,,,,1,10.0,#64748b,5
work_order:YCJY20250323019631,work_order:YCJY20250323019631,工单 YCJY20250323019631,,work_order,救援工单,,local:2025年200台电梯困人工单数据.xlsx,,,,11,5.0,#64748b,5
work_order:YCJY20250502020129,work_order:YCJY20250502020129,工单 YCJY20250502020129,,work_order,救援工单,,local:2025年200台电梯困人工单数据.xlsx,,,,3,8.0,#64748b,5
work_order:YCJY20250525020469,work_order:YCJY20250525020469,工单 YCJY20250525020469,,work_order,救援工单,,local:2025年200台电梯困人工单数据.xlsx,,,,2,5.0,#64748b,5
work_order:YJ202508120008,work_order:YJ202508120008,工单 YJ202508120008,,work_order,救援工单,,local:2025年200台电梯困人工单数据.xlsx,,,,1,1.0,#64748b,5
work_order:YJ202510230007,work_order:YJ202510230007,工单 YJ202510230007,,work_order,救援工单,,local:2025年200台电梯困人工单数据.xlsx,,,,1,11.0,#64748b,5
work_order:YJ202511140001,work_order:YJ202511140001,工单 YJ202511140001,,work_order,救援工单,,local:2025年200台电梯困人工单数据.xlsx,,,,1,14.0,#64748b,5
work_order:YJ202512140003,work_order:YJ202512140003,工单 YJ202512140003,,work_order,救援工单,,local:2025年200台电梯困人工单数据.xlsx,,,,1,28.0,#64748b,5
work_order:ZJJY20250209011699,work_order:ZJJY20250209011699,工单 ZJJY20250209011699,,work_order,救援工单,,local:2025年200台电梯困人工单数据.xlsx,,,,1,5.0,#64748b,5
work_order:ZJJY20250215011752,work_order:ZJJY20250215011752,工单 ZJJY20250215011752,,work_order,救援工单,,local:2025年200台电梯困人工单数据.xlsx,,,,1,1.0,#64748b,5
work_order:ZJJY20250216011757,work_order:ZJJY20250216011757,工单 ZJJY20250216011757,,work_order,救援工单,,local:2025年200台电梯困人工单数据.xlsx,,,,1,,#64748b,5
work_order:ZJJY20250429012247,work_order:ZJJY20250429012247,工单 ZJJY20250429012247,,work_order,救援工单,,local:2025年200台电梯困人工单数据.xlsx,,,,1,5.0,#64748b,5
work_order:ZJJY20250430012250,work_order:ZJJY20250430012250,工单 ZJJY20250430012250,,work_order,救援工单,,local:2025年200台电梯困人工单数据.xlsx,,,,1,5.0,#64748b,5
work_order:ZJJY20250514012344,work_order:ZJJY20250514012344,工单 ZJJY20250514012344,,work_order,救援工单,,local:2025年200台电梯困人工单数据.xlsx,,,,1,5.0,#64748b,5
work_order:ZJJY20250601012465,work_order:ZJJY20250601012465,工单 ZJJY20250601012465,,work_order,救援工单,,local:2025年200台电梯困人工单数据.xlsx,,,,1,5.0,#64748b,5
work_order:tyibs_xz_JY20251101039389,work_order:tyibs_xz_JY20251101039389,工单 tyibs_xz_JY20251101039389,,work_order,救援工单,,local:2025年200台电梯困人工单数据.xlsx,,,,1,14.0,#64748b,5
work_order:tyibs_xz_JY20251102039416,work_order:tyibs_xz_JY20251102039416,工单 tyibs_xz_JY20251102039416,,work_order,救援工单,,local:2025年200台电梯困人工单数据.xlsx,,,,1,9.0,#64748b,5
work_order:tyibs_xz_JY20251104039447,work_order:tyibs_xz_JY20251104039447,工单 tyibs_xz_JY20251104039447,,work_order,救援工单,,local:2025年200台电梯困人工单数据.xlsx,,,,2,15.0,#64748b,5
work_order:tyibs_xz_JY20251110039537,work_order:tyibs_xz_JY20251110039537,工单 tyibs_xz_JY20251110039537,,work_order,救援工单,,local:2025年200台电梯困人工单数据.xlsx,,,,1,5.0,#64748b,5
work_order:tyibs_xz_JY20251115039603,work_order:tyibs_xz_JY20251115039603,工单 tyibs_xz_JY20251115039603,,work_order,救援工单,,local:2025年200台电梯困人工单数据.xlsx,,,,2,10.0,#64748b,5
work_order:tyibs_xz_JY20251117039649,work_order:tyibs_xz_JY20251117039649,工单 tyibs_xz_JY20251117039649,,work_order,救援工单,,local:2025年200台电梯困人工单数据.xlsx,,,,1,13.0,#64748b,5
work_order:tyibs_xz_JY20251117039660,work_order:tyibs_xz_JY20251117039660,工单 tyibs_xz_JY20251117039660,,work_order,救援工单,,local:2025年200台电梯困人工单数据.xlsx,,,,1,21.0,#64748b,5
work_order:tyibs_xz_JY20251130039941,work_order:tyibs_xz_JY20251130039941,工单 tyibs_xz_JY20251130039941,,work_order,救援工单,,local:2025年200台电梯困人工单数据.xlsx,,,,2,9.0,#64748b,5
work_order:tyibs_xz_JY20251202039969,work_order:tyibs_xz_JY20251202039969,工单 tyibs_xz_JY20251202039969,,work_order,救援工单,,local:2025年200台电梯困人工单数据.xlsx,,,,1,16.0,#64748b,5
work_order:tyibs_xz_JY20251202039982,work_order:tyibs_xz_JY20251202039982,工单 tyibs_xz_JY20251202039982,,work_order,救援工单,,local:2025年200台电梯困人工单数据.xlsx,,,,2,17.0,#64748b,5
work_order:tyibs_xz_JY20251203039994,work_order:tyibs_xz_JY20251203039994,工单 tyibs_xz_JY20251203039994,,work_order,救援工单,,local:2025年200台电梯困人工单数据.xlsx,,,,1,12.0,#64748b,5
work_order:tyibs_xz_JY20260104040559,work_order:tyibs_xz_JY20260104040559,工单 tyibs_xz_JY20260104040559,,work_order,救援工单,,local:2025年200台电梯困人工单数据.xlsx,,,,10,15.0,#64748b,5
work_order:tyibs_xz_JY20260104040560,work_order:tyibs_xz_JY20260104040560,工单 tyibs_xz_JY20260104040560,,work_order,救援工单,,local:2025年200台电梯困人工单数据.xlsx,,,,1,7.0,#64748b,5
